# cmd: /usr/bin/python3 /mnt/nfs/maokao_2/Desktop/lee/aitown_addsacf (copy)/emotion_system/training/mmaffin_exp/pretrain_backbone.py --gpu 0 --epochs 3 --batch_size 32 --lr 2e-05
# started: 2026-04-23 15:06:35

======================================================================
MMAFFIn sentiment pretraining
  data    = /mnt/nfs/maokao_2/Desktop/lee/aitown_addsacf (copy)/emotion_system/training/mmaffin_exp/data/pretrain_corpus.pkl
  model   = microsoft/deberta-v3-large
  device  = cuda (CUDA_VISIBLE_DEVICES=0)
  out_pt  = /mnt/nfs/maokao_2/Desktop/lee/aitown_addsacf (copy)/emotion_system/models/mmaffin_pretrain_backbone.pt
======================================================================
  train rows: 51999 | val rows: 25998
  params: 434.5M

Epoch 1/3:   0%|          | 0/1625 [00:00<?, ?it/s]
Epoch 1/3:   0%|          | 0/1625 [00:01<?, ?it/s, acc=40.6%, loss=1.051]
Epoch 1/3:   0%|          | 1/1625 [00:01<38:14,  1.41s/it, acc=40.6%, loss=1.051]
Epoch 1/3:   0%|          | 1/1625 [00:01<38:14,  1.41s/it, acc=39.1%, loss=1.042]
Epoch 1/3:   0%|          | 2/1625 [00:01<19:06,  1.42it/s, acc=39.1%, loss=1.042]
Epoch 1/3:   0%|          | 2/1625 [00:01<19:06,  1.42it/s, acc=41.7%, loss=1.082]
Epoch 1/3:   0%|          | 3/1625 [00:01<11:39,  2.32it/s, acc=41.7%, loss=1.082]
Epoch 1/3:   0%|          | 3/1625 [00:01<11:39,  2.32it/s, acc=39.1%, loss=1.095]
Epoch 1/3:   0%|          | 4/1625 [00:01<08:55,  3.02it/s, acc=39.1%, loss=1.095]
Epoch 1/3:   0%|          | 4/1625 [00:02<08:55,  3.02it/s, acc=38.8%, loss=1.070]
Epoch 1/3:   0%|          | 5/1625 [00:02<07:18,  3.70it/s, acc=38.8%, loss=1.070]
Epoch 1/3:   0%|          | 5/1625 [00:02<07:18,  3.70it/s, acc=38.5%, loss=1.088]
Epoch 1/3:   0%|          | 6/1625 [00:02<05:45,  4.69it/s, acc=38.5%, loss=1.088]
Epoch 1/3:   0%|          | 6/1625 [00:02<05:45,  4.69it/s, acc=36.6%, loss=1.101]
Epoch 1/3:   0%|          | 7/1625 [00:02<04:47,  5.64it/s, acc=36.6%, loss=1.101]
Epoch 1/3:   0%|          | 7/1625 [00:02<04:47,  5.64it/s, acc=38.3%, loss=1.054]
Epoch 1/3:   0%|          | 8/1625 [00:02<04:27,  6.05it/s, acc=38.3%, loss=1.054]
Epoch 1/3:   0%|          | 8/1625 [00:02<04:27,  6.05it/s, acc=36.1%, loss=1.091]
Epoch 1/3:   1%|          | 9/1625 [00:02<04:02,  6.68it/s, acc=36.1%, loss=1.091]
Epoch 1/3:   1%|          | 9/1625 [00:02<04:02,  6.68it/s, acc=36.9%, loss=1.101]
Epoch 1/3:   1%|          | 10/1625 [00:02<03:40,  7.31it/s, acc=36.9%, loss=1.101]
Epoch 1/3:   1%|          | 10/1625 [00:02<03:40,  7.31it/s, acc=36.9%, loss=1.046]
Epoch 1/3:   1%|          | 11/1625 [00:02<03:43,  7.23it/s, acc=36.9%, loss=1.046]
Epoch 1/3:   1%|          | 11/1625 [00:02<03:43,  7.23it/s, acc=37.8%, loss=1.075]
Epoch 1/3:   1%|          | 12/1625 [00:02<04:05,  6.57it/s, acc=37.8%, loss=1.075]
Epoch 1/3:   1%|          | 12/1625 [00:03<04:05,  6.57it/s, acc=38.2%, loss=1.066]
Epoch 1/3:   1%|          | 13/1625 [00:03<04:28,  6.00it/s, acc=38.2%, loss=1.066]
Epoch 1/3:   1%|          | 13/1625 [00:03<04:28,  6.00it/s, acc=37.9%, loss=1.055]
Epoch 1/3:   1%|          | 14/1625 [00:03<04:12,  6.38it/s, acc=37.9%, loss=1.055]
Epoch 1/3:   1%|          | 14/1625 [00:03<04:12,  6.38it/s, acc=37.5%, loss=1.144]
Epoch 1/3:   1%|          | 15/1625 [00:03<03:45,  7.13it/s, acc=37.5%, loss=1.144]
Epoch 1/3:   1%|          | 15/1625 [00:03<03:45,  7.13it/s, acc=38.7%, loss=1.021]
Epoch 1/3:   1%|          | 16/1625 [00:03<03:26,  7.80it/s, acc=38.7%, loss=1.021]
Epoch 1/3:   1%|          | 16/1625 [00:03<03:26,  7.80it/s, acc=38.1%, loss=1.105]
Epoch 1/3:   1%|          | 17/1625 [00:03<03:46,  7.10it/s, acc=38.1%, loss=1.105]
Epoch 1/3:   1%|          | 17/1625 [00:03<03:46,  7.10it/s, acc=38.4%, loss=1.059]
Epoch 1/3:   1%|          | 18/1625 [00:03<03:32,  7.58it/s, acc=38.4%, loss=1.059]
Epoch 1/3:   1%|          | 18/1625 [00:03<03:32,  7.58it/s, acc=38.3%, loss=1.098]
Epoch 1/3:   1%|          | 19/1625 [00:03<03:19,  8.04it/s, acc=38.3%, loss=1.098]
Epoch 1/3:   1%|          | 19/1625 [00:04<03:19,  8.04it/s, acc=37.7%, loss=1.117]
Epoch 1/3:   1%|          | 20/1625 [00:04<03:51,  6.94it/s, acc=37.7%, loss=1.117]
Epoch 1/3:   1%|          | 20/1625 [00:04<03:51,  6.94it/s, acc=37.4%, loss=1.049]
Epoch 1/3:   1%|▏         | 21/1625 [00:04<04:22,  6.12it/s, acc=37.4%, loss=1.049]
Epoch 1/3:   1%|▏         | 21/1625 [00:04<04:22,  6.12it/s, acc=36.8%, loss=1.095]
Epoch 1/3:   1%|▏         | 22/1625 [00:04<04:35,  5.81it/s, acc=36.8%, loss=1.095]
Epoch 1/3:   1%|▏         | 22/1625 [00:04<04:35,  5.81it/s, acc=36.5%, loss=1.131]
Epoch 1/3:   1%|▏         | 23/1625 [00:04<04:17,  6.22it/s, acc=36.5%, loss=1.131]
Epoch 1/3:   1%|▏         | 23/1625 [00:04<04:17,  6.22it/s, acc=36.5%, loss=1.067]
Epoch 1/3:   1%|▏         | 24/1625 [00:04<03:57,  6.75it/s, acc=36.5%, loss=1.067]
Epoch 1/3:   1%|▏         | 24/1625 [00:04<03:57,  6.75it/s, acc=36.9%, loss=1.069]
Epoch 1/3:   1%|▏         | 24/1625 [00:04<03:57,  6.75it/s, acc=36.9%, loss=1.076]
Epoch 1/3:   2%|▏         | 26/1625 [00:04<03:20,  7.99it/s, acc=36.9%, loss=1.076]
Epoch 1/3:   2%|▏         | 26/1625 [00:05<03:20,  7.99it/s, acc=37.3%, loss=1.076]
Epoch 1/3:   2%|▏         | 27/1625 [00:05<03:15,  8.17it/s, acc=37.3%, loss=1.076]
Epoch 1/3:   2%|▏         | 27/1625 [00:05<03:15,  8.17it/s, acc=37.5%, loss=1.070]
Epoch 1/3:   2%|▏         | 28/1625 [00:05<03:15,  8.17it/s, acc=37.5%, loss=1.070]
Epoch 1/3:   2%|▏         | 28/1625 [00:05<03:15,  8.17it/s, acc=37.2%, loss=1.076]
Epoch 1/3:   2%|▏         | 29/1625 [00:05<03:16,  8.12it/s, acc=37.2%, loss=1.076]
Epoch 1/3:   2%|▏         | 29/1625 [00:05<03:16,  8.12it/s, acc=37.5%, loss=1.087]
Epoch 1/3:   2%|▏         | 30/1625 [00:05<03:10,  8.36it/s, acc=37.5%, loss=1.087]
Epoch 1/3:   2%|▏         | 30/1625 [00:05<03:10,  8.36it/s, acc=38.2%, loss=1.034]
Epoch 1/3:   2%|▏         | 31/1625 [00:05<03:07,  8.49it/s, acc=38.2%, loss=1.034]
Epoch 1/3:   2%|▏         | 31/1625 [00:05<03:07,  8.49it/s, acc=38.0%, loss=1.104]
Epoch 1/3:   2%|▏         | 32/1625 [00:05<03:09,  8.42it/s, acc=38.0%, loss=1.104]
Epoch 1/3:   2%|▏         | 32/1625 [00:05<03:09,  8.42it/s, acc=38.0%, loss=1.129]
Epoch 1/3:   2%|▏         | 33/1625 [00:05<03:08,  8.46it/s, acc=38.0%, loss=1.129]
Epoch 1/3:   2%|▏         | 33/1625 [00:05<03:08,  8.46it/s, acc=37.8%, loss=1.098]
Epoch 1/3:   2%|▏         | 34/1625 [00:05<03:05,  8.60it/s, acc=37.8%, loss=1.098]
Epoch 1/3:   2%|▏         | 34/1625 [00:05<03:05,  8.60it/s, acc=37.8%, loss=1.058]
Epoch 1/3:   2%|▏         | 35/1625 [00:05<03:01,  8.75it/s, acc=37.8%, loss=1.058]
Epoch 1/3:   2%|▏         | 35/1625 [00:06<03:01,  8.75it/s, acc=37.9%, loss=1.056]
Epoch 1/3:   2%|▏         | 36/1625 [00:06<03:05,  8.58it/s, acc=37.9%, loss=1.056]
Epoch 1/3:   2%|▏         | 36/1625 [00:06<03:05,  8.58it/s, acc=38.0%, loss=1.045]
Epoch 1/3:   2%|▏         | 37/1625 [00:06<03:06,  8.52it/s, acc=38.0%, loss=1.045]
Epoch 1/3:   2%|▏         | 37/1625 [00:06<03:06,  8.52it/s, acc=37.9%, loss=1.086]
Epoch 1/3:   2%|▏         | 38/1625 [00:06<03:01,  8.72it/s, acc=37.9%, loss=1.086]
Epoch 1/3:   2%|▏         | 38/1625 [00:06<03:01,  8.72it/s, acc=38.1%, loss=1.023]
Epoch 1/3:   2%|▏         | 39/1625 [00:06<03:01,  8.73it/s, acc=38.1%, loss=1.023]
Epoch 1/3:   2%|▏         | 39/1625 [00:06<03:01,  8.73it/s, acc=38.0%, loss=1.091]
Epoch 1/3:   2%|▏         | 40/1625 [00:06<03:02,  8.68it/s, acc=38.0%, loss=1.091]
Epoch 1/3:   2%|▏         | 40/1625 [00:06<03:02,  8.68it/s, acc=37.7%, loss=1.066]
Epoch 1/3:   3%|▎         | 41/1625 [00:06<03:04,  8.60it/s, acc=37.7%, loss=1.066]
Epoch 1/3:   3%|▎         | 41/1625 [00:06<03:04,  8.60it/s, acc=37.9%, loss=1.003]
Epoch 1/3:   3%|▎         | 42/1625 [00:06<03:12,  8.21it/s, acc=37.9%, loss=1.003]
Epoch 1/3:   3%|▎         | 42/1625 [00:06<03:12,  8.21it/s, acc=37.9%, loss=1.031]
Epoch 1/3:   3%|▎         | 43/1625 [00:06<03:24,  7.75it/s, acc=37.9%, loss=1.031]
Epoch 1/3:   3%|▎         | 43/1625 [00:07<03:24,  7.75it/s, acc=38.0%, loss=1.002]
Epoch 1/3:   3%|▎         | 44/1625 [00:07<03:24,  7.71it/s, acc=38.0%, loss=1.002]
Epoch 1/3:   3%|▎         | 44/1625 [00:07<03:24,  7.71it/s, acc=38.2%, loss=1.048]
Epoch 1/3:   3%|▎         | 45/1625 [00:07<03:24,  7.71it/s, acc=38.2%, loss=1.048]
Epoch 1/3:   3%|▎         | 45/1625 [00:07<03:24,  7.71it/s, acc=38.3%, loss=1.060]
Epoch 1/3:   3%|▎         | 46/1625 [00:07<03:22,  7.81it/s, acc=38.3%, loss=1.060]
Epoch 1/3:   3%|▎         | 46/1625 [00:07<03:22,  7.81it/s, acc=38.5%, loss=1.069]
Epoch 1/3:   3%|▎         | 47/1625 [00:07<03:24,  7.71it/s, acc=38.5%, loss=1.069]
Epoch 1/3:   3%|▎         | 47/1625 [00:07<03:24,  7.71it/s, acc=38.9%, loss=1.033]
Epoch 1/3:   3%|▎         | 48/1625 [00:07<03:23,  7.76it/s, acc=38.9%, loss=1.033]
Epoch 1/3:   3%|▎         | 48/1625 [00:07<03:23,  7.76it/s, acc=39.0%, loss=1.043]
Epoch 1/3:   3%|▎         | 49/1625 [00:07<03:20,  7.85it/s, acc=39.0%, loss=1.043]
Epoch 1/3:   3%|▎         | 49/1625 [00:07<03:20,  7.85it/s, acc=38.9%, loss=1.058]
Epoch 1/3:   3%|▎         | 50/1625 [00:07<03:17,  7.96it/s, acc=38.9%, loss=1.058]
Epoch 1/3:   3%|▎         | 50/1625 [00:07<03:17,  7.96it/s, acc=38.9%, loss=1.067]
Epoch 1/3:   3%|▎         | 51/1625 [00:07<03:17,  7.98it/s, acc=38.9%, loss=1.067]
Epoch 1/3:   3%|▎         | 51/1625 [00:08<03:17,  7.98it/s, acc=38.9%, loss=1.116]
Epoch 1/3:   3%|▎         | 52/1625 [00:08<03:34,  7.33it/s, acc=38.9%, loss=1.116]
Epoch 1/3:   3%|▎         | 52/1625 [00:08<03:34,  7.33it/s, acc=39.1%, loss=1.058]
Epoch 1/3:   3%|▎         | 53/1625 [00:08<03:55,  6.66it/s, acc=39.1%, loss=1.058]
Epoch 1/3:   3%|▎         | 53/1625 [00:08<03:55,  6.66it/s, acc=39.2%, loss=1.029]
Epoch 1/3:   3%|▎         | 54/1625 [00:08<03:38,  7.18it/s, acc=39.2%, loss=1.029]
Epoch 1/3:   3%|▎         | 54/1625 [00:08<03:38,  7.18it/s, acc=39.1%, loss=1.045]
Epoch 1/3:   3%|▎         | 55/1625 [00:08<03:28,  7.55it/s, acc=39.1%, loss=1.045]
Epoch 1/3:   3%|▎         | 55/1625 [00:08<03:28,  7.55it/s, acc=39.0%, loss=1.071]
Epoch 1/3:   3%|▎         | 56/1625 [00:08<03:44,  6.98it/s, acc=39.0%, loss=1.071]
Epoch 1/3:   3%|▎         | 56/1625 [00:08<03:44,  6.98it/s, acc=39.0%, loss=1.091]
Epoch 1/3:   4%|▎         | 57/1625 [00:08<03:40,  7.13it/s, acc=39.0%, loss=1.091]
Epoch 1/3:   4%|▎         | 57/1625 [00:08<03:40,  7.13it/s, acc=39.2%, loss=0.992]
Epoch 1/3:   4%|▎         | 58/1625 [00:08<03:40,  7.11it/s, acc=39.2%, loss=0.992]
Epoch 1/3:   4%|▎         | 58/1625 [00:09<03:40,  7.11it/s, acc=38.9%, loss=1.100]
Epoch 1/3:   4%|▎         | 59/1625 [00:09<03:28,  7.52it/s, acc=38.9%, loss=1.100]
Epoch 1/3:   4%|▎         | 59/1625 [00:09<03:28,  7.52it/s, acc=38.8%, loss=1.032]
Epoch 1/3:   4%|▎         | 60/1625 [00:09<03:33,  7.34it/s, acc=38.8%, loss=1.032]
Epoch 1/3:   4%|▎         | 60/1625 [00:09<03:33,  7.34it/s, acc=38.8%, loss=1.115]
Epoch 1/3:   4%|▍         | 61/1625 [00:09<03:50,  6.78it/s, acc=38.8%, loss=1.115]
Epoch 1/3:   4%|▍         | 61/1625 [00:09<03:50,  6.78it/s, acc=38.8%, loss=1.060]
Epoch 1/3:   4%|▍         | 62/1625 [00:09<03:48,  6.85it/s, acc=38.8%, loss=1.060]
Epoch 1/3:   4%|▍         | 62/1625 [00:09<03:48,  6.85it/s, acc=38.9%, loss=1.031]
Epoch 1/3:   4%|▍         | 63/1625 [00:09<03:44,  6.96it/s, acc=38.9%, loss=1.031]
Epoch 1/3:   4%|▍         | 63/1625 [00:09<03:44,  6.96it/s, acc=38.8%, loss=1.082]
Epoch 1/3:   4%|▍         | 64/1625 [00:09<04:09,  6.25it/s, acc=38.8%, loss=1.082]
Epoch 1/3:   4%|▍         | 64/1625 [00:10<04:09,  6.25it/s, acc=38.6%, loss=1.141]
Epoch 1/3:   4%|▍         | 65/1625 [00:10<04:40,  5.56it/s, acc=38.6%, loss=1.141]
Epoch 1/3:   4%|▍         | 65/1625 [00:10<04:40,  5.56it/s, acc=38.8%, loss=1.017]
Epoch 1/3:   4%|▍         | 66/1625 [00:10<04:59,  5.21it/s, acc=38.8%, loss=1.017]
Epoch 1/3:   4%|▍         | 66/1625 [00:10<04:59,  5.21it/s, acc=38.9%, loss=1.047]
Epoch 1/3:   4%|▍         | 67/1625 [00:10<05:19,  4.88it/s, acc=38.9%, loss=1.047]
Epoch 1/3:   4%|▍         | 67/1625 [00:10<05:19,  4.88it/s, acc=39.0%, loss=1.053]
Epoch 1/3:   4%|▍         | 68/1625 [00:10<04:46,  5.44it/s, acc=39.0%, loss=1.053]
Epoch 1/3:   4%|▍         | 68/1625 [00:10<04:46,  5.44it/s, acc=39.2%, loss=1.021]
Epoch 1/3:   4%|▍         | 69/1625 [00:10<04:20,  5.98it/s, acc=39.2%, loss=1.021]
Epoch 1/3:   4%|▍         | 69/1625 [00:10<04:20,  5.98it/s, acc=39.2%, loss=1.051]
Epoch 1/3:   4%|▍         | 70/1625 [00:10<03:49,  6.77it/s, acc=39.2%, loss=1.051]
Epoch 1/3:   4%|▍         | 70/1625 [00:11<03:49,  6.77it/s, acc=39.3%, loss=0.987]
Epoch 1/3:   4%|▍         | 71/1625 [00:11<03:30,  7.39it/s, acc=39.3%, loss=0.987]
Epoch 1/3:   4%|▍         | 71/1625 [00:11<03:30,  7.39it/s, acc=39.3%, loss=1.092]
Epoch 1/3:   4%|▍         | 72/1625 [00:11<03:28,  7.45it/s, acc=39.3%, loss=1.092]
Epoch 1/3:   4%|▍         | 72/1625 [00:11<03:28,  7.45it/s, acc=39.2%, loss=1.062]
Epoch 1/3:   4%|▍         | 73/1625 [00:11<03:45,  6.88it/s, acc=39.2%, loss=1.062]
Epoch 1/3:   4%|▍         | 73/1625 [00:11<03:45,  6.88it/s, acc=39.1%, loss=1.051]
Epoch 1/3:   5%|▍         | 74/1625 [00:11<04:15,  6.07it/s, acc=39.1%, loss=1.051]
Epoch 1/3:   5%|▍         | 74/1625 [00:11<04:15,  6.07it/s, acc=39.1%, loss=1.091]
Epoch 1/3:   5%|▍         | 75/1625 [00:11<04:37,  5.59it/s, acc=39.1%, loss=1.091]
Epoch 1/3:   5%|▍         | 75/1625 [00:11<04:37,  5.59it/s, acc=39.1%, loss=1.119]
Epoch 1/3:   5%|▍         | 76/1625 [00:11<04:28,  5.78it/s, acc=39.1%, loss=1.119]
Epoch 1/3:   5%|▍         | 76/1625 [00:12<04:28,  5.78it/s, acc=39.1%, loss=1.049]
Epoch 1/3:   5%|▍         | 77/1625 [00:12<04:23,  5.87it/s, acc=39.1%, loss=1.049]
Epoch 1/3:   5%|▍         | 77/1625 [00:12<04:23,  5.87it/s, acc=39.1%, loss=1.065]
Epoch 1/3:   5%|▍         | 78/1625 [00:12<03:54,  6.61it/s, acc=39.1%, loss=1.065]
Epoch 1/3:   5%|▍         | 78/1625 [00:12<03:54,  6.61it/s, acc=39.0%, loss=1.087]
Epoch 1/3:   5%|▍         | 79/1625 [00:12<03:31,  7.33it/s, acc=39.0%, loss=1.087]
Epoch 1/3:   5%|▍         | 79/1625 [00:12<03:31,  7.33it/s, acc=39.2%, loss=0.981]
Epoch 1/3:   5%|▍         | 80/1625 [00:12<03:33,  7.25it/s, acc=39.2%, loss=0.981]
Epoch 1/3:   5%|▍         | 80/1625 [00:12<03:33,  7.25it/s, acc=39.4%, loss=1.058]
Epoch 1/3:   5%|▍         | 81/1625 [00:12<03:51,  6.67it/s, acc=39.4%, loss=1.058]
Epoch 1/3:   5%|▍         | 81/1625 [00:12<03:51,  6.67it/s, acc=39.3%, loss=1.075]
Epoch 1/3:   5%|▌         | 82/1625 [00:12<03:38,  7.05it/s, acc=39.3%, loss=1.075]
Epoch 1/3:   5%|▌         | 82/1625 [00:12<03:38,  7.05it/s, acc=39.2%, loss=1.124]
Epoch 1/3:   5%|▌         | 83/1625 [00:12<04:02,  6.36it/s, acc=39.2%, loss=1.124]
Epoch 1/3:   5%|▌         | 83/1625 [00:13<04:02,  6.36it/s, acc=39.4%, loss=1.031]
Epoch 1/3:   5%|▌         | 84/1625 [00:13<04:16,  6.01it/s, acc=39.4%, loss=1.031]
Epoch 1/3:   5%|▌         | 84/1625 [00:13<04:16,  6.01it/s, acc=39.2%, loss=1.108]
Epoch 1/3:   5%|▌         | 85/1625 [00:13<04:11,  6.13it/s, acc=39.2%, loss=1.108]
Epoch 1/3:   5%|▌         | 85/1625 [00:13<04:11,  6.13it/s, acc=39.1%, loss=1.100]
Epoch 1/3:   5%|▌         | 86/1625 [00:13<04:02,  6.35it/s, acc=39.1%, loss=1.100]
Epoch 1/3:   5%|▌         | 86/1625 [00:13<04:02,  6.35it/s, acc=39.2%, loss=1.020]
Epoch 1/3:   5%|▌         | 87/1625 [00:13<04:49,  5.31it/s, acc=39.2%, loss=1.020]
Epoch 1/3:   5%|▌         | 87/1625 [00:13<04:49,  5.31it/s, acc=39.1%, loss=1.098]
Epoch 1/3:   5%|▌         | 88/1625 [00:13<04:54,  5.23it/s, acc=39.1%, loss=1.098]
Epoch 1/3:   5%|▌         | 88/1625 [00:14<04:54,  5.23it/s, acc=39.1%, loss=1.032]
Epoch 1/3:   5%|▌         | 89/1625 [00:14<05:05,  5.03it/s, acc=39.1%, loss=1.032]
Epoch 1/3:   5%|▌         | 89/1625 [00:14<05:05,  5.03it/s, acc=39.2%, loss=0.971]
Epoch 1/3:   6%|▌         | 90/1625 [00:14<05:04,  5.04it/s, acc=39.2%, loss=0.971]
Epoch 1/3:   6%|▌         | 90/1625 [00:14<05:04,  5.04it/s, acc=39.3%, loss=0.997]
Epoch 1/3:   6%|▌         | 91/1625 [00:14<05:01,  5.08it/s, acc=39.3%, loss=0.997]
Epoch 1/3:   6%|▌         | 91/1625 [00:14<05:01,  5.08it/s, acc=39.4%, loss=0.966]
Epoch 1/3:   6%|▌         | 92/1625 [00:14<04:26,  5.75it/s, acc=39.4%, loss=0.966]
Epoch 1/3:   6%|▌         | 92/1625 [00:14<04:26,  5.75it/s, acc=39.4%, loss=0.996]
Epoch 1/3:   6%|▌         | 93/1625 [00:14<04:00,  6.36it/s, acc=39.4%, loss=0.996]
Epoch 1/3:   6%|▌         | 93/1625 [00:14<04:00,  6.36it/s, acc=39.6%, loss=1.028]
Epoch 1/3:   6%|▌         | 94/1625 [00:14<03:42,  6.88it/s, acc=39.6%, loss=1.028]
Epoch 1/3:   6%|▌         | 94/1625 [00:14<03:42,  6.88it/s, acc=39.6%, loss=1.088]
Epoch 1/3:   6%|▌         | 95/1625 [00:14<03:25,  7.45it/s, acc=39.6%, loss=1.088]
Epoch 1/3:   6%|▌         | 95/1625 [00:15<03:25,  7.45it/s, acc=39.7%, loss=1.065]
Epoch 1/3:   6%|▌         | 96/1625 [00:15<03:16,  7.78it/s, acc=39.7%, loss=1.065]
Epoch 1/3:   6%|▌         | 96/1625 [00:15<03:16,  7.78it/s, acc=39.9%, loss=1.017]
Epoch 1/3:   6%|▌         | 97/1625 [00:15<03:20,  7.63it/s, acc=39.9%, loss=1.017]
Epoch 1/3:   6%|▌         | 97/1625 [00:15<03:20,  7.63it/s, acc=39.9%, loss=1.049]
Epoch 1/3:   6%|▌         | 98/1625 [00:15<03:14,  7.86it/s, acc=39.9%, loss=1.049]
Epoch 1/3:   6%|▌         | 98/1625 [00:15<03:14,  7.86it/s, acc=40.0%, loss=1.049]
Epoch 1/3:   6%|▌         | 99/1625 [00:15<04:35,  5.53it/s, acc=40.0%, loss=1.049]
Epoch 1/3:   6%|▌         | 99/1625 [00:15<04:35,  5.53it/s, acc=40.2%, loss=0.955]
Epoch 1/3:   6%|▌         | 100/1625 [00:15<04:13,  6.02it/s, acc=40.2%, loss=0.955]
Epoch 1/3:   6%|▌         | 100/1625 [00:15<04:13,  6.02it/s, acc=40.3%, loss=1.060]
Epoch 1/3:   6%|▌         | 101/1625 [00:15<03:48,  6.68it/s, acc=40.3%, loss=1.060]
Epoch 1/3:   6%|▌         | 101/1625 [00:15<03:48,  6.68it/s, acc=40.3%, loss=1.080]
Epoch 1/3:   6%|▋         | 102/1625 [00:15<03:30,  7.22it/s, acc=40.3%, loss=1.080]
Epoch 1/3:   6%|▋         | 102/1625 [00:16<03:30,  7.22it/s, acc=40.4%, loss=0.964]
Epoch 1/3:   6%|▋         | 103/1625 [00:16<03:30,  7.23it/s, acc=40.4%, loss=0.964]
Epoch 1/3:   6%|▋         | 103/1625 [00:16<03:30,  7.23it/s, acc=40.6%, loss=1.018]
Epoch 1/3:   6%|▋         | 104/1625 [00:16<03:38,  6.96it/s, acc=40.6%, loss=1.018]
Epoch 1/3:   6%|▋         | 104/1625 [00:16<03:38,  6.96it/s, acc=40.6%, loss=1.024]
Epoch 1/3:   6%|▋         | 105/1625 [00:16<03:32,  7.16it/s, acc=40.6%, loss=1.024]
Epoch 1/3:   6%|▋         | 105/1625 [00:16<03:32,  7.16it/s, acc=40.7%, loss=1.020]
Epoch 1/3:   7%|▋         | 106/1625 [00:16<03:14,  7.80it/s, acc=40.7%, loss=1.020]
Epoch 1/3:   7%|▋         | 106/1625 [00:16<03:14,  7.80it/s, acc=40.8%, loss=0.971]
Epoch 1/3:   7%|▋         | 107/1625 [00:16<03:06,  8.16it/s, acc=40.8%, loss=0.971]
Epoch 1/3:   7%|▋         | 107/1625 [00:16<03:06,  8.16it/s, acc=40.8%, loss=1.057]
Epoch 1/3:   7%|▋         | 108/1625 [00:16<03:09,  8.03it/s, acc=40.8%, loss=1.057]
Epoch 1/3:   7%|▋         | 108/1625 [00:16<03:09,  8.03it/s, acc=40.8%, loss=1.022]
Epoch 1/3:   7%|▋         | 109/1625 [00:16<03:36,  7.01it/s, acc=40.8%, loss=1.022]
Epoch 1/3:   7%|▋         | 109/1625 [00:17<03:36,  7.01it/s, acc=40.9%, loss=0.978]
Epoch 1/3:   7%|▋         | 110/1625 [00:17<03:36,  6.98it/s, acc=40.9%, loss=0.978]
Epoch 1/3:   7%|▋         | 110/1625 [00:17<03:36,  6.98it/s, acc=40.9%, loss=1.071]
Epoch 1/3:   7%|▋         | 111/1625 [00:17<04:16,  5.89it/s, acc=40.9%, loss=1.071]
Epoch 1/3:   7%|▋         | 111/1625 [00:17<04:16,  5.89it/s, acc=41.0%, loss=1.089]
Epoch 1/3:   7%|▋         | 112/1625 [00:17<04:03,  6.21it/s, acc=41.0%, loss=1.089]
Epoch 1/3:   7%|▋         | 112/1625 [00:17<04:03,  6.21it/s, acc=41.0%, loss=1.086]
Epoch 1/3:   7%|▋         | 113/1625 [00:17<04:07,  6.11it/s, acc=41.0%, loss=1.086]
Epoch 1/3:   7%|▋         | 113/1625 [00:17<04:07,  6.11it/s, acc=41.2%, loss=0.946]
Epoch 1/3:   7%|▋         | 114/1625 [00:17<04:00,  6.27it/s, acc=41.2%, loss=0.946]
Epoch 1/3:   7%|▋         | 114/1625 [00:17<04:00,  6.27it/s, acc=41.3%, loss=0.923]
Epoch 1/3:   7%|▋         | 115/1625 [00:17<03:39,  6.88it/s, acc=41.3%, loss=0.923]
Epoch 1/3:   7%|▋         | 115/1625 [00:18<03:39,  6.88it/s, acc=41.4%, loss=0.994]
Epoch 1/3:   7%|▋         | 116/1625 [00:18<03:30,  7.16it/s, acc=41.4%, loss=0.994]
Epoch 1/3:   7%|▋         | 116/1625 [00:18<03:30,  7.16it/s, acc=41.4%, loss=1.036]
Epoch 1/3:   7%|▋         | 117/1625 [00:18<03:44,  6.73it/s, acc=41.4%, loss=1.036]
Epoch 1/3:   7%|▋         | 117/1625 [00:18<03:44,  6.73it/s, acc=41.4%, loss=1.035]
Epoch 1/3:   7%|▋         | 118/1625 [00:18<03:25,  7.34it/s, acc=41.4%, loss=1.035]
Epoch 1/3:   7%|▋         | 118/1625 [00:18<03:25,  7.34it/s, acc=41.5%, loss=1.021]
Epoch 1/3:   7%|▋         | 119/1625 [00:18<03:15,  7.69it/s, acc=41.5%, loss=1.021]
Epoch 1/3:   7%|▋         | 119/1625 [00:18<03:15,  7.69it/s, acc=41.6%, loss=1.019]
Epoch 1/3:   7%|▋         | 120/1625 [00:18<03:16,  7.66it/s, acc=41.6%, loss=1.019]
Epoch 1/3:   7%|▋         | 120/1625 [00:18<03:16,  7.66it/s, acc=41.5%, loss=1.107]
Epoch 1/3:   7%|▋         | 120/1625 [00:18<03:16,  7.66it/s, acc=41.6%, loss=0.945]
Epoch 1/3:   8%|▊         | 122/1625 [00:18<02:57,  8.46it/s, acc=41.6%, loss=0.945]
Epoch 1/3:   8%|▊         | 122/1625 [00:18<02:57,  8.46it/s, acc=41.8%, loss=0.941]
Epoch 1/3:   8%|▊         | 123/1625 [00:18<02:56,  8.52it/s, acc=41.8%, loss=0.941]
Epoch 1/3:   8%|▊         | 123/1625 [00:19<02:56,  8.52it/s, acc=41.9%, loss=0.940]
Epoch 1/3:   8%|▊         | 124/1625 [00:19<03:24,  7.35it/s, acc=41.9%, loss=0.940]
Epoch 1/3:   8%|▊         | 124/1625 [00:19<03:24,  7.35it/s, acc=42.0%, loss=0.952]
Epoch 1/3:   8%|▊         | 125/1625 [00:19<03:33,  7.03it/s, acc=42.0%, loss=0.952]
Epoch 1/3:   8%|▊         | 125/1625 [00:19<03:33,  7.03it/s, acc=42.1%, loss=1.061]
Epoch 1/3:   8%|▊         | 126/1625 [00:19<03:46,  6.62it/s, acc=42.1%, loss=1.061]
Epoch 1/3:   8%|▊         | 126/1625 [00:19<03:46,  6.62it/s, acc=42.2%, loss=0.985]
Epoch 1/3:   8%|▊         | 127/1625 [00:19<03:31,  7.10it/s, acc=42.2%, loss=0.985]
Epoch 1/3:   8%|▊         | 127/1625 [00:19<03:31,  7.10it/s, acc=42.2%, loss=1.198]
Epoch 1/3:   8%|▊         | 128/1625 [00:19<03:13,  7.74it/s, acc=42.2%, loss=1.198]
Epoch 1/3:   8%|▊         | 128/1625 [00:19<03:13,  7.74it/s, acc=42.4%, loss=0.898]
Epoch 1/3:   8%|▊         | 129/1625 [00:19<03:03,  8.16it/s, acc=42.4%, loss=0.898]
Epoch 1/3:   8%|▊         | 129/1625 [00:19<03:03,  8.16it/s, acc=42.5%, loss=0.969]
Epoch 1/3:   8%|▊         | 130/1625 [00:19<02:58,  8.35it/s, acc=42.5%, loss=0.969]
Epoch 1/3:   8%|▊         | 130/1625 [00:19<02:58,  8.35it/s, acc=42.6%, loss=1.002]
Epoch 1/3:   8%|▊         | 131/1625 [00:19<03:18,  7.52it/s, acc=42.6%, loss=1.002]
Epoch 1/3:   8%|▊         | 131/1625 [00:20<03:18,  7.52it/s, acc=42.6%, loss=1.059]
Epoch 1/3:   8%|▊         | 132/1625 [00:20<03:37,  6.87it/s, acc=42.6%, loss=1.059]
Epoch 1/3:   8%|▊         | 132/1625 [00:20<03:37,  6.87it/s, acc=42.8%, loss=0.917]
Epoch 1/3:   8%|▊         | 133/1625 [00:20<03:46,  6.58it/s, acc=42.8%, loss=0.917]
Epoch 1/3:   8%|▊         | 133/1625 [00:20<03:46,  6.58it/s, acc=42.9%, loss=0.990]
Epoch 1/3:   8%|▊         | 134/1625 [00:20<03:46,  6.59it/s, acc=42.9%, loss=0.990]
Epoch 1/3:   8%|▊         | 134/1625 [00:20<03:46,  6.59it/s, acc=42.9%, loss=0.944]
Epoch 1/3:   8%|▊         | 135/1625 [00:20<03:51,  6.44it/s, acc=42.9%, loss=0.944]
Epoch 1/3:   8%|▊         | 135/1625 [00:20<03:51,  6.44it/s, acc=43.0%, loss=0.984]
Epoch 1/3:   8%|▊         | 136/1625 [00:20<03:50,  6.47it/s, acc=43.0%, loss=0.984]
Epoch 1/3:   8%|▊         | 136/1625 [00:20<03:50,  6.47it/s, acc=43.1%, loss=0.950]
Epoch 1/3:   8%|▊         | 137/1625 [00:20<03:56,  6.28it/s, acc=43.1%, loss=0.950]
Epoch 1/3:   8%|▊         | 137/1625 [00:21<03:56,  6.28it/s, acc=43.1%, loss=1.049]
Epoch 1/3:   8%|▊         | 138/1625 [00:21<03:41,  6.72it/s, acc=43.1%, loss=1.049]
Epoch 1/3:   8%|▊         | 138/1625 [00:21<03:41,  6.72it/s, acc=43.3%, loss=0.930]
Epoch 1/3:   9%|▊         | 139/1625 [00:21<03:26,  7.21it/s, acc=43.3%, loss=0.930]
Epoch 1/3:   9%|▊         | 139/1625 [00:21<03:26,  7.21it/s, acc=43.3%, loss=1.033]
Epoch 1/3:   9%|▊         | 140/1625 [00:21<03:11,  7.76it/s, acc=43.3%, loss=1.033]
Epoch 1/3:   9%|▊         | 140/1625 [00:21<03:11,  7.76it/s, acc=43.4%, loss=0.977]
Epoch 1/3:   9%|▊         | 141/1625 [00:21<03:02,  8.14it/s, acc=43.4%, loss=0.977]
Epoch 1/3:   9%|▊         | 141/1625 [00:21<03:02,  8.14it/s, acc=43.5%, loss=0.924]
Epoch 1/3:   9%|▊         | 142/1625 [00:21<02:54,  8.52it/s, acc=43.5%, loss=0.924]
Epoch 1/3:   9%|▊         | 142/1625 [00:21<02:54,  8.52it/s, acc=43.6%, loss=1.037]
Epoch 1/3:   9%|▉         | 143/1625 [00:21<03:17,  7.52it/s, acc=43.6%, loss=1.037]
Epoch 1/3:   9%|▉         | 143/1625 [00:21<03:17,  7.52it/s, acc=43.8%, loss=0.751]
Epoch 1/3:   9%|▉         | 144/1625 [00:21<03:05,  7.97it/s, acc=43.8%, loss=0.751]
Epoch 1/3:   9%|▉         | 144/1625 [00:21<03:05,  7.97it/s, acc=43.9%, loss=1.012]
Epoch 1/3:   9%|▉         | 145/1625 [00:21<03:07,  7.88it/s, acc=43.9%, loss=1.012]
Epoch 1/3:   9%|▉         | 145/1625 [00:22<03:07,  7.88it/s, acc=43.9%, loss=1.006]
Epoch 1/3:   9%|▉         | 146/1625 [00:22<02:58,  8.29it/s, acc=43.9%, loss=1.006]
Epoch 1/3:   9%|▉         | 146/1625 [00:22<02:58,  8.29it/s, acc=43.9%, loss=1.081]
Epoch 1/3:   9%|▉         | 147/1625 [00:22<02:51,  8.59it/s, acc=43.9%, loss=1.081]
Epoch 1/3:   9%|▉         | 147/1625 [00:22<02:51,  8.59it/s, acc=44.0%, loss=0.986]
Epoch 1/3:   9%|▉         | 148/1625 [00:22<02:52,  8.57it/s, acc=44.0%, loss=0.986]
Epoch 1/3:   9%|▉         | 148/1625 [00:22<02:52,  8.57it/s, acc=44.0%, loss=1.033]
Epoch 1/3:   9%|▉         | 149/1625 [00:22<02:48,  8.76it/s, acc=44.0%, loss=1.033]
Epoch 1/3:   9%|▉         | 149/1625 [00:22<02:48,  8.76it/s, acc=44.0%, loss=1.016]
Epoch 1/3:   9%|▉         | 150/1625 [00:22<02:47,  8.81it/s, acc=44.0%, loss=1.016]
Epoch 1/3:   9%|▉         | 150/1625 [00:22<02:47,  8.81it/s, acc=44.1%, loss=0.849]
Epoch 1/3:   9%|▉         | 151/1625 [00:22<02:47,  8.82it/s, acc=44.1%, loss=0.849]
Epoch 1/3:   9%|▉         | 151/1625 [00:22<02:47,  8.82it/s, acc=44.1%, loss=0.964]
Epoch 1/3:   9%|▉         | 152/1625 [00:22<02:48,  8.73it/s, acc=44.1%, loss=0.964]
Epoch 1/3:   9%|▉         | 152/1625 [00:22<02:48,  8.73it/s, acc=44.2%, loss=1.039]
Epoch 1/3:   9%|▉         | 153/1625 [00:22<02:52,  8.54it/s, acc=44.2%, loss=1.039]
Epoch 1/3:   9%|▉         | 153/1625 [00:22<02:52,  8.54it/s, acc=44.2%, loss=1.018]
Epoch 1/3:   9%|▉         | 154/1625 [00:22<03:03,  8.00it/s, acc=44.2%, loss=1.018]
Epoch 1/3:   9%|▉         | 154/1625 [00:23<03:03,  8.00it/s, acc=44.3%, loss=1.056]
Epoch 1/3:  10%|▉         | 155/1625 [00:23<02:53,  8.47it/s, acc=44.3%, loss=1.056]
Epoch 1/3:  10%|▉         | 155/1625 [00:23<02:53,  8.47it/s, acc=44.4%, loss=0.989]
Epoch 1/3:  10%|▉         | 156/1625 [00:23<02:55,  8.36it/s, acc=44.4%, loss=0.989]
Epoch 1/3:  10%|▉         | 156/1625 [00:23<02:55,  8.36it/s, acc=44.4%, loss=1.020]
Epoch 1/3:  10%|▉         | 157/1625 [00:23<02:49,  8.64it/s, acc=44.4%, loss=1.020]
Epoch 1/3:  10%|▉         | 157/1625 [00:23<02:49,  8.64it/s, acc=44.5%, loss=0.891]
Epoch 1/3:  10%|▉         | 158/1625 [00:23<02:47,  8.74it/s, acc=44.5%, loss=0.891]
Epoch 1/3:  10%|▉         | 158/1625 [00:23<02:47,  8.74it/s, acc=44.7%, loss=0.821]
Epoch 1/3:  10%|▉         | 159/1625 [00:23<02:56,  8.29it/s, acc=44.7%, loss=0.821]
Epoch 1/3:  10%|▉         | 159/1625 [00:23<02:56,  8.29it/s, acc=44.7%, loss=0.976]
Epoch 1/3:  10%|▉         | 160/1625 [00:23<03:17,  7.40it/s, acc=44.7%, loss=0.976]
Epoch 1/3:  10%|▉         | 160/1625 [00:23<03:17,  7.40it/s, acc=44.8%, loss=0.940]
Epoch 1/3:  10%|▉         | 161/1625 [00:23<03:39,  6.67it/s, acc=44.8%, loss=0.940]
Epoch 1/3:  10%|▉         | 161/1625 [00:24<03:39,  6.67it/s, acc=44.9%, loss=1.071]
Epoch 1/3:  10%|▉         | 162/1625 [00:24<03:48,  6.39it/s, acc=44.9%, loss=1.071]
Epoch 1/3:  10%|▉         | 162/1625 [00:24<03:48,  6.39it/s, acc=44.9%, loss=0.905]
Epoch 1/3:  10%|█         | 163/1625 [00:24<03:57,  6.16it/s, acc=44.9%, loss=0.905]
Epoch 1/3:  10%|█         | 163/1625 [00:24<03:57,  6.16it/s, acc=45.0%, loss=1.094]
Epoch 1/3:  10%|█         | 164/1625 [00:24<03:58,  6.13it/s, acc=45.0%, loss=1.094]
Epoch 1/3:  10%|█         | 164/1625 [00:24<03:58,  6.13it/s, acc=45.0%, loss=1.106]
Epoch 1/3:  10%|█         | 165/1625 [00:24<04:03,  5.99it/s, acc=45.0%, loss=1.106]
Epoch 1/3:  10%|█         | 165/1625 [00:24<04:03,  5.99it/s, acc=45.0%, loss=1.061]
Epoch 1/3:  10%|█         | 166/1625 [00:24<04:05,  5.93it/s, acc=45.0%, loss=1.061]
Epoch 1/3:  10%|█         | 166/1625 [00:24<04:05,  5.93it/s, acc=45.1%, loss=0.842]
Epoch 1/3:  10%|█         | 167/1625 [00:24<04:08,  5.88it/s, acc=45.1%, loss=0.842]
Epoch 1/3:  10%|█         | 167/1625 [00:25<04:08,  5.88it/s, acc=45.2%, loss=0.937]
Epoch 1/3:  10%|█         | 168/1625 [00:25<04:01,  6.04it/s, acc=45.2%, loss=0.937]
Epoch 1/3:  10%|█         | 168/1625 [00:25<04:01,  6.04it/s, acc=45.2%, loss=1.189]
Epoch 1/3:  10%|█         | 169/1625 [00:25<03:36,  6.74it/s, acc=45.2%, loss=1.189]
Epoch 1/3:  10%|█         | 169/1625 [00:25<03:36,  6.74it/s, acc=45.2%, loss=0.964]
Epoch 1/3:  10%|█         | 170/1625 [00:25<03:18,  7.32it/s, acc=45.2%, loss=0.964]
Epoch 1/3:  10%|█         | 170/1625 [00:25<03:18,  7.32it/s, acc=45.3%, loss=0.827]
Epoch 1/3:  11%|█         | 171/1625 [00:25<03:05,  7.82it/s, acc=45.3%, loss=0.827]
Epoch 1/3:  11%|█         | 171/1625 [00:25<03:05,  7.82it/s, acc=45.4%, loss=0.948]
Epoch 1/3:  11%|█         | 172/1625 [00:25<03:24,  7.11it/s, acc=45.4%, loss=0.948]
Epoch 1/3:  11%|█         | 172/1625 [00:25<03:24,  7.11it/s, acc=45.4%, loss=0.980]
Epoch 1/3:  11%|█         | 173/1625 [00:25<03:09,  7.66it/s, acc=45.4%, loss=0.980]
Epoch 1/3:  11%|█         | 173/1625 [00:25<03:09,  7.66it/s, acc=45.5%, loss=0.898]
Epoch 1/3:  11%|█         | 174/1625 [00:25<03:13,  7.50it/s, acc=45.5%, loss=0.898]
Epoch 1/3:  11%|█         | 174/1625 [00:25<03:13,  7.50it/s, acc=45.6%, loss=0.957]
Epoch 1/3:  11%|█         | 175/1625 [00:25<03:21,  7.19it/s, acc=45.6%, loss=0.957]
Epoch 1/3:  11%|█         | 175/1625 [00:26<03:21,  7.19it/s, acc=45.6%, loss=1.087]
Epoch 1/3:  11%|█         | 176/1625 [00:26<03:18,  7.31it/s, acc=45.6%, loss=1.087]
Epoch 1/3:  11%|█         | 176/1625 [00:26<03:18,  7.31it/s, acc=45.6%, loss=0.903]
Epoch 1/3:  11%|█         | 177/1625 [00:26<03:11,  7.56it/s, acc=45.6%, loss=0.903]
Epoch 1/3:  11%|█         | 177/1625 [00:26<03:11,  7.56it/s, acc=45.6%, loss=1.053]
Epoch 1/3:  11%|█         | 178/1625 [00:26<03:05,  7.79it/s, acc=45.6%, loss=1.053]
Epoch 1/3:  11%|█         | 178/1625 [00:26<03:05,  7.79it/s, acc=45.6%, loss=0.951]
Epoch 1/3:  11%|█         | 178/1625 [00:26<03:05,  7.79it/s, acc=45.7%, loss=0.841]
Epoch 1/3:  11%|█         | 180/1625 [00:26<02:47,  8.62it/s, acc=45.7%, loss=0.841]
Epoch 1/3:  11%|█         | 180/1625 [00:26<02:47,  8.62it/s, acc=45.9%, loss=0.919]
Epoch 1/3:  11%|█         | 181/1625 [00:26<02:49,  8.54it/s, acc=45.9%, loss=0.919]
Epoch 1/3:  11%|█         | 181/1625 [00:26<02:49,  8.54it/s, acc=45.9%, loss=0.947]
Epoch 1/3:  11%|█         | 182/1625 [00:26<03:04,  7.84it/s, acc=45.9%, loss=0.947]
Epoch 1/3:  11%|█         | 182/1625 [00:27<03:04,  7.84it/s, acc=45.9%, loss=0.935]
Epoch 1/3:  11%|█▏        | 183/1625 [00:27<03:26,  7.00it/s, acc=45.9%, loss=0.935]
Epoch 1/3:  11%|█▏        | 183/1625 [00:27<03:26,  7.00it/s, acc=45.9%, loss=1.006]
Epoch 1/3:  11%|█▏        | 184/1625 [00:27<03:27,  6.93it/s, acc=45.9%, loss=1.006]
Epoch 1/3:  11%|█▏        | 184/1625 [00:27<03:27,  6.93it/s, acc=45.9%, loss=1.103]
Epoch 1/3:  11%|█▏        | 185/1625 [00:27<03:16,  7.33it/s, acc=45.9%, loss=1.103]
Epoch 1/3:  11%|█▏        | 185/1625 [00:27<03:16,  7.33it/s, acc=46.0%, loss=1.022]
Epoch 1/3:  11%|█▏        | 186/1625 [00:27<03:04,  7.79it/s, acc=46.0%, loss=1.022]
Epoch 1/3:  11%|█▏        | 186/1625 [00:27<03:04,  7.79it/s, acc=46.0%, loss=0.929]
Epoch 1/3:  12%|█▏        | 187/1625 [00:27<03:02,  7.89it/s, acc=46.0%, loss=0.929]
Epoch 1/3:  12%|█▏        | 187/1625 [00:27<03:02,  7.89it/s, acc=46.1%, loss=0.930]
Epoch 1/3:  12%|█▏        | 188/1625 [00:27<02:53,  8.31it/s, acc=46.1%, loss=0.930]
Epoch 1/3:  12%|█▏        | 188/1625 [00:27<02:53,  8.31it/s, acc=46.1%, loss=0.978]
Epoch 1/3:  12%|█▏        | 189/1625 [00:27<02:56,  8.13it/s, acc=46.1%, loss=0.978]
Epoch 1/3:  12%|█▏        | 189/1625 [00:27<02:56,  8.13it/s, acc=46.2%, loss=0.988]
Epoch 1/3:  12%|█▏        | 190/1625 [00:27<02:54,  8.20it/s, acc=46.2%, loss=0.988]
Epoch 1/3:  12%|█▏        | 190/1625 [00:27<02:54,  8.20it/s, acc=46.1%, loss=1.209]
Epoch 1/3:  12%|█▏        | 191/1625 [00:28<02:52,  8.30it/s, acc=46.1%, loss=1.209]
Epoch 1/3:  12%|█▏        | 191/1625 [00:28<02:52,  8.30it/s, acc=46.2%, loss=0.910]
Epoch 1/3:  12%|█▏        | 192/1625 [00:28<02:51,  8.37it/s, acc=46.2%, loss=0.910]
Epoch 1/3:  12%|█▏        | 192/1625 [00:28<02:51,  8.37it/s, acc=46.2%, loss=0.934]
Epoch 1/3:  12%|█▏        | 193/1625 [00:28<02:51,  8.36it/s, acc=46.2%, loss=0.934]
Epoch 1/3:  12%|█▏        | 193/1625 [00:28<02:51,  8.36it/s, acc=46.3%, loss=0.993]
Epoch 1/3:  12%|█▏        | 194/1625 [00:28<02:57,  8.07it/s, acc=46.3%, loss=0.993]
Epoch 1/3:  12%|█▏        | 194/1625 [00:28<02:57,  8.07it/s, acc=46.3%, loss=0.918]
Epoch 1/3:  12%|█▏        | 195/1625 [00:28<02:53,  8.22it/s, acc=46.3%, loss=0.918]
Epoch 1/3:  12%|█▏        | 195/1625 [00:28<02:53,  8.22it/s, acc=46.4%, loss=0.983]
Epoch 1/3:  12%|█▏        | 196/1625 [00:28<02:54,  8.21it/s, acc=46.4%, loss=0.983]
Epoch 1/3:  12%|█▏        | 196/1625 [00:28<02:54,  8.21it/s, acc=46.4%, loss=1.018]
Epoch 1/3:  12%|█▏        | 197/1625 [00:28<02:50,  8.37it/s, acc=46.4%, loss=1.018]
Epoch 1/3:  12%|█▏        | 197/1625 [00:28<02:50,  8.37it/s, acc=46.5%, loss=0.889]
Epoch 1/3:  12%|█▏        | 198/1625 [00:28<02:48,  8.48it/s, acc=46.5%, loss=0.889]
Epoch 1/3:  12%|█▏        | 198/1625 [00:28<02:48,  8.48it/s, acc=46.6%, loss=0.781]
Epoch 1/3:  12%|█▏        | 199/1625 [00:28<02:52,  8.28it/s, acc=46.6%, loss=0.781]
Epoch 1/3:  12%|█▏        | 199/1625 [00:29<02:52,  8.28it/s, acc=46.7%, loss=0.803]
Epoch 1/3:  12%|█▏        | 200/1625 [00:29<02:55,  8.10it/s, acc=46.7%, loss=0.803]
Epoch 1/3:  12%|█▏        | 200/1625 [00:29<02:55,  8.10it/s, acc=46.7%, loss=0.980]
Epoch 1/3:  12%|█▏        | 201/1625 [00:29<02:56,  8.09it/s, acc=46.7%, loss=0.980]
Epoch 1/3:  12%|█▏        | 201/1625 [00:29<02:56,  8.09it/s, acc=46.7%, loss=1.068]
Epoch 1/3:  12%|█▏        | 202/1625 [00:29<02:46,  8.53it/s, acc=46.7%, loss=1.068]
Epoch 1/3:  12%|█▏        | 202/1625 [00:29<02:46,  8.53it/s, acc=46.7%, loss=1.034]
Epoch 1/3:  12%|█▏        | 203/1625 [00:29<02:44,  8.64it/s, acc=46.7%, loss=1.034]
Epoch 1/3:  12%|█▏        | 203/1625 [00:29<02:44,  8.64it/s, acc=46.8%, loss=1.030]
Epoch 1/3:  13%|█▎        | 204/1625 [00:29<02:46,  8.53it/s, acc=46.8%, loss=1.030]
Epoch 1/3:  13%|█▎        | 204/1625 [00:29<02:46,  8.53it/s, acc=46.9%, loss=0.847]
Epoch 1/3:  13%|█▎        | 205/1625 [00:29<02:45,  8.59it/s, acc=46.9%, loss=0.847]
Epoch 1/3:  13%|█▎        | 205/1625 [00:29<02:45,  8.59it/s, acc=46.9%, loss=0.977]
Epoch 1/3:  13%|█▎        | 206/1625 [00:29<02:45,  8.56it/s, acc=46.9%, loss=0.977]
Epoch 1/3:  13%|█▎        | 206/1625 [00:29<02:45,  8.56it/s, acc=47.0%, loss=0.971]
Epoch 1/3:  13%|█▎        | 207/1625 [00:29<03:09,  7.48it/s, acc=47.0%, loss=0.971]
Epoch 1/3:  13%|█▎        | 207/1625 [00:30<03:09,  7.48it/s, acc=46.9%, loss=1.068]
Epoch 1/3:  13%|█▎        | 208/1625 [00:30<03:07,  7.58it/s, acc=46.9%, loss=1.068]
Epoch 1/3:  13%|█▎        | 208/1625 [00:30<03:07,  7.58it/s, acc=47.0%, loss=0.977]
Epoch 1/3:  13%|█▎        | 209/1625 [00:30<03:01,  7.79it/s, acc=47.0%, loss=0.977]
Epoch 1/3:  13%|█▎        | 209/1625 [00:30<03:01,  7.79it/s, acc=47.0%, loss=0.935]
Epoch 1/3:  13%|█▎        | 210/1625 [00:30<03:12,  7.35it/s, acc=47.0%, loss=0.935]
Epoch 1/3:  13%|█▎        | 210/1625 [00:30<03:12,  7.35it/s, acc=47.0%, loss=0.988]
Epoch 1/3:  13%|█▎        | 211/1625 [00:30<03:04,  7.67it/s, acc=47.0%, loss=0.988]
Epoch 1/3:  13%|█▎        | 211/1625 [00:30<03:04,  7.67it/s, acc=47.0%, loss=0.967]
Epoch 1/3:  13%|█▎        | 212/1625 [00:30<02:53,  8.14it/s, acc=47.0%, loss=0.967]
Epoch 1/3:  13%|█▎        | 212/1625 [00:30<02:53,  8.14it/s, acc=47.1%, loss=0.876]
Epoch 1/3:  13%|█▎        | 213/1625 [00:30<02:47,  8.44it/s, acc=47.1%, loss=0.876]
Epoch 1/3:  13%|█▎        | 213/1625 [00:30<02:47,  8.44it/s, acc=47.1%, loss=0.933]
Epoch 1/3:  13%|█▎        | 214/1625 [00:30<02:45,  8.54it/s, acc=47.1%, loss=0.933]
Epoch 1/3:  13%|█▎        | 214/1625 [00:30<02:45,  8.54it/s, acc=47.2%, loss=0.901]
Epoch 1/3:  13%|█▎        | 215/1625 [00:30<02:43,  8.63it/s, acc=47.2%, loss=0.901]
Epoch 1/3:  13%|█▎        | 215/1625 [00:31<02:43,  8.63it/s, acc=47.3%, loss=0.933]
Epoch 1/3:  13%|█▎        | 216/1625 [00:31<02:44,  8.54it/s, acc=47.3%, loss=0.933]
Epoch 1/3:  13%|█▎        | 216/1625 [00:31<02:44,  8.54it/s, acc=47.3%, loss=0.932]
Epoch 1/3:  13%|█▎        | 217/1625 [00:31<02:55,  8.01it/s, acc=47.3%, loss=0.932]
Epoch 1/3:  13%|█▎        | 217/1625 [00:31<02:55,  8.01it/s, acc=47.4%, loss=0.860]
Epoch 1/3:  13%|█▎        | 218/1625 [00:31<03:14,  7.23it/s, acc=47.4%, loss=0.860]
Epoch 1/3:  13%|█▎        | 218/1625 [00:31<03:14,  7.23it/s, acc=47.4%, loss=1.078]
Epoch 1/3:  13%|█▎        | 219/1625 [00:31<03:23,  6.91it/s, acc=47.4%, loss=1.078]
Epoch 1/3:  13%|█▎        | 219/1625 [00:31<03:23,  6.91it/s, acc=47.5%, loss=0.930]
Epoch 1/3:  14%|█▎        | 220/1625 [00:31<03:33,  6.57it/s, acc=47.5%, loss=0.930]
Epoch 1/3:  14%|█▎        | 220/1625 [00:31<03:33,  6.57it/s, acc=47.6%, loss=0.763]
Epoch 1/3:  14%|█▎        | 221/1625 [00:31<03:36,  6.47it/s, acc=47.6%, loss=0.763]
Epoch 1/3:  14%|█▎        | 221/1625 [00:32<03:36,  6.47it/s, acc=47.7%, loss=0.922]
Epoch 1/3:  14%|█▎        | 222/1625 [00:32<03:54,  5.99it/s, acc=47.7%, loss=0.922]
Epoch 1/3:  14%|█▎        | 222/1625 [00:32<03:54,  5.99it/s, acc=47.7%, loss=1.030]
Epoch 1/3:  14%|█▎        | 223/1625 [00:32<03:58,  5.88it/s, acc=47.7%, loss=1.030]
Epoch 1/3:  14%|█▎        | 223/1625 [00:32<03:58,  5.88it/s, acc=47.7%, loss=0.877]
Epoch 1/3:  14%|█▍        | 224/1625 [00:32<03:52,  6.02it/s, acc=47.7%, loss=0.877]
Epoch 1/3:  14%|█▍        | 224/1625 [00:32<03:52,  6.02it/s, acc=47.7%, loss=0.943]
Epoch 1/3:  14%|█▍        | 225/1625 [00:32<03:56,  5.93it/s, acc=47.7%, loss=0.943]
Epoch 1/3:  14%|█▍        | 225/1625 [00:32<03:56,  5.93it/s, acc=47.7%, loss=1.045]
Epoch 1/3:  14%|█▍        | 226/1625 [00:32<04:07,  5.65it/s, acc=47.7%, loss=1.045]
Epoch 1/3:  14%|█▍        | 226/1625 [00:32<04:07,  5.65it/s, acc=47.8%, loss=0.839]
Epoch 1/3:  14%|█▍        | 227/1625 [00:32<03:45,  6.21it/s, acc=47.8%, loss=0.839]
Epoch 1/3:  14%|█▍        | 227/1625 [00:32<03:45,  6.21it/s, acc=47.8%, loss=1.100]
Epoch 1/3:  14%|█▍        | 228/1625 [00:32<03:21,  6.94it/s, acc=47.8%, loss=1.100]
Epoch 1/3:  14%|█▍        | 228/1625 [00:33<03:21,  6.94it/s, acc=47.8%, loss=0.893]
Epoch 1/3:  14%|█▍        | 229/1625 [00:33<03:04,  7.57it/s, acc=47.8%, loss=0.893]
Epoch 1/3:  14%|█▍        | 229/1625 [00:33<03:04,  7.57it/s, acc=47.8%, loss=0.833]
Epoch 1/3:  14%|█▍        | 230/1625 [00:33<03:08,  7.39it/s, acc=47.8%, loss=0.833]
Epoch 1/3:  14%|█▍        | 230/1625 [00:33<03:08,  7.39it/s, acc=48.0%, loss=0.717]
Epoch 1/3:  14%|█▍        | 231/1625 [00:33<03:21,  6.93it/s, acc=48.0%, loss=0.717]
Epoch 1/3:  14%|█▍        | 231/1625 [00:33<03:21,  6.93it/s, acc=48.0%, loss=0.917]
Epoch 1/3:  14%|█▍        | 232/1625 [00:33<03:16,  7.08it/s, acc=48.0%, loss=0.917]
Epoch 1/3:  14%|█▍        | 232/1625 [00:33<03:16,  7.08it/s, acc=48.1%, loss=0.671]
Epoch 1/3:  14%|█▍        | 233/1625 [00:33<03:06,  7.47it/s, acc=48.1%, loss=0.671]
Epoch 1/3:  14%|█▍        | 233/1625 [00:33<03:06,  7.47it/s, acc=48.1%, loss=0.919]
Epoch 1/3:  14%|█▍        | 234/1625 [00:33<03:32,  6.56it/s, acc=48.1%, loss=0.919]
Epoch 1/3:  14%|█▍        | 234/1625 [00:33<03:32,  6.56it/s, acc=48.2%, loss=0.942]
Epoch 1/3:  14%|█▍        | 235/1625 [00:33<03:38,  6.37it/s, acc=48.2%, loss=0.942]
Epoch 1/3:  14%|█▍        | 235/1625 [00:34<03:38,  6.37it/s, acc=48.2%, loss=0.939]
Epoch 1/3:  15%|█▍        | 236/1625 [00:34<03:19,  6.96it/s, acc=48.2%, loss=0.939]
Epoch 1/3:  15%|█▍        | 236/1625 [00:34<03:19,  6.96it/s, acc=48.2%, loss=0.972]
Epoch 1/3:  15%|█▍        | 237/1625 [00:34<03:04,  7.52it/s, acc=48.2%, loss=0.972]
Epoch 1/3:  15%|█▍        | 237/1625 [00:34<03:04,  7.52it/s, acc=48.2%, loss=1.062]
Epoch 1/3:  15%|█▍        | 238/1625 [00:34<02:56,  7.88it/s, acc=48.2%, loss=1.062]
Epoch 1/3:  15%|█▍        | 238/1625 [00:34<02:56,  7.88it/s, acc=48.3%, loss=0.871]
Epoch 1/3:  15%|█▍        | 239/1625 [00:34<02:51,  8.09it/s, acc=48.3%, loss=0.871]
Epoch 1/3:  15%|█▍        | 239/1625 [00:34<02:51,  8.09it/s, acc=48.4%, loss=0.814]
Epoch 1/3:  15%|█▍        | 240/1625 [00:34<02:52,  8.05it/s, acc=48.4%, loss=0.814]
Epoch 1/3:  15%|█▍        | 240/1625 [00:34<02:52,  8.05it/s, acc=48.4%, loss=0.988]
Epoch 1/3:  15%|█▍        | 241/1625 [00:34<02:43,  8.44it/s, acc=48.4%, loss=0.988]
Epoch 1/3:  15%|█▍        | 241/1625 [00:34<02:43,  8.44it/s, acc=48.4%, loss=0.929]
Epoch 1/3:  15%|█▍        | 242/1625 [00:34<02:41,  8.56it/s, acc=48.4%, loss=0.929]
Epoch 1/3:  15%|█▍        | 242/1625 [00:34<02:41,  8.56it/s, acc=48.5%, loss=0.839]
Epoch 1/3:  15%|█▍        | 243/1625 [00:34<02:37,  8.75it/s, acc=48.5%, loss=0.839]
Epoch 1/3:  15%|█▍        | 243/1625 [00:35<02:37,  8.75it/s, acc=48.5%, loss=0.812]
Epoch 1/3:  15%|█▌        | 244/1625 [00:35<02:36,  8.82it/s, acc=48.5%, loss=0.812]
Epoch 1/3:  15%|█▌        | 244/1625 [00:35<02:36,  8.82it/s, acc=48.5%, loss=0.939]
Epoch 1/3:  15%|█▌        | 245/1625 [00:35<02:46,  8.30it/s, acc=48.5%, loss=0.939]
Epoch 1/3:  15%|█▌        | 245/1625 [00:35<02:46,  8.30it/s, acc=48.6%, loss=0.901]
Epoch 1/3:  15%|█▌        | 246/1625 [00:35<02:39,  8.65it/s, acc=48.6%, loss=0.901]
Epoch 1/3:  15%|█▌        | 246/1625 [00:35<02:39,  8.65it/s, acc=48.6%, loss=1.000]
Epoch 1/3:  15%|█▌        | 247/1625 [00:35<02:36,  8.82it/s, acc=48.6%, loss=1.000]
Epoch 1/3:  15%|█▌        | 247/1625 [00:35<02:36,  8.82it/s, acc=48.6%, loss=0.830]
Epoch 1/3:  15%|█▌        | 248/1625 [00:35<02:38,  8.68it/s, acc=48.6%, loss=0.830]
Epoch 1/3:  15%|█▌        | 248/1625 [00:35<02:38,  8.68it/s, acc=48.7%, loss=0.841]
Epoch 1/3:  15%|█▌        | 249/1625 [00:35<02:36,  8.80it/s, acc=48.7%, loss=0.841]
Epoch 1/3:  15%|█▌        | 249/1625 [00:35<02:36,  8.80it/s, acc=48.7%, loss=1.019]
Epoch 1/3:  15%|█▌        | 250/1625 [00:35<02:37,  8.75it/s, acc=48.7%, loss=1.019]
Epoch 1/3:  15%|█▌        | 250/1625 [00:35<02:37,  8.75it/s, acc=48.7%, loss=1.023]
Epoch 1/3:  15%|█▌        | 251/1625 [00:35<02:38,  8.67it/s, acc=48.7%, loss=1.023]
Epoch 1/3:  15%|█▌        | 251/1625 [00:35<02:38,  8.67it/s, acc=48.8%, loss=0.931]
Epoch 1/3:  16%|█▌        | 252/1625 [00:35<02:38,  8.67it/s, acc=48.8%, loss=0.931]
Epoch 1/3:  16%|█▌        | 252/1625 [00:36<02:38,  8.67it/s, acc=48.8%, loss=0.920]
Epoch 1/3:  16%|█▌        | 253/1625 [00:36<02:39,  8.61it/s, acc=48.8%, loss=0.920]
Epoch 1/3:  16%|█▌        | 253/1625 [00:36<02:39,  8.61it/s, acc=48.9%, loss=0.860]
Epoch 1/3:  16%|█▌        | 254/1625 [00:36<02:36,  8.75it/s, acc=48.9%, loss=0.860]
Epoch 1/3:  16%|█▌        | 254/1625 [00:36<02:36,  8.75it/s, acc=48.9%, loss=0.992]
Epoch 1/3:  16%|█▌        | 255/1625 [00:36<02:49,  8.07it/s, acc=48.9%, loss=0.992]
Epoch 1/3:  16%|█▌        | 255/1625 [00:36<02:49,  8.07it/s, acc=49.0%, loss=0.947]
Epoch 1/3:  16%|█▌        | 256/1625 [00:36<03:08,  7.28it/s, acc=49.0%, loss=0.947]
Epoch 1/3:  16%|█▌        | 256/1625 [00:36<03:08,  7.28it/s, acc=49.0%, loss=0.854]
Epoch 1/3:  16%|█▌        | 257/1625 [00:36<03:17,  6.94it/s, acc=49.0%, loss=0.854]
Epoch 1/3:  16%|█▌        | 257/1625 [00:36<03:17,  6.94it/s, acc=49.0%, loss=0.875]
Epoch 1/3:  16%|█▌        | 258/1625 [00:36<03:37,  6.28it/s, acc=49.0%, loss=0.875]
Epoch 1/3:  16%|█▌        | 258/1625 [00:37<03:37,  6.28it/s, acc=49.1%, loss=0.873]
Epoch 1/3:  16%|█▌        | 259/1625 [00:37<03:40,  6.19it/s, acc=49.1%, loss=0.873]
Epoch 1/3:  16%|█▌        | 259/1625 [00:37<03:40,  6.19it/s, acc=49.1%, loss=0.791]
Epoch 1/3:  16%|█▌        | 260/1625 [00:37<03:18,  6.89it/s, acc=49.1%, loss=0.791]
Epoch 1/3:  16%|█▌        | 260/1625 [00:37<03:18,  6.89it/s, acc=49.1%, loss=0.968]
Epoch 1/3:  16%|█▌        | 261/1625 [00:37<03:03,  7.45it/s, acc=49.1%, loss=0.968]
Epoch 1/3:  16%|█▌        | 261/1625 [00:37<03:03,  7.45it/s, acc=49.2%, loss=0.837]
Epoch 1/3:  16%|█▌        | 262/1625 [00:37<02:50,  7.97it/s, acc=49.2%, loss=0.837]
Epoch 1/3:  16%|█▌        | 262/1625 [00:37<02:50,  7.97it/s, acc=49.3%, loss=0.844]
Epoch 1/3:  16%|█▌        | 263/1625 [00:37<02:40,  8.48it/s, acc=49.3%, loss=0.844]
Epoch 1/3:  16%|█▌        | 263/1625 [00:37<02:40,  8.48it/s, acc=49.4%, loss=0.861]
Epoch 1/3:  16%|█▌        | 264/1625 [00:37<02:36,  8.70it/s, acc=49.4%, loss=0.861]
Epoch 1/3:  16%|█▌        | 264/1625 [00:37<02:36,  8.70it/s, acc=49.4%, loss=1.115]
Epoch 1/3:  16%|█▋        | 265/1625 [00:37<02:34,  8.78it/s, acc=49.4%, loss=1.115]
Epoch 1/3:  16%|█▋        | 265/1625 [00:37<02:34,  8.78it/s, acc=49.4%, loss=0.898]
Epoch 1/3:  16%|█▋        | 266/1625 [00:37<02:32,  8.91it/s, acc=49.4%, loss=0.898]
Epoch 1/3:  16%|█▋        | 266/1625 [00:37<02:32,  8.91it/s, acc=49.4%, loss=0.875]
Epoch 1/3:  16%|█▋        | 267/1625 [00:37<02:31,  8.95it/s, acc=49.4%, loss=0.875]
Epoch 1/3:  16%|█▋        | 267/1625 [00:38<02:31,  8.95it/s, acc=49.4%, loss=0.899]
Epoch 1/3:  16%|█▋        | 268/1625 [00:38<03:00,  7.52it/s, acc=49.4%, loss=0.899]
Epoch 1/3:  16%|█▋        | 268/1625 [00:38<03:00,  7.52it/s, acc=49.5%, loss=0.802]
Epoch 1/3:  17%|█▋        | 269/1625 [00:38<03:10,  7.11it/s, acc=49.5%, loss=0.802]
Epoch 1/3:  17%|█▋        | 269/1625 [00:38<03:10,  7.11it/s, acc=49.4%, loss=1.134]
Epoch 1/3:  17%|█▋        | 270/1625 [00:38<02:57,  7.62it/s, acc=49.4%, loss=1.134]
Epoch 1/3:  17%|█▋        | 270/1625 [00:38<02:57,  7.62it/s, acc=49.4%, loss=0.924]
Epoch 1/3:  17%|█▋        | 270/1625 [00:38<02:57,  7.62it/s, acc=49.4%, loss=1.089]
Epoch 1/3:  17%|█▋        | 272/1625 [00:38<02:36,  8.63it/s, acc=49.4%, loss=1.089]
Epoch 1/3:  17%|█▋        | 272/1625 [00:38<02:36,  8.63it/s, acc=49.4%, loss=1.084]
Epoch 1/3:  17%|█▋        | 273/1625 [00:38<02:31,  8.93it/s, acc=49.4%, loss=1.084]
Epoch 1/3:  17%|█▋        | 273/1625 [00:38<02:31,  8.93it/s, acc=49.4%, loss=1.021]
Epoch 1/3:  17%|█▋        | 274/1625 [00:38<02:57,  7.61it/s, acc=49.4%, loss=1.021]
Epoch 1/3:  17%|█▋        | 274/1625 [00:38<02:57,  7.61it/s, acc=49.4%, loss=0.984]
Epoch 1/3:  17%|█▋        | 275/1625 [00:38<03:09,  7.13it/s, acc=49.4%, loss=0.984]
Epoch 1/3:  17%|█▋        | 275/1625 [00:39<03:09,  7.13it/s, acc=49.5%, loss=0.929]
Epoch 1/3:  17%|█▋        | 276/1625 [00:39<02:55,  7.70it/s, acc=49.5%, loss=0.929]
Epoch 1/3:  17%|█▋        | 276/1625 [00:39<02:55,  7.70it/s, acc=49.5%, loss=0.976]
Epoch 1/3:  17%|█▋        | 277/1625 [00:39<03:07,  7.18it/s, acc=49.5%, loss=0.976]
Epoch 1/3:  17%|█▋        | 277/1625 [00:39<03:07,  7.18it/s, acc=49.5%, loss=1.024]
Epoch 1/3:  17%|█▋        | 278/1625 [00:39<03:20,  6.72it/s, acc=49.5%, loss=1.024]
Epoch 1/3:  17%|█▋        | 278/1625 [00:39<03:20,  6.72it/s, acc=49.5%, loss=1.051]
Epoch 1/3:  17%|█▋        | 279/1625 [00:39<03:28,  6.44it/s, acc=49.5%, loss=1.051]
Epoch 1/3:  17%|█▋        | 279/1625 [00:39<03:28,  6.44it/s, acc=49.5%, loss=0.916]
Epoch 1/3:  17%|█▋        | 280/1625 [00:39<03:40,  6.10it/s, acc=49.5%, loss=0.916]
Epoch 1/3:  17%|█▋        | 280/1625 [00:39<03:40,  6.10it/s, acc=49.5%, loss=1.077]
Epoch 1/3:  17%|█▋        | 281/1625 [00:39<03:51,  5.81it/s, acc=49.5%, loss=1.077]
Epoch 1/3:  17%|█▋        | 281/1625 [00:40<03:51,  5.81it/s, acc=49.5%, loss=0.984]
Epoch 1/3:  17%|█▋        | 282/1625 [00:40<04:05,  5.48it/s, acc=49.5%, loss=0.984]
Epoch 1/3:  17%|█▋        | 282/1625 [00:40<04:05,  5.48it/s, acc=49.5%, loss=1.045]
Epoch 1/3:  17%|█▋        | 283/1625 [00:40<04:06,  5.45it/s, acc=49.5%, loss=1.045]
Epoch 1/3:  17%|█▋        | 283/1625 [00:40<04:06,  5.45it/s, acc=49.5%, loss=0.998]
Epoch 1/3:  17%|█▋        | 284/1625 [00:40<04:07,  5.42it/s, acc=49.5%, loss=0.998]
Epoch 1/3:  17%|█▋        | 284/1625 [00:40<04:07,  5.42it/s, acc=49.5%, loss=0.935]
Epoch 1/3:  18%|█▊        | 285/1625 [00:40<04:06,  5.44it/s, acc=49.5%, loss=0.935]
Epoch 1/3:  18%|█▊        | 285/1625 [00:40<04:06,  5.44it/s, acc=49.5%, loss=0.938]
Epoch 1/3:  18%|█▊        | 286/1625 [00:40<04:27,  5.01it/s, acc=49.5%, loss=0.938]
Epoch 1/3:  18%|█▊        | 286/1625 [00:41<04:27,  5.01it/s, acc=49.5%, loss=1.052]
Epoch 1/3:  18%|█▊        | 287/1625 [00:41<04:38,  4.80it/s, acc=49.5%, loss=1.052]
Epoch 1/3:  18%|█▊        | 287/1625 [00:41<04:38,  4.80it/s, acc=49.6%, loss=0.877]
Epoch 1/3:  18%|█▊        | 288/1625 [00:41<04:47,  4.65it/s, acc=49.6%, loss=0.877]
Epoch 1/3:  18%|█▊        | 288/1625 [00:41<04:47,  4.65it/s, acc=49.6%, loss=1.029]
Epoch 1/3:  18%|█▊        | 289/1625 [00:41<04:41,  4.74it/s, acc=49.6%, loss=1.029]
Epoch 1/3:  18%|█▊        | 289/1625 [00:41<04:41,  4.74it/s, acc=49.6%, loss=0.791]
Epoch 1/3:  18%|█▊        | 290/1625 [00:41<04:04,  5.46it/s, acc=49.6%, loss=0.791]
Epoch 1/3:  18%|█▊        | 290/1625 [00:41<04:04,  5.46it/s, acc=49.6%, loss=0.838]
Epoch 1/3:  18%|█▊        | 290/1625 [00:41<04:04,  5.46it/s, acc=49.6%, loss=0.967]
Epoch 1/3:  18%|█▊        | 292/1625 [00:41<03:14,  6.86it/s, acc=49.6%, loss=0.967]
Epoch 1/3:  18%|█▊        | 292/1625 [00:42<03:14,  6.86it/s, acc=49.6%, loss=1.076]
Epoch 1/3:  18%|█▊        | 293/1625 [00:42<03:12,  6.91it/s, acc=49.6%, loss=1.076]
Epoch 1/3:  18%|█▊        | 293/1625 [00:42<03:12,  6.91it/s, acc=49.7%, loss=0.921]
Epoch 1/3:  18%|█▊        | 294/1625 [00:42<02:59,  7.43it/s, acc=49.7%, loss=0.921]
Epoch 1/3:  18%|█▊        | 294/1625 [00:42<02:59,  7.43it/s, acc=49.7%, loss=0.975]
Epoch 1/3:  18%|█▊        | 295/1625 [00:42<02:46,  7.97it/s, acc=49.7%, loss=0.975]
Epoch 1/3:  18%|█▊        | 295/1625 [00:42<02:46,  7.97it/s, acc=49.7%, loss=0.971]
Epoch 1/3:  18%|█▊        | 296/1625 [00:42<02:40,  8.30it/s, acc=49.7%, loss=0.971]
Epoch 1/3:  18%|█▊        | 296/1625 [00:42<02:40,  8.30it/s, acc=49.7%, loss=0.919]
Epoch 1/3:  18%|█▊        | 297/1625 [00:42<02:35,  8.56it/s, acc=49.7%, loss=0.919]
Epoch 1/3:  18%|█▊        | 297/1625 [00:42<02:35,  8.56it/s, acc=49.7%, loss=0.926]
Epoch 1/3:  18%|█▊        | 297/1625 [00:42<02:35,  8.56it/s, acc=49.7%, loss=0.954]
Epoch 1/3:  18%|█▊        | 299/1625 [00:42<02:25,  9.10it/s, acc=49.7%, loss=0.954]
Epoch 1/3:  18%|█▊        | 299/1625 [00:42<02:25,  9.10it/s, acc=49.8%, loss=0.768]
Epoch 1/3:  18%|█▊        | 300/1625 [00:42<02:28,  8.92it/s, acc=49.8%, loss=0.768]
Epoch 1/3:  18%|█▊        | 300/1625 [00:42<02:28,  8.92it/s, acc=49.8%, loss=1.001]
Epoch 1/3:  19%|█▊        | 301/1625 [00:42<02:42,  8.14it/s, acc=49.8%, loss=1.001]
Epoch 1/3:  19%|█▊        | 301/1625 [00:43<02:42,  8.14it/s, acc=49.8%, loss=0.818]
Epoch 1/3:  19%|█▊        | 302/1625 [00:43<02:35,  8.50it/s, acc=49.8%, loss=0.818]
Epoch 1/3:  19%|█▊        | 302/1625 [00:43<02:35,  8.50it/s, acc=49.8%, loss=0.883]
Epoch 1/3:  19%|█▊        | 303/1625 [00:43<02:30,  8.79it/s, acc=49.8%, loss=0.883]
Epoch 1/3:  19%|█▊        | 303/1625 [00:43<02:30,  8.79it/s, acc=49.8%, loss=1.071]
Epoch 1/3:  19%|█▊        | 304/1625 [00:43<02:33,  8.61it/s, acc=49.8%, loss=1.071]
Epoch 1/3:  19%|█▊        | 304/1625 [00:43<02:33,  8.61it/s, acc=49.8%, loss=0.923]
Epoch 1/3:  19%|█▉        | 305/1625 [00:43<02:31,  8.73it/s, acc=49.8%, loss=0.923]
Epoch 1/3:  19%|█▉        | 305/1625 [00:43<02:31,  8.73it/s, acc=49.9%, loss=0.852]
Epoch 1/3:  19%|█▉        | 306/1625 [00:43<02:30,  8.79it/s, acc=49.9%, loss=0.852]
Epoch 1/3:  19%|█▉        | 306/1625 [00:43<02:30,  8.79it/s, acc=49.9%, loss=0.919]
Epoch 1/3:  19%|█▉        | 307/1625 [00:43<02:24,  9.10it/s, acc=49.9%, loss=0.919]
Epoch 1/3:  19%|█▉        | 307/1625 [00:43<02:24,  9.10it/s, acc=49.9%, loss=1.016]
Epoch 1/3:  19%|█▉        | 308/1625 [00:43<02:25,  9.06it/s, acc=49.9%, loss=1.016]
Epoch 1/3:  19%|█▉        | 308/1625 [00:43<02:25,  9.06it/s, acc=49.9%, loss=1.021]
Epoch 1/3:  19%|█▉        | 309/1625 [00:43<02:22,  9.23it/s, acc=49.9%, loss=1.021]
Epoch 1/3:  19%|█▉        | 309/1625 [00:43<02:22,  9.23it/s, acc=49.9%, loss=0.963]
Epoch 1/3:  19%|█▉        | 310/1625 [00:43<02:25,  9.02it/s, acc=49.9%, loss=0.963]
Epoch 1/3:  19%|█▉        | 310/1625 [00:44<02:25,  9.02it/s, acc=49.9%, loss=0.876]
Epoch 1/3:  19%|█▉        | 311/1625 [00:44<02:57,  7.41it/s, acc=49.9%, loss=0.876]
Epoch 1/3:  19%|█▉        | 311/1625 [00:44<02:57,  7.41it/s, acc=49.9%, loss=1.011]
Epoch 1/3:  19%|█▉        | 312/1625 [00:44<03:19,  6.59it/s, acc=49.9%, loss=1.011]
Epoch 1/3:  19%|█▉        | 312/1625 [00:44<03:19,  6.59it/s, acc=49.9%, loss=0.908]
Epoch 1/3:  19%|█▉        | 313/1625 [00:44<03:35,  6.08it/s, acc=49.9%, loss=0.908]
Epoch 1/3:  19%|█▉        | 313/1625 [00:44<03:35,  6.08it/s, acc=49.9%, loss=0.995]
Epoch 1/3:  19%|█▉        | 314/1625 [00:44<03:23,  6.45it/s, acc=49.9%, loss=0.995]
Epoch 1/3:  19%|█▉        | 314/1625 [00:44<03:23,  6.45it/s, acc=49.9%, loss=1.099]
Epoch 1/3:  19%|█▉        | 315/1625 [00:44<03:09,  6.93it/s, acc=49.9%, loss=1.099]
Epoch 1/3:  19%|█▉        | 315/1625 [00:44<03:09,  6.93it/s, acc=49.9%, loss=0.872]
Epoch 1/3:  19%|█▉        | 316/1625 [00:44<02:58,  7.33it/s, acc=49.9%, loss=0.872]
Epoch 1/3:  19%|█▉        | 316/1625 [00:45<02:58,  7.33it/s, acc=50.0%, loss=0.829]
Epoch 1/3:  20%|█▉        | 317/1625 [00:45<02:51,  7.63it/s, acc=50.0%, loss=0.829]
Epoch 1/3:  20%|█▉        | 317/1625 [00:45<02:51,  7.63it/s, acc=50.0%, loss=0.753]
Epoch 1/3:  20%|█▉        | 318/1625 [00:45<02:57,  7.38it/s, acc=50.0%, loss=0.753]
Epoch 1/3:  20%|█▉        | 318/1625 [00:45<02:57,  7.38it/s, acc=50.1%, loss=0.906]
Epoch 1/3:  20%|█▉        | 319/1625 [00:45<03:05,  7.06it/s, acc=50.1%, loss=0.906]
Epoch 1/3:  20%|█▉        | 319/1625 [00:45<03:05,  7.06it/s, acc=50.1%, loss=0.987]
Epoch 1/3:  20%|█▉        | 320/1625 [00:45<03:12,  6.78it/s, acc=50.1%, loss=0.987]
Epoch 1/3:  20%|█▉        | 320/1625 [00:45<03:12,  6.78it/s, acc=50.1%, loss=1.128]
Epoch 1/3:  20%|█▉        | 321/1625 [00:45<03:25,  6.35it/s, acc=50.1%, loss=1.128]
Epoch 1/3:  20%|█▉        | 321/1625 [00:45<03:25,  6.35it/s, acc=50.1%, loss=0.820]
Epoch 1/3:  20%|█▉        | 322/1625 [00:45<03:17,  6.61it/s, acc=50.1%, loss=0.820]
Epoch 1/3:  20%|█▉        | 322/1625 [00:45<03:17,  6.61it/s, acc=50.2%, loss=0.768]
Epoch 1/3:  20%|█▉        | 323/1625 [00:45<02:57,  7.36it/s, acc=50.2%, loss=0.768]
Epoch 1/3:  20%|█▉        | 323/1625 [00:46<02:57,  7.36it/s, acc=50.2%, loss=1.005]
Epoch 1/3:  20%|█▉        | 324/1625 [00:46<02:45,  7.84it/s, acc=50.2%, loss=1.005]
Epoch 1/3:  20%|█▉        | 324/1625 [00:46<02:45,  7.84it/s, acc=50.2%, loss=1.078]
Epoch 1/3:  20%|██        | 325/1625 [00:46<02:45,  7.85it/s, acc=50.2%, loss=1.078]
Epoch 1/3:  20%|██        | 325/1625 [00:46<02:45,  7.85it/s, acc=50.2%, loss=1.031]
Epoch 1/3:  20%|██        | 326/1625 [00:46<02:48,  7.72it/s, acc=50.2%, loss=1.031]
Epoch 1/3:  20%|██        | 326/1625 [00:46<02:48,  7.72it/s, acc=50.2%, loss=0.863]
Epoch 1/3:  20%|██        | 327/1625 [00:46<02:38,  8.19it/s, acc=50.2%, loss=0.863]
Epoch 1/3:  20%|██        | 327/1625 [00:46<02:38,  8.19it/s, acc=50.3%, loss=0.932]
Epoch 1/3:  20%|██        | 328/1625 [00:46<02:35,  8.34it/s, acc=50.3%, loss=0.932]
Epoch 1/3:  20%|██        | 328/1625 [00:46<02:35,  8.34it/s, acc=50.2%, loss=1.062]
Epoch 1/3:  20%|██        | 329/1625 [00:46<02:52,  7.51it/s, acc=50.2%, loss=1.062]
Epoch 1/3:  20%|██        | 329/1625 [00:46<02:52,  7.51it/s, acc=50.2%, loss=1.041]
Epoch 1/3:  20%|██        | 330/1625 [00:46<02:39,  8.11it/s, acc=50.2%, loss=1.041]
Epoch 1/3:  20%|██        | 330/1625 [00:46<02:39,  8.11it/s, acc=50.2%, loss=0.934]
Epoch 1/3:  20%|██        | 331/1625 [00:46<02:33,  8.42it/s, acc=50.2%, loss=0.934]
Epoch 1/3:  20%|██        | 331/1625 [00:46<02:33,  8.42it/s, acc=50.2%, loss=0.959]
Epoch 1/3:  20%|██        | 332/1625 [00:46<02:31,  8.52it/s, acc=50.2%, loss=0.959]
Epoch 1/3:  20%|██        | 332/1625 [00:47<02:31,  8.52it/s, acc=50.2%, loss=1.021]
Epoch 1/3:  20%|██        | 333/1625 [00:47<02:42,  7.97it/s, acc=50.2%, loss=1.021]
Epoch 1/3:  20%|██        | 333/1625 [00:47<02:42,  7.97it/s, acc=50.2%, loss=0.880]
Epoch 1/3:  21%|██        | 334/1625 [00:47<02:36,  8.25it/s, acc=50.2%, loss=0.880]
Epoch 1/3:  21%|██        | 334/1625 [00:47<02:36,  8.25it/s, acc=50.1%, loss=1.095]
Epoch 1/3:  21%|██        | 335/1625 [00:47<02:32,  8.45it/s, acc=50.1%, loss=1.095]
Epoch 1/3:  21%|██        | 335/1625 [00:47<02:32,  8.45it/s, acc=50.1%, loss=1.061]
Epoch 1/3:  21%|██        | 336/1625 [00:47<02:48,  7.65it/s, acc=50.1%, loss=1.061]
Epoch 1/3:  21%|██        | 336/1625 [00:47<02:48,  7.65it/s, acc=50.0%, loss=1.131]
Epoch 1/3:  21%|██        | 337/1625 [00:47<02:59,  7.17it/s, acc=50.0%, loss=1.131]
Epoch 1/3:  21%|██        | 337/1625 [00:47<02:59,  7.17it/s, acc=50.0%, loss=0.927]
Epoch 1/3:  21%|██        | 338/1625 [00:47<03:34,  6.00it/s, acc=50.0%, loss=0.927]
Epoch 1/3:  21%|██        | 338/1625 [00:48<03:34,  6.00it/s, acc=50.0%, loss=0.971]
Epoch 1/3:  21%|██        | 339/1625 [00:48<03:25,  6.26it/s, acc=50.0%, loss=0.971]
Epoch 1/3:  21%|██        | 339/1625 [00:48<03:25,  6.26it/s, acc=50.0%, loss=0.960]
Epoch 1/3:  21%|██        | 339/1625 [00:48<03:25,  6.26it/s, acc=50.0%, loss=0.913]
Epoch 1/3:  21%|██        | 341/1625 [00:48<02:48,  7.61it/s, acc=50.0%, loss=0.913]
Epoch 1/3:  21%|██        | 341/1625 [00:48<02:48,  7.61it/s, acc=50.1%, loss=1.002]
Epoch 1/3:  21%|██        | 342/1625 [00:48<02:40,  7.99it/s, acc=50.1%, loss=1.002]
Epoch 1/3:  21%|██        | 342/1625 [00:48<02:40,  7.99it/s, acc=50.1%, loss=0.916]
Epoch 1/3:  21%|██        | 343/1625 [00:48<02:42,  7.89it/s, acc=50.1%, loss=0.916]
Epoch 1/3:  21%|██        | 343/1625 [00:48<02:42,  7.89it/s, acc=50.1%, loss=0.788]
Epoch 1/3:  21%|██        | 344/1625 [00:48<02:49,  7.55it/s, acc=50.1%, loss=0.788]
Epoch 1/3:  21%|██        | 344/1625 [00:48<02:49,  7.55it/s, acc=50.2%, loss=0.842]
Epoch 1/3:  21%|██        | 345/1625 [00:48<02:59,  7.12it/s, acc=50.2%, loss=0.842]
Epoch 1/3:  21%|██        | 345/1625 [00:48<02:59,  7.12it/s, acc=50.1%, loss=1.081]
Epoch 1/3:  21%|██▏       | 346/1625 [00:48<03:07,  6.84it/s, acc=50.1%, loss=1.081]
Epoch 1/3:  21%|██▏       | 346/1625 [00:49<03:07,  6.84it/s, acc=50.1%, loss=1.329]
Epoch 1/3:  21%|██▏       | 347/1625 [00:49<03:08,  6.79it/s, acc=50.1%, loss=1.329]
Epoch 1/3:  21%|██▏       | 347/1625 [00:49<03:08,  6.79it/s, acc=50.0%, loss=1.379]
Epoch 1/3:  21%|██▏       | 348/1625 [00:49<03:07,  6.79it/s, acc=50.0%, loss=1.379]
Epoch 1/3:  21%|██▏       | 348/1625 [00:49<03:07,  6.79it/s, acc=50.1%, loss=1.069]
Epoch 1/3:  21%|██▏       | 349/1625 [00:49<03:04,  6.93it/s, acc=50.1%, loss=1.069]
Epoch 1/3:  21%|██▏       | 349/1625 [00:49<03:04,  6.93it/s, acc=50.1%, loss=1.010]
Epoch 1/3:  22%|██▏       | 350/1625 [00:49<03:05,  6.86it/s, acc=50.1%, loss=1.010]
Epoch 1/3:  22%|██▏       | 350/1625 [00:49<03:05,  6.86it/s, acc=50.0%, loss=1.198]
Epoch 1/3:  22%|██▏       | 351/1625 [00:49<02:54,  7.29it/s, acc=50.0%, loss=1.198]
Epoch 1/3:  22%|██▏       | 351/1625 [00:49<02:54,  7.29it/s, acc=50.0%, loss=0.971]
Epoch 1/3:  22%|██▏       | 352/1625 [00:49<02:44,  7.75it/s, acc=50.0%, loss=0.971]
Epoch 1/3:  22%|██▏       | 352/1625 [00:49<02:44,  7.75it/s, acc=50.0%, loss=1.074]
Epoch 1/3:  22%|██▏       | 353/1625 [00:49<02:39,  7.97it/s, acc=50.0%, loss=1.074]
Epoch 1/3:  22%|██▏       | 353/1625 [00:49<02:39,  7.97it/s, acc=50.0%, loss=0.981]
Epoch 1/3:  22%|██▏       | 354/1625 [00:49<02:38,  8.04it/s, acc=50.0%, loss=0.981]
Epoch 1/3:  22%|██▏       | 354/1625 [00:50<02:38,  8.04it/s, acc=50.0%, loss=1.085]
Epoch 1/3:  22%|██▏       | 355/1625 [00:50<02:35,  8.14it/s, acc=50.0%, loss=1.085]
Epoch 1/3:  22%|██▏       | 355/1625 [00:50<02:35,  8.14it/s, acc=50.0%, loss=1.016]
Epoch 1/3:  22%|██▏       | 356/1625 [00:50<02:34,  8.23it/s, acc=50.0%, loss=1.016]
Epoch 1/3:  22%|██▏       | 356/1625 [00:50<02:34,  8.23it/s, acc=50.0%, loss=1.049]
Epoch 1/3:  22%|██▏       | 357/1625 [00:50<02:26,  8.67it/s, acc=50.0%, loss=1.049]
Epoch 1/3:  22%|██▏       | 357/1625 [00:50<02:26,  8.67it/s, acc=50.0%, loss=0.966]
Epoch 1/3:  22%|██▏       | 358/1625 [00:50<02:20,  9.02it/s, acc=50.0%, loss=0.966]
Epoch 1/3:  22%|██▏       | 358/1625 [00:50<02:20,  9.02it/s, acc=50.0%, loss=1.046]
Epoch 1/3:  22%|██▏       | 359/1625 [00:50<02:18,  9.15it/s, acc=50.0%, loss=1.046]
Epoch 1/3:  22%|██▏       | 359/1625 [00:50<02:18,  9.15it/s, acc=50.0%, loss=1.015]
Epoch 1/3:  22%|██▏       | 360/1625 [00:50<02:16,  9.27it/s, acc=50.0%, loss=1.015]
Epoch 1/3:  22%|██▏       | 360/1625 [00:50<02:16,  9.27it/s, acc=49.9%, loss=1.167]
Epoch 1/3:  22%|██▏       | 361/1625 [00:50<02:17,  9.20it/s, acc=49.9%, loss=1.167]
Epoch 1/3:  22%|██▏       | 361/1625 [00:50<02:17,  9.20it/s, acc=49.9%, loss=1.050]
Epoch 1/3:  22%|██▏       | 362/1625 [00:50<02:17,  9.20it/s, acc=49.9%, loss=1.050]
Epoch 1/3:  22%|██▏       | 362/1625 [00:51<02:17,  9.20it/s, acc=49.9%, loss=0.934]
Epoch 1/3:  22%|██▏       | 363/1625 [00:51<02:36,  8.06it/s, acc=49.9%, loss=0.934]
Epoch 1/3:  22%|██▏       | 363/1625 [00:51<02:36,  8.06it/s, acc=50.0%, loss=1.012]
Epoch 1/3:  22%|██▏       | 364/1625 [00:51<02:39,  7.93it/s, acc=50.0%, loss=1.012]
Epoch 1/3:  22%|██▏       | 364/1625 [00:51<02:39,  7.93it/s, acc=50.0%, loss=0.948]
Epoch 1/3:  22%|██▏       | 365/1625 [00:51<02:36,  8.06it/s, acc=50.0%, loss=0.948]
Epoch 1/3:  22%|██▏       | 365/1625 [00:51<02:36,  8.06it/s, acc=50.0%, loss=1.038]
Epoch 1/3:  23%|██▎       | 366/1625 [00:51<02:27,  8.54it/s, acc=50.0%, loss=1.038]
Epoch 1/3:  23%|██▎       | 366/1625 [00:51<02:27,  8.54it/s, acc=50.0%, loss=0.932]
Epoch 1/3:  23%|██▎       | 367/1625 [00:51<02:40,  7.86it/s, acc=50.0%, loss=0.932]
Epoch 1/3:  23%|██▎       | 367/1625 [00:51<02:40,  7.86it/s, acc=50.0%, loss=0.866]
Epoch 1/3:  23%|██▎       | 368/1625 [00:51<02:41,  7.80it/s, acc=50.0%, loss=0.866]
Epoch 1/3:  23%|██▎       | 368/1625 [00:51<02:41,  7.80it/s, acc=50.1%, loss=0.949]
Epoch 1/3:  23%|██▎       | 369/1625 [00:51<02:32,  8.23it/s, acc=50.1%, loss=0.949]
Epoch 1/3:  23%|██▎       | 369/1625 [00:51<02:32,  8.23it/s, acc=50.1%, loss=0.947]
Epoch 1/3:  23%|██▎       | 370/1625 [00:51<02:25,  8.65it/s, acc=50.1%, loss=0.947]
Epoch 1/3:  23%|██▎       | 370/1625 [00:51<02:25,  8.65it/s, acc=50.1%, loss=0.882]
Epoch 1/3:  23%|██▎       | 371/1625 [00:51<02:19,  8.99it/s, acc=50.1%, loss=0.882]
Epoch 1/3:  23%|██▎       | 371/1625 [00:52<02:19,  8.99it/s, acc=50.1%, loss=1.037]
Epoch 1/3:  23%|██▎       | 372/1625 [00:52<02:21,  8.84it/s, acc=50.1%, loss=1.037]
Epoch 1/3:  23%|██▎       | 372/1625 [00:52<02:21,  8.84it/s, acc=50.1%, loss=1.125]
Epoch 1/3:  23%|██▎       | 372/1625 [00:52<02:21,  8.84it/s, acc=50.1%, loss=0.905]
Epoch 1/3:  23%|██▎       | 374/1625 [00:52<02:14,  9.29it/s, acc=50.1%, loss=0.905]
Epoch 1/3:  23%|██▎       | 374/1625 [00:52<02:14,  9.29it/s, acc=50.1%, loss=0.978]
Epoch 1/3:  23%|██▎       | 375/1625 [00:52<02:14,  9.30it/s, acc=50.1%, loss=0.978]
Epoch 1/3:  23%|██▎       | 375/1625 [00:52<02:14,  9.30it/s, acc=50.1%, loss=1.121]
Epoch 1/3:  23%|██▎       | 376/1625 [00:52<02:13,  9.36it/s, acc=50.1%, loss=1.121]
Epoch 1/3:  23%|██▎       | 376/1625 [00:52<02:13,  9.36it/s, acc=50.2%, loss=0.883]
Epoch 1/3:  23%|██▎       | 377/1625 [00:52<02:18,  9.04it/s, acc=50.2%, loss=0.883]
Epoch 1/3:  23%|██▎       | 377/1625 [00:52<02:18,  9.04it/s, acc=50.2%, loss=0.889]
Epoch 1/3:  23%|██▎       | 378/1625 [00:52<02:17,  9.09it/s, acc=50.2%, loss=0.889]
Epoch 1/3:  23%|██▎       | 378/1625 [00:52<02:17,  9.09it/s, acc=50.2%, loss=0.829]
Epoch 1/3:  23%|██▎       | 379/1625 [00:52<02:15,  9.21it/s, acc=50.2%, loss=0.829]
Epoch 1/3:  23%|██▎       | 379/1625 [00:52<02:15,  9.21it/s, acc=50.3%, loss=0.898]
Epoch 1/3:  23%|██▎       | 380/1625 [00:52<02:15,  9.16it/s, acc=50.3%, loss=0.898]
Epoch 1/3:  23%|██▎       | 380/1625 [00:53<02:15,  9.16it/s, acc=50.3%, loss=0.857]
Epoch 1/3:  23%|██▎       | 381/1625 [00:53<02:18,  9.00it/s, acc=50.3%, loss=0.857]
Epoch 1/3:  23%|██▎       | 381/1625 [00:53<02:18,  9.00it/s, acc=50.3%, loss=0.987]
Epoch 1/3:  24%|██▎       | 382/1625 [00:53<02:16,  9.12it/s, acc=50.3%, loss=0.987]
Epoch 1/3:  24%|██▎       | 382/1625 [00:53<02:16,  9.12it/s, acc=50.3%, loss=0.895]
Epoch 1/3:  24%|██▎       | 383/1625 [00:53<02:22,  8.74it/s, acc=50.3%, loss=0.895]
Epoch 1/3:  24%|██▎       | 383/1625 [00:53<02:22,  8.74it/s, acc=50.4%, loss=0.738]
Epoch 1/3:  24%|██▎       | 384/1625 [00:53<02:25,  8.52it/s, acc=50.4%, loss=0.738]
Epoch 1/3:  24%|██▎       | 384/1625 [00:53<02:25,  8.52it/s, acc=50.4%, loss=0.893]
Epoch 1/3:  24%|██▎       | 385/1625 [00:53<02:22,  8.69it/s, acc=50.4%, loss=0.893]
Epoch 1/3:  24%|██▎       | 385/1625 [00:53<02:22,  8.69it/s, acc=50.4%, loss=1.066]
Epoch 1/3:  24%|██▍       | 386/1625 [00:53<02:23,  8.62it/s, acc=50.4%, loss=1.066]
Epoch 1/3:  24%|██▍       | 386/1625 [00:53<02:23,  8.62it/s, acc=50.4%, loss=0.733]
Epoch 1/3:  24%|██▍       | 387/1625 [00:53<02:22,  8.66it/s, acc=50.4%, loss=0.733]
Epoch 1/3:  24%|██▍       | 387/1625 [00:53<02:22,  8.66it/s, acc=50.4%, loss=0.976]
Epoch 1/3:  24%|██▍       | 388/1625 [00:53<02:22,  8.68it/s, acc=50.4%, loss=0.976]
Epoch 1/3:  24%|██▍       | 388/1625 [00:53<02:22,  8.68it/s, acc=50.4%, loss=0.894]
Epoch 1/3:  24%|██▍       | 389/1625 [00:53<02:26,  8.42it/s, acc=50.4%, loss=0.894]
Epoch 1/3:  24%|██▍       | 389/1625 [00:54<02:26,  8.42it/s, acc=50.5%, loss=0.810]
Epoch 1/3:  24%|██▍       | 390/1625 [00:54<02:29,  8.28it/s, acc=50.5%, loss=0.810]
Epoch 1/3:  24%|██▍       | 390/1625 [00:54<02:29,  8.28it/s, acc=50.5%, loss=0.945]
Epoch 1/3:  24%|██▍       | 391/1625 [00:54<02:40,  7.69it/s, acc=50.5%, loss=0.945]
Epoch 1/3:  24%|██▍       | 391/1625 [00:54<02:40,  7.69it/s, acc=50.5%, loss=1.080]
Epoch 1/3:  24%|██▍       | 392/1625 [00:54<02:40,  7.67it/s, acc=50.5%, loss=1.080]
Epoch 1/3:  24%|██▍       | 392/1625 [00:54<02:40,  7.67it/s, acc=50.5%, loss=0.838]
Epoch 1/3:  24%|██▍       | 393/1625 [00:54<02:37,  7.84it/s, acc=50.5%, loss=0.838]
Epoch 1/3:  24%|██▍       | 393/1625 [00:54<02:37,  7.84it/s, acc=50.5%, loss=0.839]
Epoch 1/3:  24%|██▍       | 394/1625 [00:54<02:44,  7.50it/s, acc=50.5%, loss=0.839]
Epoch 1/3:  24%|██▍       | 394/1625 [00:54<02:44,  7.50it/s, acc=50.5%, loss=1.147]
Epoch 1/3:  24%|██▍       | 395/1625 [00:54<02:42,  7.56it/s, acc=50.5%, loss=1.147]
Epoch 1/3:  24%|██▍       | 395/1625 [00:54<02:42,  7.56it/s, acc=50.5%, loss=1.014]
Epoch 1/3:  24%|██▍       | 396/1625 [00:54<02:34,  7.94it/s, acc=50.5%, loss=1.014]
Epoch 1/3:  24%|██▍       | 396/1625 [00:55<02:34,  7.94it/s, acc=50.5%, loss=1.002]
Epoch 1/3:  24%|██▍       | 397/1625 [00:55<02:41,  7.60it/s, acc=50.5%, loss=1.002]
Epoch 1/3:  24%|██▍       | 397/1625 [00:55<02:41,  7.60it/s, acc=50.5%, loss=0.958]
Epoch 1/3:  24%|██▍       | 398/1625 [00:55<02:40,  7.63it/s, acc=50.5%, loss=0.958]
Epoch 1/3:  24%|██▍       | 398/1625 [00:55<02:40,  7.63it/s, acc=50.5%, loss=0.896]
Epoch 1/3:  24%|██▍       | 398/1625 [00:55<02:40,  7.63it/s, acc=50.5%, loss=0.902]
Epoch 1/3:  25%|██▍       | 400/1625 [00:55<02:30,  8.15it/s, acc=50.5%, loss=0.902]
Epoch 1/3:  25%|██▍       | 400/1625 [00:55<02:30,  8.15it/s, acc=50.6%, loss=0.803]
Epoch 1/3:  25%|██▍       | 401/1625 [00:55<02:39,  7.66it/s, acc=50.6%, loss=0.803]
Epoch 1/3:  25%|██▍       | 401/1625 [00:55<02:39,  7.66it/s, acc=50.6%, loss=0.958]
Epoch 1/3:  25%|██▍       | 401/1625 [00:55<02:39,  7.66it/s, acc=50.6%, loss=0.898]
Epoch 1/3:  25%|██▍       | 403/1625 [00:55<02:24,  8.43it/s, acc=50.6%, loss=0.898]
Epoch 1/3:  25%|██▍       | 403/1625 [00:55<02:24,  8.43it/s, acc=50.6%, loss=1.029]
Epoch 1/3:  25%|██▍       | 404/1625 [00:55<02:24,  8.44it/s, acc=50.6%, loss=1.029]
Epoch 1/3:  25%|██▍       | 404/1625 [00:55<02:24,  8.44it/s, acc=50.6%, loss=0.863]
Epoch 1/3:  25%|██▍       | 405/1625 [00:55<02:22,  8.53it/s, acc=50.6%, loss=0.863]
Epoch 1/3:  25%|██▍       | 405/1625 [00:56<02:22,  8.53it/s, acc=50.6%, loss=0.703]
Epoch 1/3:  25%|██▍       | 406/1625 [00:56<02:25,  8.37it/s, acc=50.6%, loss=0.703]
Epoch 1/3:  25%|██▍       | 406/1625 [00:56<02:25,  8.37it/s, acc=50.6%, loss=1.085]
Epoch 1/3:  25%|██▌       | 407/1625 [00:56<02:30,  8.08it/s, acc=50.6%, loss=1.085]
Epoch 1/3:  25%|██▌       | 407/1625 [00:56<02:30,  8.08it/s, acc=50.7%, loss=0.968]
Epoch 1/3:  25%|██▌       | 408/1625 [00:56<02:53,  7.01it/s, acc=50.7%, loss=0.968]
Epoch 1/3:  25%|██▌       | 408/1625 [00:56<02:53,  7.01it/s, acc=50.7%, loss=0.801]
Epoch 1/3:  25%|██▌       | 409/1625 [00:56<03:25,  5.93it/s, acc=50.7%, loss=0.801]
Epoch 1/3:  25%|██▌       | 409/1625 [00:56<03:25,  5.93it/s, acc=50.7%, loss=0.997]
Epoch 1/3:  25%|██▌       | 410/1625 [00:56<03:04,  6.57it/s, acc=50.7%, loss=0.997]
Epoch 1/3:  25%|██▌       | 410/1625 [00:56<03:04,  6.57it/s, acc=50.7%, loss=0.980]
Epoch 1/3:  25%|██▌       | 411/1625 [00:56<03:09,  6.41it/s, acc=50.7%, loss=0.980]
Epoch 1/3:  25%|██▌       | 411/1625 [00:57<03:09,  6.41it/s, acc=50.7%, loss=0.874]
Epoch 1/3:  25%|██▌       | 412/1625 [00:57<03:13,  6.27it/s, acc=50.7%, loss=0.874]
Epoch 1/3:  25%|██▌       | 412/1625 [00:57<03:13,  6.27it/s, acc=50.8%, loss=0.817]
Epoch 1/3:  25%|██▌       | 413/1625 [00:57<03:15,  6.21it/s, acc=50.8%, loss=0.817]
Epoch 1/3:  25%|██▌       | 413/1625 [00:57<03:15,  6.21it/s, acc=50.8%, loss=0.900]
Epoch 1/3:  25%|██▌       | 414/1625 [00:57<03:15,  6.19it/s, acc=50.8%, loss=0.900]
Epoch 1/3:  25%|██▌       | 414/1625 [00:57<03:15,  6.19it/s, acc=50.8%, loss=0.992]
Epoch 1/3:  26%|██▌       | 415/1625 [00:57<03:18,  6.10it/s, acc=50.8%, loss=0.992]
Epoch 1/3:  26%|██▌       | 415/1625 [00:57<03:18,  6.10it/s, acc=50.8%, loss=0.924]
Epoch 1/3:  26%|██▌       | 416/1625 [00:57<03:18,  6.08it/s, acc=50.8%, loss=0.924]
Epoch 1/3:  26%|██▌       | 416/1625 [00:57<03:18,  6.08it/s, acc=50.8%, loss=1.095]
Epoch 1/3:  26%|██▌       | 417/1625 [00:57<03:15,  6.18it/s, acc=50.8%, loss=1.095]
Epoch 1/3:  26%|██▌       | 417/1625 [00:58<03:15,  6.18it/s, acc=50.8%, loss=0.873]
Epoch 1/3:  26%|██▌       | 418/1625 [00:58<03:16,  6.13it/s, acc=50.8%, loss=0.873]
Epoch 1/3:  26%|██▌       | 418/1625 [00:58<03:16,  6.13it/s, acc=50.9%, loss=0.933]
Epoch 1/3:  26%|██▌       | 419/1625 [00:58<03:19,  6.05it/s, acc=50.9%, loss=0.933]
Epoch 1/3:  26%|██▌       | 419/1625 [00:58<03:19,  6.05it/s, acc=50.9%, loss=0.871]
Epoch 1/3:  26%|██▌       | 420/1625 [00:58<03:38,  5.52it/s, acc=50.9%, loss=0.871]
Epoch 1/3:  26%|██▌       | 420/1625 [00:58<03:38,  5.52it/s, acc=50.9%, loss=0.881]
Epoch 1/3:  26%|██▌       | 421/1625 [00:58<04:16,  4.69it/s, acc=50.9%, loss=0.881]
Epoch 1/3:  26%|██▌       | 421/1625 [00:59<04:16,  4.69it/s, acc=50.9%, loss=0.876]
Epoch 1/3:  26%|██▌       | 422/1625 [00:59<04:19,  4.64it/s, acc=50.9%, loss=0.876]
Epoch 1/3:  26%|██▌       | 422/1625 [00:59<04:19,  4.64it/s, acc=51.0%, loss=0.902]
Epoch 1/3:  26%|██▌       | 423/1625 [00:59<03:43,  5.39it/s, acc=51.0%, loss=0.902]
Epoch 1/3:  26%|██▌       | 423/1625 [00:59<03:43,  5.39it/s, acc=51.0%, loss=0.850]
Epoch 1/3:  26%|██▌       | 424/1625 [00:59<03:17,  6.07it/s, acc=51.0%, loss=0.850]
Epoch 1/3:  26%|██▌       | 424/1625 [00:59<03:17,  6.07it/s, acc=51.0%, loss=0.844]
Epoch 1/3:  26%|██▌       | 425/1625 [00:59<03:23,  5.89it/s, acc=51.0%, loss=0.844]
Epoch 1/3:  26%|██▌       | 425/1625 [00:59<03:23,  5.89it/s, acc=51.1%, loss=0.713]
Epoch 1/3:  26%|██▌       | 426/1625 [00:59<03:25,  5.84it/s, acc=51.1%, loss=0.713]
Epoch 1/3:  26%|██▌       | 426/1625 [00:59<03:25,  5.84it/s, acc=51.1%, loss=0.887]
Epoch 1/3:  26%|██▋       | 427/1625 [00:59<03:18,  6.02it/s, acc=51.1%, loss=0.887]
Epoch 1/3:  26%|██▋       | 427/1625 [00:59<03:18,  6.02it/s, acc=51.1%, loss=0.787]
Epoch 1/3:  26%|██▋       | 428/1625 [00:59<03:14,  6.15it/s, acc=51.1%, loss=0.787]
Epoch 1/3:  26%|██▋       | 428/1625 [01:00<03:14,  6.15it/s, acc=51.2%, loss=0.973]
Epoch 1/3:  26%|██▋       | 429/1625 [01:00<02:59,  6.66it/s, acc=51.2%, loss=0.973]
Epoch 1/3:  26%|██▋       | 429/1625 [01:00<02:59,  6.66it/s, acc=51.2%, loss=0.641]
Epoch 1/3:  26%|██▋       | 430/1625 [01:00<03:16,  6.08it/s, acc=51.2%, loss=0.641]
Epoch 1/3:  26%|██▋       | 430/1625 [01:00<03:16,  6.08it/s, acc=51.3%, loss=0.733]
Epoch 1/3:  27%|██▋       | 431/1625 [01:00<03:26,  5.79it/s, acc=51.3%, loss=0.733]
Epoch 1/3:  27%|██▋       | 431/1625 [01:00<03:26,  5.79it/s, acc=51.3%, loss=0.867]
Epoch 1/3:  27%|██▋       | 432/1625 [01:00<03:36,  5.51it/s, acc=51.3%, loss=0.867]
Epoch 1/3:  27%|██▋       | 432/1625 [01:00<03:36,  5.51it/s, acc=51.3%, loss=1.027]
Epoch 1/3:  27%|██▋       | 433/1625 [01:00<03:10,  6.24it/s, acc=51.3%, loss=1.027]
Epoch 1/3:  27%|██▋       | 433/1625 [01:00<03:10,  6.24it/s, acc=51.3%, loss=0.638]
Epoch 1/3:  27%|██▋       | 434/1625 [01:00<02:58,  6.67it/s, acc=51.3%, loss=0.638]
Epoch 1/3:  27%|██▋       | 434/1625 [01:01<02:58,  6.67it/s, acc=51.3%, loss=1.184]
Epoch 1/3:  27%|██▋       | 435/1625 [01:01<03:02,  6.53it/s, acc=51.3%, loss=1.184]
Epoch 1/3:  27%|██▋       | 435/1625 [01:01<03:02,  6.53it/s, acc=51.3%, loss=1.042]
Epoch 1/3:  27%|██▋       | 436/1625 [01:01<03:12,  6.19it/s, acc=51.3%, loss=1.042]
Epoch 1/3:  27%|██▋       | 436/1625 [01:01<03:12,  6.19it/s, acc=51.3%, loss=1.076]
Epoch 1/3:  27%|██▋       | 437/1625 [01:01<03:19,  5.94it/s, acc=51.3%, loss=1.076]
Epoch 1/3:  27%|██▋       | 437/1625 [01:01<03:19,  5.94it/s, acc=51.3%, loss=0.890]
Epoch 1/3:  27%|██▋       | 438/1625 [01:01<03:26,  5.76it/s, acc=51.3%, loss=0.890]
Epoch 1/3:  27%|██▋       | 438/1625 [01:01<03:26,  5.76it/s, acc=51.4%, loss=0.808]
Epoch 1/3:  27%|██▋       | 439/1625 [01:01<03:33,  5.55it/s, acc=51.4%, loss=0.808]
Epoch 1/3:  27%|██▋       | 439/1625 [01:01<03:33,  5.55it/s, acc=51.4%, loss=0.920]
Epoch 1/3:  27%|██▋       | 440/1625 [01:01<03:25,  5.77it/s, acc=51.4%, loss=0.920]
Epoch 1/3:  27%|██▋       | 440/1625 [01:02<03:25,  5.77it/s, acc=51.4%, loss=0.956]
Epoch 1/3:  27%|██▋       | 441/1625 [01:02<03:04,  6.41it/s, acc=51.4%, loss=0.956]
Epoch 1/3:  27%|██▋       | 441/1625 [01:02<03:04,  6.41it/s, acc=51.4%, loss=0.969]
Epoch 1/3:  27%|██▋       | 442/1625 [01:02<02:45,  7.14it/s, acc=51.4%, loss=0.969]
Epoch 1/3:  27%|██▋       | 442/1625 [01:02<02:45,  7.14it/s, acc=51.4%, loss=0.964]
Epoch 1/3:  27%|██▋       | 443/1625 [01:02<02:37,  7.49it/s, acc=51.4%, loss=0.964]
Epoch 1/3:  27%|██▋       | 443/1625 [01:02<02:37,  7.49it/s, acc=51.4%, loss=0.831]
Epoch 1/3:  27%|██▋       | 444/1625 [01:02<02:31,  7.79it/s, acc=51.4%, loss=0.831]
Epoch 1/3:  27%|██▋       | 444/1625 [01:02<02:31,  7.79it/s, acc=51.4%, loss=0.883]
Epoch 1/3:  27%|██▋       | 445/1625 [01:02<02:28,  7.95it/s, acc=51.4%, loss=0.883]
Epoch 1/3:  27%|██▋       | 445/1625 [01:02<02:28,  7.95it/s, acc=51.4%, loss=0.941]
Epoch 1/3:  27%|██▋       | 446/1625 [01:02<02:31,  7.77it/s, acc=51.4%, loss=0.941]
Epoch 1/3:  27%|██▋       | 446/1625 [01:02<02:31,  7.77it/s, acc=51.4%, loss=0.900]
Epoch 1/3:  28%|██▊       | 447/1625 [01:02<02:23,  8.22it/s, acc=51.4%, loss=0.900]
Epoch 1/3:  28%|██▊       | 447/1625 [01:02<02:23,  8.22it/s, acc=51.5%, loss=0.992]
Epoch 1/3:  28%|██▊       | 448/1625 [01:02<02:20,  8.36it/s, acc=51.5%, loss=0.992]
Epoch 1/3:  28%|██▊       | 448/1625 [01:02<02:20,  8.36it/s, acc=51.5%, loss=0.868]
Epoch 1/3:  28%|██▊       | 449/1625 [01:02<02:24,  8.13it/s, acc=51.5%, loss=0.868]
Epoch 1/3:  28%|██▊       | 449/1625 [01:03<02:24,  8.13it/s, acc=51.4%, loss=1.042]
Epoch 1/3:  28%|██▊       | 450/1625 [01:03<02:25,  8.07it/s, acc=51.4%, loss=1.042]
Epoch 1/3:  28%|██▊       | 450/1625 [01:03<02:25,  8.07it/s, acc=51.5%, loss=0.698]
Epoch 1/3:  28%|██▊       | 451/1625 [01:03<02:40,  7.33it/s, acc=51.5%, loss=0.698]
Epoch 1/3:  28%|██▊       | 451/1625 [01:03<02:40,  7.33it/s, acc=51.5%, loss=0.857]
Epoch 1/3:  28%|██▊       | 452/1625 [01:03<03:03,  6.40it/s, acc=51.5%, loss=0.857]
Epoch 1/3:  28%|██▊       | 452/1625 [01:03<03:03,  6.40it/s, acc=51.6%, loss=0.965]
Epoch 1/3:  28%|██▊       | 453/1625 [01:03<03:07,  6.26it/s, acc=51.6%, loss=0.965]
Epoch 1/3:  28%|██▊       | 453/1625 [01:03<03:07,  6.26it/s, acc=51.5%, loss=1.026]
Epoch 1/3:  28%|██▊       | 454/1625 [01:03<03:20,  5.85it/s, acc=51.5%, loss=1.026]
Epoch 1/3:  28%|██▊       | 454/1625 [01:03<03:20,  5.85it/s, acc=51.6%, loss=0.826]
Epoch 1/3:  28%|██▊       | 455/1625 [01:03<02:58,  6.56it/s, acc=51.6%, loss=0.826]
Epoch 1/3:  28%|██▊       | 455/1625 [01:04<02:58,  6.56it/s, acc=51.6%, loss=0.993]
Epoch 1/3:  28%|██▊       | 456/1625 [01:04<02:43,  7.17it/s, acc=51.6%, loss=0.993]
Epoch 1/3:  28%|██▊       | 456/1625 [01:04<02:43,  7.17it/s, acc=51.6%, loss=0.864]
Epoch 1/3:  28%|██▊       | 457/1625 [01:04<02:48,  6.92it/s, acc=51.6%, loss=0.864]
Epoch 1/3:  28%|██▊       | 457/1625 [01:04<02:48,  6.92it/s, acc=51.6%, loss=1.008]
Epoch 1/3:  28%|██▊       | 458/1625 [01:04<03:01,  6.42it/s, acc=51.6%, loss=1.008]
Epoch 1/3:  28%|██▊       | 458/1625 [01:04<03:01,  6.42it/s, acc=51.6%, loss=0.989]
Epoch 1/3:  28%|██▊       | 459/1625 [01:04<03:21,  5.79it/s, acc=51.6%, loss=0.989]
Epoch 1/3:  28%|██▊       | 459/1625 [01:04<03:21,  5.79it/s, acc=51.6%, loss=0.844]
Epoch 1/3:  28%|██▊       | 460/1625 [01:04<03:19,  5.84it/s, acc=51.6%, loss=0.844]
Epoch 1/3:  28%|██▊       | 460/1625 [01:04<03:19,  5.84it/s, acc=51.6%, loss=0.936]
Epoch 1/3:  28%|██▊       | 461/1625 [01:04<02:56,  6.58it/s, acc=51.6%, loss=0.936]
Epoch 1/3:  28%|██▊       | 461/1625 [01:04<02:56,  6.58it/s, acc=51.6%, loss=0.969]
Epoch 1/3:  28%|██▊       | 462/1625 [01:04<02:40,  7.25it/s, acc=51.6%, loss=0.969]
Epoch 1/3:  28%|██▊       | 462/1625 [01:05<02:40,  7.25it/s, acc=51.6%, loss=0.900]
Epoch 1/3:  28%|██▊       | 463/1625 [01:05<02:29,  7.76it/s, acc=51.6%, loss=0.900]
Epoch 1/3:  28%|██▊       | 463/1625 [01:05<02:29,  7.76it/s, acc=51.6%, loss=0.981]
Epoch 1/3:  29%|██▊       | 464/1625 [01:05<02:24,  8.02it/s, acc=51.6%, loss=0.981]
Epoch 1/3:  29%|██▊       | 464/1625 [01:05<02:24,  8.02it/s, acc=51.6%, loss=0.714]
Epoch 1/3:  29%|██▊       | 465/1625 [01:05<03:07,  6.18it/s, acc=51.6%, loss=0.714]
Epoch 1/3:  29%|██▊       | 465/1625 [01:05<03:07,  6.18it/s, acc=51.6%, loss=0.990]
Epoch 1/3:  29%|██▊       | 466/1625 [01:05<03:22,  5.72it/s, acc=51.6%, loss=0.990]
Epoch 1/3:  29%|██▊       | 466/1625 [01:05<03:22,  5.72it/s, acc=51.6%, loss=0.835]
Epoch 1/3:  29%|██▊       | 467/1625 [01:05<03:35,  5.37it/s, acc=51.6%, loss=0.835]
Epoch 1/3:  29%|██▊       | 467/1625 [01:05<03:35,  5.37it/s, acc=51.6%, loss=0.924]
Epoch 1/3:  29%|██▉       | 468/1625 [01:05<03:10,  6.08it/s, acc=51.6%, loss=0.924]
Epoch 1/3:  29%|██▉       | 468/1625 [01:06<03:10,  6.08it/s, acc=51.6%, loss=0.948]
Epoch 1/3:  29%|██▉       | 469/1625 [01:06<03:13,  5.98it/s, acc=51.6%, loss=0.948]
Epoch 1/3:  29%|██▉       | 469/1625 [01:06<03:13,  5.98it/s, acc=51.6%, loss=0.889]
Epoch 1/3:  29%|██▉       | 470/1625 [01:06<03:12,  6.00it/s, acc=51.6%, loss=0.889]
Epoch 1/3:  29%|██▉       | 470/1625 [01:06<03:12,  6.00it/s, acc=51.7%, loss=0.958]
Epoch 1/3:  29%|██▉       | 471/1625 [01:06<03:11,  6.02it/s, acc=51.7%, loss=0.958]
Epoch 1/3:  29%|██▉       | 471/1625 [01:06<03:11,  6.02it/s, acc=51.7%, loss=0.957]
Epoch 1/3:  29%|██▉       | 472/1625 [01:06<03:14,  5.94it/s, acc=51.7%, loss=0.957]
Epoch 1/3:  29%|██▉       | 472/1625 [01:06<03:14,  5.94it/s, acc=51.7%, loss=0.967]
Epoch 1/3:  29%|██▉       | 473/1625 [01:06<03:13,  5.95it/s, acc=51.7%, loss=0.967]
Epoch 1/3:  29%|██▉       | 473/1625 [01:06<03:13,  5.95it/s, acc=51.6%, loss=1.091]
Epoch 1/3:  29%|██▉       | 474/1625 [01:06<03:10,  6.03it/s, acc=51.6%, loss=1.091]
Epoch 1/3:  29%|██▉       | 474/1625 [01:07<03:10,  6.03it/s, acc=51.6%, loss=0.932]
Epoch 1/3:  29%|██▉       | 475/1625 [01:07<03:11,  6.01it/s, acc=51.6%, loss=0.932]
Epoch 1/3:  29%|██▉       | 475/1625 [01:07<03:11,  6.01it/s, acc=51.6%, loss=1.059]
Epoch 1/3:  29%|██▉       | 476/1625 [01:07<02:59,  6.39it/s, acc=51.6%, loss=1.059]
Epoch 1/3:  29%|██▉       | 476/1625 [01:07<02:59,  6.39it/s, acc=51.6%, loss=0.912]
Epoch 1/3:  29%|██▉       | 477/1625 [01:07<03:31,  5.43it/s, acc=51.6%, loss=0.912]
Epoch 1/3:  29%|██▉       | 477/1625 [01:07<03:31,  5.43it/s, acc=51.6%, loss=0.851]
Epoch 1/3:  29%|██▉       | 478/1625 [01:07<03:28,  5.51it/s, acc=51.6%, loss=0.851]
Epoch 1/3:  29%|██▉       | 478/1625 [01:07<03:28,  5.51it/s, acc=51.7%, loss=0.968]
Epoch 1/3:  29%|██▉       | 479/1625 [01:07<03:22,  5.67it/s, acc=51.7%, loss=0.968]
Epoch 1/3:  29%|██▉       | 479/1625 [01:07<03:22,  5.67it/s, acc=51.7%, loss=0.835]
Epoch 1/3:  30%|██▉       | 480/1625 [01:07<03:00,  6.35it/s, acc=51.7%, loss=0.835]
Epoch 1/3:  30%|██▉       | 480/1625 [01:08<03:00,  6.35it/s, acc=51.7%, loss=0.887]
Epoch 1/3:  30%|██▉       | 481/1625 [01:08<02:43,  6.98it/s, acc=51.7%, loss=0.887]
Epoch 1/3:  30%|██▉       | 481/1625 [01:08<02:43,  6.98it/s, acc=51.7%, loss=0.843]
Epoch 1/3:  30%|██▉       | 482/1625 [01:08<02:33,  7.43it/s, acc=51.7%, loss=0.843]
Epoch 1/3:  30%|██▉       | 482/1625 [01:08<02:33,  7.43it/s, acc=51.7%, loss=0.834]
Epoch 1/3:  30%|██▉       | 483/1625 [01:08<02:24,  7.91it/s, acc=51.7%, loss=0.834]
Epoch 1/3:  30%|██▉       | 483/1625 [01:08<02:24,  7.91it/s, acc=51.8%, loss=0.794]
Epoch 1/3:  30%|██▉       | 484/1625 [01:08<02:20,  8.10it/s, acc=51.8%, loss=0.794]
Epoch 1/3:  30%|██▉       | 484/1625 [01:08<02:20,  8.10it/s, acc=51.8%, loss=0.717]
Epoch 1/3:  30%|██▉       | 485/1625 [01:08<02:17,  8.31it/s, acc=51.8%, loss=0.717]
Epoch 1/3:  30%|██▉       | 485/1625 [01:08<02:17,  8.31it/s, acc=51.8%, loss=0.989]
Epoch 1/3:  30%|██▉       | 486/1625 [01:08<02:14,  8.46it/s, acc=51.8%, loss=0.989]
Epoch 1/3:  30%|██▉       | 486/1625 [01:08<02:14,  8.46it/s, acc=51.8%, loss=1.037]
Epoch 1/3:  30%|██▉       | 487/1625 [01:08<02:24,  7.89it/s, acc=51.8%, loss=1.037]
Epoch 1/3:  30%|██▉       | 487/1625 [01:08<02:24,  7.89it/s, acc=51.8%, loss=0.818]
Epoch 1/3:  30%|███       | 488/1625 [01:08<02:21,  8.06it/s, acc=51.8%, loss=0.818]
Epoch 1/3:  30%|███       | 488/1625 [01:09<02:21,  8.06it/s, acc=51.8%, loss=0.943]
Epoch 1/3:  30%|███       | 489/1625 [01:09<02:20,  8.08it/s, acc=51.8%, loss=0.943]
Epoch 1/3:  30%|███       | 489/1625 [01:09<02:20,  8.08it/s, acc=51.8%, loss=1.090]
Epoch 1/3:  30%|███       | 490/1625 [01:09<02:20,  8.07it/s, acc=51.8%, loss=1.090]
Epoch 1/3:  30%|███       | 490/1625 [01:09<02:20,  8.07it/s, acc=51.8%, loss=0.927]
Epoch 1/3:  30%|███       | 491/1625 [01:09<02:17,  8.26it/s, acc=51.8%, loss=0.927]
Epoch 1/3:  30%|███       | 491/1625 [01:09<02:17,  8.26it/s, acc=51.8%, loss=0.990]
Epoch 1/3:  30%|███       | 492/1625 [01:09<02:14,  8.39it/s, acc=51.8%, loss=0.990]
Epoch 1/3:  30%|███       | 492/1625 [01:09<02:14,  8.39it/s, acc=51.9%, loss=1.127]
Epoch 1/3:  30%|███       | 493/1625 [01:09<02:16,  8.30it/s, acc=51.9%, loss=1.127]
Epoch 1/3:  30%|███       | 493/1625 [01:09<02:16,  8.30it/s, acc=51.9%, loss=0.824]
Epoch 1/3:  30%|███       | 494/1625 [01:09<02:17,  8.25it/s, acc=51.9%, loss=0.824]
Epoch 1/3:  30%|███       | 494/1625 [01:09<02:17,  8.25it/s, acc=51.9%, loss=0.938]
Epoch 1/3:  30%|███       | 495/1625 [01:09<02:23,  7.90it/s, acc=51.9%, loss=0.938]
Epoch 1/3:  30%|███       | 495/1625 [01:09<02:23,  7.90it/s, acc=51.9%, loss=1.174]
Epoch 1/3:  31%|███       | 496/1625 [01:09<02:21,  7.98it/s, acc=51.9%, loss=1.174]
Epoch 1/3:  31%|███       | 496/1625 [01:10<02:21,  7.98it/s, acc=51.9%, loss=1.004]
Epoch 1/3:  31%|███       | 497/1625 [01:10<02:19,  8.07it/s, acc=51.9%, loss=1.004]
Epoch 1/3:  31%|███       | 497/1625 [01:10<02:19,  8.07it/s, acc=51.9%, loss=0.725]
Epoch 1/3:  31%|███       | 498/1625 [01:10<02:20,  8.01it/s, acc=51.9%, loss=0.725]
Epoch 1/3:  31%|███       | 498/1625 [01:10<02:20,  8.01it/s, acc=51.9%, loss=0.934]
Epoch 1/3:  31%|███       | 499/1625 [01:10<02:19,  8.04it/s, acc=51.9%, loss=0.934]
Epoch 1/3:  31%|███       | 499/1625 [01:10<02:19,  8.04it/s, acc=51.9%, loss=0.818]
Epoch 1/3:  31%|███       | 500/1625 [01:10<02:19,  8.06it/s, acc=51.9%, loss=0.818]
Epoch 1/3:  31%|███       | 500/1625 [01:10<02:19,  8.06it/s, acc=51.9%, loss=0.876]
Epoch 1/3:  31%|███       | 501/1625 [01:10<02:25,  7.75it/s, acc=51.9%, loss=0.876]
Epoch 1/3:  31%|███       | 501/1625 [01:10<02:25,  7.75it/s, acc=52.0%, loss=0.804]
Epoch 1/3:  31%|███       | 502/1625 [01:10<02:23,  7.84it/s, acc=52.0%, loss=0.804]
Epoch 1/3:  31%|███       | 502/1625 [01:10<02:23,  7.84it/s, acc=52.0%, loss=0.783]
Epoch 1/3:  31%|███       | 503/1625 [01:10<02:21,  7.92it/s, acc=52.0%, loss=0.783]
Epoch 1/3:  31%|███       | 503/1625 [01:10<02:21,  7.92it/s, acc=52.0%, loss=0.997]
Epoch 1/3:  31%|███       | 504/1625 [01:10<02:21,  7.94it/s, acc=52.0%, loss=0.997]
Epoch 1/3:  31%|███       | 504/1625 [01:11<02:21,  7.94it/s, acc=52.0%, loss=1.002]
Epoch 1/3:  31%|███       | 505/1625 [01:11<02:19,  8.00it/s, acc=52.0%, loss=1.002]
Epoch 1/3:  31%|███       | 505/1625 [01:11<02:19,  8.00it/s, acc=52.1%, loss=0.743]
Epoch 1/3:  31%|███       | 506/1625 [01:11<02:16,  8.18it/s, acc=52.1%, loss=0.743]
Epoch 1/3:  31%|███       | 506/1625 [01:11<02:16,  8.18it/s, acc=52.1%, loss=0.899]
Epoch 1/3:  31%|███       | 507/1625 [01:11<02:43,  6.85it/s, acc=52.1%, loss=0.899]
Epoch 1/3:  31%|███       | 507/1625 [01:11<02:43,  6.85it/s, acc=52.1%, loss=0.874]
Epoch 1/3:  31%|███▏      | 508/1625 [01:11<02:32,  7.31it/s, acc=52.1%, loss=0.874]
Epoch 1/3:  31%|███▏      | 508/1625 [01:11<02:32,  7.31it/s, acc=52.1%, loss=1.008]
Epoch 1/3:  31%|███▏      | 509/1625 [01:11<02:26,  7.62it/s, acc=52.1%, loss=1.008]
Epoch 1/3:  31%|███▏      | 509/1625 [01:11<02:26,  7.62it/s, acc=52.1%, loss=0.676]
Epoch 1/3:  31%|███▏      | 510/1625 [01:11<02:16,  8.14it/s, acc=52.1%, loss=0.676]
Epoch 1/3:  31%|███▏      | 510/1625 [01:11<02:16,  8.14it/s, acc=52.1%, loss=0.913]
Epoch 1/3:  31%|███▏      | 511/1625 [01:11<02:25,  7.68it/s, acc=52.1%, loss=0.913]
Epoch 1/3:  31%|███▏      | 511/1625 [01:11<02:25,  7.68it/s, acc=52.1%, loss=1.240]
Epoch 1/3:  32%|███▏      | 512/1625 [01:11<02:17,  8.09it/s, acc=52.1%, loss=1.240]
Epoch 1/3:  32%|███▏      | 512/1625 [01:12<02:17,  8.09it/s, acc=52.1%, loss=0.903]
Epoch 1/3:  32%|███▏      | 512/1625 [01:12<02:17,  8.09it/s, acc=52.1%, loss=0.877]
Epoch 1/3:  32%|███▏      | 514/1625 [01:12<02:14,  8.25it/s, acc=52.1%, loss=0.877]
Epoch 1/3:  32%|███▏      | 514/1625 [01:12<02:14,  8.25it/s, acc=52.2%, loss=0.818]
Epoch 1/3:  32%|███▏      | 515/1625 [01:12<02:12,  8.37it/s, acc=52.2%, loss=0.818]
Epoch 1/3:  32%|███▏      | 515/1625 [01:12<02:12,  8.37it/s, acc=52.2%, loss=0.924]
Epoch 1/3:  32%|███▏      | 516/1625 [01:12<02:07,  8.69it/s, acc=52.2%, loss=0.924]
Epoch 1/3:  32%|███▏      | 516/1625 [01:12<02:07,  8.69it/s, acc=52.2%, loss=0.785]
Epoch 1/3:  32%|███▏      | 517/1625 [01:12<02:06,  8.76it/s, acc=52.2%, loss=0.785]
Epoch 1/3:  32%|███▏      | 517/1625 [01:12<02:06,  8.76it/s, acc=52.2%, loss=0.912]
Epoch 1/3:  32%|███▏      | 518/1625 [01:12<02:02,  9.03it/s, acc=52.2%, loss=0.912]
Epoch 1/3:  32%|███▏      | 518/1625 [01:12<02:02,  9.03it/s, acc=52.2%, loss=0.873]
Epoch 1/3:  32%|███▏      | 519/1625 [01:12<02:01,  9.12it/s, acc=52.2%, loss=0.873]
Epoch 1/3:  32%|███▏      | 519/1625 [01:12<02:01,  9.12it/s, acc=52.2%, loss=0.878]
Epoch 1/3:  32%|███▏      | 520/1625 [01:12<02:02,  8.99it/s, acc=52.2%, loss=0.878]
Epoch 1/3:  32%|███▏      | 520/1625 [01:13<02:02,  8.99it/s, acc=52.3%, loss=0.908]
Epoch 1/3:  32%|███▏      | 521/1625 [01:13<02:20,  7.84it/s, acc=52.3%, loss=0.908]
Epoch 1/3:  32%|███▏      | 521/1625 [01:13<02:20,  7.84it/s, acc=52.3%, loss=0.811]
Epoch 1/3:  32%|███▏      | 522/1625 [01:13<02:29,  7.36it/s, acc=52.3%, loss=0.811]
Epoch 1/3:  32%|███▏      | 522/1625 [01:13<02:29,  7.36it/s, acc=52.3%, loss=0.814]
Epoch 1/3:  32%|███▏      | 523/1625 [01:13<02:19,  7.89it/s, acc=52.3%, loss=0.814]
Epoch 1/3:  32%|███▏      | 523/1625 [01:13<02:19,  7.89it/s, acc=52.3%, loss=0.711]
Epoch 1/3:  32%|███▏      | 524/1625 [01:13<02:35,  7.08it/s, acc=52.3%, loss=0.711]
Epoch 1/3:  32%|███▏      | 524/1625 [01:13<02:35,  7.08it/s, acc=52.3%, loss=0.963]
Epoch 1/3:  32%|███▏      | 525/1625 [01:13<02:44,  6.71it/s, acc=52.3%, loss=0.963]
Epoch 1/3:  32%|███▏      | 525/1625 [01:13<02:44,  6.71it/s, acc=52.3%, loss=0.903]
Epoch 1/3:  32%|███▏      | 526/1625 [01:13<02:49,  6.46it/s, acc=52.3%, loss=0.903]
Epoch 1/3:  32%|███▏      | 526/1625 [01:13<02:49,  6.46it/s, acc=52.3%, loss=0.920]
Epoch 1/3:  32%|███▏      | 527/1625 [01:13<02:56,  6.23it/s, acc=52.3%, loss=0.920]
Epoch 1/3:  32%|███▏      | 527/1625 [01:14<02:56,  6.23it/s, acc=52.3%, loss=1.052]
Epoch 1/3:  32%|███▏      | 528/1625 [01:14<02:58,  6.15it/s, acc=52.3%, loss=1.052]
Epoch 1/3:  32%|███▏      | 528/1625 [01:14<02:58,  6.15it/s, acc=52.3%, loss=0.760]
Epoch 1/3:  33%|███▎      | 529/1625 [01:14<02:57,  6.16it/s, acc=52.3%, loss=0.760]
Epoch 1/3:  33%|███▎      | 529/1625 [01:14<02:57,  6.16it/s, acc=52.3%, loss=0.940]
Epoch 1/3:  33%|███▎      | 530/1625 [01:14<03:02,  6.01it/s, acc=52.3%, loss=0.940]
Epoch 1/3:  33%|███▎      | 530/1625 [01:14<03:02,  6.01it/s, acc=52.3%, loss=0.981]
Epoch 1/3:  33%|███▎      | 531/1625 [01:14<03:06,  5.86it/s, acc=52.3%, loss=0.981]
Epoch 1/3:  33%|███▎      | 531/1625 [01:14<03:06,  5.86it/s, acc=52.3%, loss=0.959]
Epoch 1/3:  33%|███▎      | 532/1625 [01:14<02:51,  6.37it/s, acc=52.3%, loss=0.959]
Epoch 1/3:  33%|███▎      | 532/1625 [01:14<02:51,  6.37it/s, acc=52.4%, loss=0.914]
Epoch 1/3:  33%|███▎      | 533/1625 [01:14<02:36,  6.99it/s, acc=52.4%, loss=0.914]
Epoch 1/3:  33%|███▎      | 533/1625 [01:14<02:36,  6.99it/s, acc=52.4%, loss=0.731]
Epoch 1/3:  33%|███▎      | 534/1625 [01:14<02:26,  7.43it/s, acc=52.4%, loss=0.731]
Epoch 1/3:  33%|███▎      | 534/1625 [01:15<02:26,  7.43it/s, acc=52.4%, loss=0.964]
Epoch 1/3:  33%|███▎      | 535/1625 [01:15<02:20,  7.78it/s, acc=52.4%, loss=0.964]
Epoch 1/3:  33%|███▎      | 535/1625 [01:15<02:20,  7.78it/s, acc=52.4%, loss=0.923]
Epoch 1/3:  33%|███▎      | 536/1625 [01:15<02:12,  8.19it/s, acc=52.4%, loss=0.923]
Epoch 1/3:  33%|███▎      | 536/1625 [01:15<02:12,  8.19it/s, acc=52.4%, loss=0.825]
Epoch 1/3:  33%|███▎      | 537/1625 [01:15<02:11,  8.28it/s, acc=52.4%, loss=0.825]
Epoch 1/3:  33%|███▎      | 537/1625 [01:15<02:11,  8.28it/s, acc=52.4%, loss=0.718]
Epoch 1/3:  33%|███▎      | 538/1625 [01:15<02:08,  8.45it/s, acc=52.4%, loss=0.718]
Epoch 1/3:  33%|███▎      | 538/1625 [01:15<02:08,  8.45it/s, acc=52.4%, loss=0.881]
Epoch 1/3:  33%|███▎      | 538/1625 [01:15<02:08,  8.45it/s, acc=52.4%, loss=1.075]
Epoch 1/3:  33%|███▎      | 540/1625 [01:15<01:57,  9.26it/s, acc=52.4%, loss=1.075]
Epoch 1/3:  33%|███▎      | 540/1625 [01:15<01:57,  9.26it/s, acc=52.4%, loss=0.982]
Epoch 1/3:  33%|███▎      | 541/1625 [01:15<01:59,  9.08it/s, acc=52.4%, loss=0.982]
Epoch 1/3:  33%|███▎      | 541/1625 [01:15<01:59,  9.08it/s, acc=52.5%, loss=0.751]
Epoch 1/3:  33%|███▎      | 542/1625 [01:15<02:01,  8.88it/s, acc=52.5%, loss=0.751]
Epoch 1/3:  33%|███▎      | 542/1625 [01:16<02:01,  8.88it/s, acc=52.5%, loss=0.997]
Epoch 1/3:  33%|███▎      | 543/1625 [01:16<02:06,  8.52it/s, acc=52.5%, loss=0.997]
Epoch 1/3:  33%|███▎      | 543/1625 [01:16<02:06,  8.52it/s, acc=52.5%, loss=0.939]
Epoch 1/3:  33%|███▎      | 544/1625 [01:16<02:18,  7.83it/s, acc=52.5%, loss=0.939]
Epoch 1/3:  33%|███▎      | 544/1625 [01:16<02:18,  7.83it/s, acc=52.5%, loss=1.055]
Epoch 1/3:  34%|███▎      | 545/1625 [01:16<02:15,  7.99it/s, acc=52.5%, loss=1.055]
Epoch 1/3:  34%|███▎      | 545/1625 [01:16<02:15,  7.99it/s, acc=52.5%, loss=0.847]
Epoch 1/3:  34%|███▎      | 545/1625 [01:16<02:15,  7.99it/s, acc=52.5%, loss=0.841]
Epoch 1/3:  34%|███▎      | 547/1625 [01:16<02:03,  8.71it/s, acc=52.5%, loss=0.841]
Epoch 1/3:  34%|███▎      | 547/1625 [01:16<02:03,  8.71it/s, acc=52.5%, loss=0.860]
Epoch 1/3:  34%|███▎      | 548/1625 [01:16<02:01,  8.85it/s, acc=52.5%, loss=0.860]
Epoch 1/3:  34%|███▎      | 548/1625 [01:16<02:01,  8.85it/s, acc=52.5%, loss=0.852]
Epoch 1/3:  34%|███▍      | 549/1625 [01:16<01:59,  9.02it/s, acc=52.5%, loss=0.852]
Epoch 1/3:  34%|███▍      | 549/1625 [01:16<01:59,  9.02it/s, acc=52.6%, loss=0.774]
Epoch 1/3:  34%|███▍      | 550/1625 [01:16<01:57,  9.18it/s, acc=52.6%, loss=0.774]
Epoch 1/3:  34%|███▍      | 550/1625 [01:16<01:57,  9.18it/s, acc=52.6%, loss=0.899]
Epoch 1/3:  34%|███▍      | 551/1625 [01:16<02:08,  8.37it/s, acc=52.6%, loss=0.899]
Epoch 1/3:  34%|███▍      | 551/1625 [01:17<02:08,  8.37it/s, acc=52.6%, loss=0.866]
Epoch 1/3:  34%|███▍      | 552/1625 [01:17<02:40,  6.69it/s, acc=52.6%, loss=0.866]
Epoch 1/3:  34%|███▍      | 552/1625 [01:17<02:40,  6.69it/s, acc=52.6%, loss=0.906]
Epoch 1/3:  34%|███▍      | 553/1625 [01:17<02:42,  6.59it/s, acc=52.6%, loss=0.906]
Epoch 1/3:  34%|███▍      | 553/1625 [01:17<02:42,  6.59it/s, acc=52.6%, loss=1.026]
Epoch 1/3:  34%|███▍      | 554/1625 [01:17<02:27,  7.26it/s, acc=52.6%, loss=1.026]
Epoch 1/3:  34%|███▍      | 554/1625 [01:17<02:27,  7.26it/s, acc=52.6%, loss=0.898]
Epoch 1/3:  34%|███▍      | 555/1625 [01:17<02:17,  7.76it/s, acc=52.6%, loss=0.898]
Epoch 1/3:  34%|███▍      | 555/1625 [01:17<02:17,  7.76it/s, acc=52.6%, loss=0.732]
Epoch 1/3:  34%|███▍      | 556/1625 [01:17<02:20,  7.60it/s, acc=52.6%, loss=0.732]
Epoch 1/3:  34%|███▍      | 556/1625 [01:17<02:20,  7.60it/s, acc=52.6%, loss=0.896]
Epoch 1/3:  34%|███▍      | 557/1625 [01:17<02:28,  7.19it/s, acc=52.6%, loss=0.896]
Epoch 1/3:  34%|███▍      | 557/1625 [01:17<02:28,  7.19it/s, acc=52.6%, loss=0.864]
Epoch 1/3:  34%|███▍      | 558/1625 [01:17<02:18,  7.70it/s, acc=52.6%, loss=0.864]
Epoch 1/3:  34%|███▍      | 558/1625 [01:18<02:18,  7.70it/s, acc=52.7%, loss=0.718]
Epoch 1/3:  34%|███▍      | 559/1625 [01:18<02:11,  8.09it/s, acc=52.7%, loss=0.718]
Epoch 1/3:  34%|███▍      | 559/1625 [01:18<02:11,  8.09it/s, acc=52.7%, loss=0.876]
Epoch 1/3:  34%|███▍      | 560/1625 [01:18<02:10,  8.18it/s, acc=52.7%, loss=0.876]
Epoch 1/3:  34%|███▍      | 560/1625 [01:18<02:10,  8.18it/s, acc=52.7%, loss=0.693]
Epoch 1/3:  35%|███▍      | 561/1625 [01:18<02:04,  8.55it/s, acc=52.7%, loss=0.693]
Epoch 1/3:  35%|███▍      | 561/1625 [01:18<02:04,  8.55it/s, acc=52.7%, loss=0.972]
Epoch 1/3:  35%|███▍      | 562/1625 [01:18<02:01,  8.75it/s, acc=52.7%, loss=0.972]
Epoch 1/3:  35%|███▍      | 562/1625 [01:18<02:01,  8.75it/s, acc=52.7%, loss=0.880]
Epoch 1/3:  35%|███▍      | 563/1625 [01:18<02:00,  8.81it/s, acc=52.7%, loss=0.880]
Epoch 1/3:  35%|███▍      | 563/1625 [01:18<02:00,  8.81it/s, acc=52.8%, loss=0.733]
Epoch 1/3:  35%|███▍      | 564/1625 [01:18<02:22,  7.43it/s, acc=52.8%, loss=0.733]
Epoch 1/3:  35%|███▍      | 564/1625 [01:18<02:22,  7.43it/s, acc=52.8%, loss=0.971]
Epoch 1/3:  35%|███▍      | 565/1625 [01:18<02:37,  6.73it/s, acc=52.8%, loss=0.971]
Epoch 1/3:  35%|███▍      | 565/1625 [01:19<02:37,  6.73it/s, acc=52.8%, loss=0.689]
Epoch 1/3:  35%|███▍      | 566/1625 [01:19<02:38,  6.70it/s, acc=52.8%, loss=0.689]
Epoch 1/3:  35%|███▍      | 566/1625 [01:19<02:38,  6.70it/s, acc=52.8%, loss=0.975]
Epoch 1/3:  35%|███▍      | 567/1625 [01:19<02:51,  6.16it/s, acc=52.8%, loss=0.975]
Epoch 1/3:  35%|███▍      | 567/1625 [01:19<02:51,  6.16it/s, acc=52.8%, loss=1.055]
Epoch 1/3:  35%|███▍      | 568/1625 [01:19<02:58,  5.93it/s, acc=52.8%, loss=1.055]
Epoch 1/3:  35%|███▍      | 568/1625 [01:19<02:58,  5.93it/s, acc=52.8%, loss=0.900]
Epoch 1/3:  35%|███▌      | 569/1625 [01:19<03:04,  5.74it/s, acc=52.8%, loss=0.900]
Epoch 1/3:  35%|███▌      | 569/1625 [01:19<03:04,  5.74it/s, acc=52.8%, loss=0.959]
Epoch 1/3:  35%|███▌      | 570/1625 [01:19<03:07,  5.62it/s, acc=52.8%, loss=0.959]
Epoch 1/3:  35%|███▌      | 570/1625 [01:19<03:07,  5.62it/s, acc=52.8%, loss=1.024]
Epoch 1/3:  35%|███▌      | 571/1625 [01:19<03:10,  5.52it/s, acc=52.8%, loss=1.024]
Epoch 1/3:  35%|███▌      | 571/1625 [01:20<03:10,  5.52it/s, acc=52.8%, loss=0.786]
Epoch 1/3:  35%|███▌      | 572/1625 [01:20<03:14,  5.40it/s, acc=52.8%, loss=0.786]
Epoch 1/3:  35%|███▌      | 572/1625 [01:20<03:14,  5.40it/s, acc=52.8%, loss=0.825]
Epoch 1/3:  35%|███▌      | 573/1625 [01:20<03:15,  5.39it/s, acc=52.8%, loss=0.825]
Epoch 1/3:  35%|███▌      | 573/1625 [01:20<03:15,  5.39it/s, acc=52.8%, loss=0.959]
Epoch 1/3:  35%|███▌      | 574/1625 [01:20<02:50,  6.18it/s, acc=52.8%, loss=0.959]
Epoch 1/3:  35%|███▌      | 574/1625 [01:20<02:50,  6.18it/s, acc=52.9%, loss=0.803]
Epoch 1/3:  35%|███▌      | 575/1625 [01:20<02:35,  6.74it/s, acc=52.9%, loss=0.803]
Epoch 1/3:  35%|███▌      | 575/1625 [01:20<02:35,  6.74it/s, acc=52.9%, loss=0.906]
Epoch 1/3:  35%|███▌      | 576/1625 [01:20<02:22,  7.34it/s, acc=52.9%, loss=0.906]
Epoch 1/3:  35%|███▌      | 576/1625 [01:20<02:22,  7.34it/s, acc=52.9%, loss=0.849]
Epoch 1/3:  36%|███▌      | 577/1625 [01:20<02:19,  7.53it/s, acc=52.9%, loss=0.849]
Epoch 1/3:  36%|███▌      | 577/1625 [01:21<02:19,  7.53it/s, acc=52.9%, loss=0.955]
Epoch 1/3:  36%|███▌      | 578/1625 [01:21<02:47,  6.24it/s, acc=52.9%, loss=0.955]
Epoch 1/3:  36%|███▌      | 578/1625 [01:21<02:47,  6.24it/s, acc=52.8%, loss=1.025]
Epoch 1/3:  36%|███▌      | 579/1625 [01:21<02:57,  5.88it/s, acc=52.8%, loss=1.025]
Epoch 1/3:  36%|███▌      | 579/1625 [01:21<02:57,  5.88it/s, acc=52.9%, loss=0.989]
Epoch 1/3:  36%|███▌      | 580/1625 [01:21<02:59,  5.81it/s, acc=52.9%, loss=0.989]
Epoch 1/3:  36%|███▌      | 580/1625 [01:21<02:59,  5.81it/s, acc=52.9%, loss=0.858]
Epoch 1/3:  36%|███▌      | 581/1625 [01:21<02:45,  6.29it/s, acc=52.9%, loss=0.858]
Epoch 1/3:  36%|███▌      | 581/1625 [01:21<02:45,  6.29it/s, acc=52.9%, loss=0.928]
Epoch 1/3:  36%|███▌      | 582/1625 [01:21<02:38,  6.58it/s, acc=52.9%, loss=0.928]
Epoch 1/3:  36%|███▌      | 582/1625 [01:21<02:38,  6.58it/s, acc=52.9%, loss=1.068]
Epoch 1/3:  36%|███▌      | 583/1625 [01:21<02:35,  6.71it/s, acc=52.9%, loss=1.068]
Epoch 1/3:  36%|███▌      | 583/1625 [01:21<02:35,  6.71it/s, acc=52.9%, loss=1.110]
Epoch 1/3:  36%|███▌      | 583/1625 [01:21<02:35,  6.71it/s, acc=52.9%, loss=1.091]
Epoch 1/3:  36%|███▌      | 585/1625 [01:21<02:06,  8.22it/s, acc=52.9%, loss=1.091]
Epoch 1/3:  36%|███▌      | 585/1625 [01:22<02:06,  8.22it/s, acc=52.9%, loss=0.795]
Epoch 1/3:  36%|███▌      | 585/1625 [01:22<02:06,  8.22it/s, acc=52.9%, loss=0.887]
Epoch 1/3:  36%|███▌      | 587/1625 [01:22<01:58,  8.76it/s, acc=52.9%, loss=0.887]
Epoch 1/3:  36%|███▌      | 587/1625 [01:22<01:58,  8.76it/s, acc=52.9%, loss=1.056]
Epoch 1/3:  36%|███▌      | 588/1625 [01:22<01:56,  8.94it/s, acc=52.9%, loss=1.056]
Epoch 1/3:  36%|███▌      | 588/1625 [01:22<01:56,  8.94it/s, acc=52.9%, loss=0.920]
Epoch 1/3:  36%|███▌      | 588/1625 [01:22<01:56,  8.94it/s, acc=52.9%, loss=0.918]
Epoch 1/3:  36%|███▋      | 590/1625 [01:22<01:52,  9.20it/s, acc=52.9%, loss=0.918]
Epoch 1/3:  36%|███▋      | 590/1625 [01:22<01:52,  9.20it/s, acc=52.9%, loss=0.804]
Epoch 1/3:  36%|███▋      | 591/1625 [01:22<01:52,  9.23it/s, acc=52.9%, loss=0.804]
Epoch 1/3:  36%|███▋      | 591/1625 [01:22<01:52,  9.23it/s, acc=52.9%, loss=0.757]
Epoch 1/3:  36%|███▋      | 592/1625 [01:22<01:50,  9.31it/s, acc=52.9%, loss=0.757]
Epoch 1/3:  36%|███▋      | 592/1625 [01:22<01:50,  9.31it/s, acc=53.0%, loss=0.820]
Epoch 1/3:  36%|███▋      | 593/1625 [01:22<01:49,  9.46it/s, acc=53.0%, loss=0.820]
Epoch 1/3:  36%|███▋      | 593/1625 [01:22<01:49,  9.46it/s, acc=53.0%, loss=0.812]
Epoch 1/3:  37%|███▋      | 594/1625 [01:22<02:05,  8.22it/s, acc=53.0%, loss=0.812]
Epoch 1/3:  37%|███▋      | 594/1625 [01:23<02:05,  8.22it/s, acc=53.0%, loss=0.986]
Epoch 1/3:  37%|███▋      | 595/1625 [01:23<02:20,  7.33it/s, acc=53.0%, loss=0.986]
Epoch 1/3:  37%|███▋      | 595/1625 [01:23<02:20,  7.33it/s, acc=53.0%, loss=0.917]
Epoch 1/3:  37%|███▋      | 596/1625 [01:23<02:23,  7.18it/s, acc=53.0%, loss=0.917]
Epoch 1/3:  37%|███▋      | 596/1625 [01:23<02:23,  7.18it/s, acc=53.0%, loss=0.773]
Epoch 1/3:  37%|███▋      | 597/1625 [01:23<02:27,  6.99it/s, acc=53.0%, loss=0.773]
Epoch 1/3:  37%|███▋      | 597/1625 [01:23<02:27,  6.99it/s, acc=53.0%, loss=1.085]
Epoch 1/3:  37%|███▋      | 597/1625 [01:23<02:27,  6.99it/s, acc=53.0%, loss=0.921]
Epoch 1/3:  37%|███▋      | 599/1625 [01:23<02:19,  7.34it/s, acc=53.0%, loss=0.921]
Epoch 1/3:  37%|███▋      | 599/1625 [01:23<02:19,  7.34it/s, acc=53.0%, loss=0.823]
Epoch 1/3:  37%|███▋      | 600/1625 [01:23<02:26,  6.98it/s, acc=53.0%, loss=0.823]
Epoch 1/3:  37%|███▋      | 600/1625 [01:24<02:26,  6.98it/s, acc=53.0%, loss=1.211]
Epoch 1/3:  37%|███▋      | 601/1625 [01:24<02:32,  6.73it/s, acc=53.0%, loss=1.211]
Epoch 1/3:  37%|███▋      | 601/1625 [01:24<02:32,  6.73it/s, acc=53.0%, loss=0.724]
Epoch 1/3:  37%|███▋      | 602/1625 [01:24<02:34,  6.62it/s, acc=53.0%, loss=0.724]
Epoch 1/3:  37%|███▋      | 602/1625 [01:24<02:34,  6.62it/s, acc=53.0%, loss=0.785]
Epoch 1/3:  37%|███▋      | 603/1625 [01:24<02:43,  6.26it/s, acc=53.0%, loss=0.785]
Epoch 1/3:  37%|███▋      | 603/1625 [01:24<02:43,  6.26it/s, acc=53.1%, loss=0.758]
Epoch 1/3:  37%|███▋      | 604/1625 [01:24<02:50,  5.99it/s, acc=53.1%, loss=0.758]
Epoch 1/3:  37%|███▋      | 604/1625 [01:24<02:50,  5.99it/s, acc=53.1%, loss=0.788]
Epoch 1/3:  37%|███▋      | 605/1625 [01:24<02:49,  6.00it/s, acc=53.1%, loss=0.788]
Epoch 1/3:  37%|███▋      | 605/1625 [01:24<02:49,  6.00it/s, acc=53.1%, loss=0.849]
Epoch 1/3:  37%|███▋      | 606/1625 [01:24<02:31,  6.72it/s, acc=53.1%, loss=0.849]
Epoch 1/3:  37%|███▋      | 606/1625 [01:24<02:31,  6.72it/s, acc=53.1%, loss=0.931]
Epoch 1/3:  37%|███▋      | 607/1625 [01:24<02:36,  6.51it/s, acc=53.1%, loss=0.931]
Epoch 1/3:  37%|███▋      | 607/1625 [01:25<02:36,  6.51it/s, acc=53.1%, loss=0.893]
Epoch 1/3:  37%|███▋      | 608/1625 [01:25<02:29,  6.82it/s, acc=53.1%, loss=0.893]
Epoch 1/3:  37%|███▋      | 608/1625 [01:25<02:29,  6.82it/s, acc=53.1%, loss=0.857]
Epoch 1/3:  37%|███▋      | 608/1625 [01:25<02:29,  6.82it/s, acc=53.1%, loss=0.818]
Epoch 1/3:  38%|███▊      | 610/1625 [01:25<02:17,  7.36it/s, acc=53.1%, loss=0.818]
Epoch 1/3:  38%|███▊      | 610/1625 [01:25<02:17,  7.36it/s, acc=53.1%, loss=1.140]
Epoch 1/3:  38%|███▊      | 611/1625 [01:25<02:09,  7.84it/s, acc=53.1%, loss=1.140]
Epoch 1/3:  38%|███▊      | 611/1625 [01:25<02:09,  7.84it/s, acc=53.1%, loss=0.891]
Epoch 1/3:  38%|███▊      | 612/1625 [01:25<02:08,  7.87it/s, acc=53.1%, loss=0.891]
Epoch 1/3:  38%|███▊      | 612/1625 [01:25<02:08,  7.87it/s, acc=53.1%, loss=0.925]
Epoch 1/3:  38%|███▊      | 613/1625 [01:25<02:09,  7.83it/s, acc=53.1%, loss=0.925]
Epoch 1/3:  38%|███▊      | 613/1625 [01:25<02:09,  7.83it/s, acc=53.2%, loss=0.881]
Epoch 1/3:  38%|███▊      | 614/1625 [01:25<02:04,  8.13it/s, acc=53.2%, loss=0.881]
Epoch 1/3:  38%|███▊      | 614/1625 [01:25<02:04,  8.13it/s, acc=53.2%, loss=0.879]
Epoch 1/3:  38%|███▊      | 615/1625 [01:25<02:12,  7.60it/s, acc=53.2%, loss=0.879]
Epoch 1/3:  38%|███▊      | 615/1625 [01:26<02:12,  7.60it/s, acc=53.2%, loss=1.006]
Epoch 1/3:  38%|███▊      | 616/1625 [01:26<02:20,  7.16it/s, acc=53.2%, loss=1.006]
Epoch 1/3:  38%|███▊      | 616/1625 [01:26<02:20,  7.16it/s, acc=53.2%, loss=0.880]
Epoch 1/3:  38%|███▊      | 617/1625 [01:26<02:25,  6.92it/s, acc=53.2%, loss=0.880]
Epoch 1/3:  38%|███▊      | 617/1625 [01:26<02:25,  6.92it/s, acc=53.2%, loss=0.940]
Epoch 1/3:  38%|███▊      | 618/1625 [01:26<02:18,  7.27it/s, acc=53.2%, loss=0.940]
Epoch 1/3:  38%|███▊      | 618/1625 [01:26<02:18,  7.27it/s, acc=53.2%, loss=0.906]
Epoch 1/3:  38%|███▊      | 619/1625 [01:26<02:13,  7.55it/s, acc=53.2%, loss=0.906]
Epoch 1/3:  38%|███▊      | 619/1625 [01:26<02:13,  7.55it/s, acc=53.2%, loss=1.090]
Epoch 1/3:  38%|███▊      | 620/1625 [01:26<02:05,  8.01it/s, acc=53.2%, loss=1.090]
Epoch 1/3:  38%|███▊      | 620/1625 [01:26<02:05,  8.01it/s, acc=53.2%, loss=0.844]
Epoch 1/3:  38%|███▊      | 621/1625 [01:26<02:01,  8.28it/s, acc=53.2%, loss=0.844]
Epoch 1/3:  38%|███▊      | 621/1625 [01:26<02:01,  8.28it/s, acc=53.1%, loss=0.971]
Epoch 1/3:  38%|███▊      | 622/1625 [01:26<01:59,  8.40it/s, acc=53.1%, loss=0.971]
Epoch 1/3:  38%|███▊      | 622/1625 [01:26<01:59,  8.40it/s, acc=53.1%, loss=0.953]
Epoch 1/3:  38%|███▊      | 623/1625 [01:26<01:56,  8.58it/s, acc=53.1%, loss=0.953]
Epoch 1/3:  38%|███▊      | 623/1625 [01:27<01:56,  8.58it/s, acc=53.1%, loss=0.917]
Epoch 1/3:  38%|███▊      | 624/1625 [01:27<02:00,  8.27it/s, acc=53.1%, loss=0.917]
Epoch 1/3:  38%|███▊      | 624/1625 [01:27<02:00,  8.27it/s, acc=53.1%, loss=0.769]
Epoch 1/3:  38%|███▊      | 625/1625 [01:27<02:15,  7.35it/s, acc=53.1%, loss=0.769]
Epoch 1/3:  38%|███▊      | 625/1625 [01:27<02:15,  7.35it/s, acc=53.2%, loss=0.915]
Epoch 1/3:  39%|███▊      | 626/1625 [01:27<02:27,  6.77it/s, acc=53.2%, loss=0.915]
Epoch 1/3:  39%|███▊      | 626/1625 [01:27<02:27,  6.77it/s, acc=53.2%, loss=0.858]
Epoch 1/3:  39%|███▊      | 627/1625 [01:27<02:34,  6.44it/s, acc=53.2%, loss=0.858]
Epoch 1/3:  39%|███▊      | 627/1625 [01:27<02:34,  6.44it/s, acc=53.2%, loss=1.031]
Epoch 1/3:  39%|███▊      | 628/1625 [01:27<02:34,  6.44it/s, acc=53.2%, loss=1.031]
Epoch 1/3:  39%|███▊      | 628/1625 [01:27<02:34,  6.44it/s, acc=53.2%, loss=0.787]
Epoch 1/3:  39%|███▊      | 629/1625 [01:27<02:19,  7.15it/s, acc=53.2%, loss=0.787]
Epoch 1/3:  39%|███▊      | 629/1625 [01:28<02:19,  7.15it/s, acc=53.2%, loss=1.051]
Epoch 1/3:  39%|███▉      | 630/1625 [01:28<02:25,  6.84it/s, acc=53.2%, loss=1.051]
Epoch 1/3:  39%|███▉      | 630/1625 [01:28<02:25,  6.84it/s, acc=53.2%, loss=0.741]
Epoch 1/3:  39%|███▉      | 631/1625 [01:28<02:33,  6.48it/s, acc=53.2%, loss=0.741]
Epoch 1/3:  39%|███▉      | 631/1625 [01:28<02:33,  6.48it/s, acc=53.3%, loss=0.726]
Epoch 1/3:  39%|███▉      | 632/1625 [01:28<02:36,  6.36it/s, acc=53.3%, loss=0.726]
Epoch 1/3:  39%|███▉      | 632/1625 [01:28<02:36,  6.36it/s, acc=53.2%, loss=0.954]
Epoch 1/3:  39%|███▉      | 633/1625 [01:28<02:34,  6.40it/s, acc=53.2%, loss=0.954]
Epoch 1/3:  39%|███▉      | 633/1625 [01:28<02:34,  6.40it/s, acc=53.2%, loss=1.037]
Epoch 1/3:  39%|███▉      | 634/1625 [01:28<02:25,  6.80it/s, acc=53.2%, loss=1.037]
Epoch 1/3:  39%|███▉      | 634/1625 [01:28<02:25,  6.80it/s, acc=53.2%, loss=0.872]
Epoch 1/3:  39%|███▉      | 635/1625 [01:28<02:26,  6.74it/s, acc=53.2%, loss=0.872]
Epoch 1/3:  39%|███▉      | 635/1625 [01:29<02:26,  6.74it/s, acc=53.3%, loss=0.644]
Epoch 1/3:  39%|███▉      | 636/1625 [01:29<02:49,  5.83it/s, acc=53.3%, loss=0.644]
Epoch 1/3:  39%|███▉      | 636/1625 [01:29<02:49,  5.83it/s, acc=53.3%, loss=0.999]
Epoch 1/3:  39%|███▉      | 637/1625 [01:29<02:35,  6.35it/s, acc=53.3%, loss=0.999]
Epoch 1/3:  39%|███▉      | 637/1625 [01:29<02:35,  6.35it/s, acc=53.3%, loss=0.876]
Epoch 1/3:  39%|███▉      | 638/1625 [01:29<02:27,  6.71it/s, acc=53.3%, loss=0.876]
Epoch 1/3:  39%|███▉      | 638/1625 [01:29<02:27,  6.71it/s, acc=53.3%, loss=0.860]
Epoch 1/3:  39%|███▉      | 639/1625 [01:29<02:25,  6.80it/s, acc=53.3%, loss=0.860]
Epoch 1/3:  39%|███▉      | 639/1625 [01:29<02:25,  6.80it/s, acc=53.4%, loss=0.695]
Epoch 1/3:  39%|███▉      | 640/1625 [01:29<02:14,  7.31it/s, acc=53.4%, loss=0.695]
Epoch 1/3:  39%|███▉      | 640/1625 [01:29<02:14,  7.31it/s, acc=53.4%, loss=0.878]
Epoch 1/3:  39%|███▉      | 641/1625 [01:29<02:05,  7.84it/s, acc=53.4%, loss=0.878]
Epoch 1/3:  39%|███▉      | 641/1625 [01:29<02:05,  7.84it/s, acc=53.4%, loss=0.790]
Epoch 1/3:  40%|███▉      | 642/1625 [01:29<02:07,  7.74it/s, acc=53.4%, loss=0.790]
Epoch 1/3:  40%|███▉      | 642/1625 [01:29<02:07,  7.74it/s, acc=53.4%, loss=0.953]
Epoch 1/3:  40%|███▉      | 643/1625 [01:29<01:58,  8.26it/s, acc=53.4%, loss=0.953]
Epoch 1/3:  40%|███▉      | 643/1625 [01:29<01:58,  8.26it/s, acc=53.4%, loss=0.863]
Epoch 1/3:  40%|███▉      | 644/1625 [01:29<01:53,  8.65it/s, acc=53.4%, loss=0.863]
Epoch 1/3:  40%|███▉      | 644/1625 [01:30<01:53,  8.65it/s, acc=53.4%, loss=0.849]
Epoch 1/3:  40%|███▉      | 645/1625 [01:30<02:05,  7.78it/s, acc=53.4%, loss=0.849]
Epoch 1/3:  40%|███▉      | 645/1625 [01:30<02:05,  7.78it/s, acc=53.4%, loss=0.839]
Epoch 1/3:  40%|███▉      | 646/1625 [01:30<02:02,  7.98it/s, acc=53.4%, loss=0.839]
Epoch 1/3:  40%|███▉      | 646/1625 [01:30<02:02,  7.98it/s, acc=53.4%, loss=0.912]
Epoch 1/3:  40%|███▉      | 647/1625 [01:30<01:55,  8.47it/s, acc=53.4%, loss=0.912]
Epoch 1/3:  40%|███▉      | 647/1625 [01:30<01:55,  8.47it/s, acc=53.4%, loss=0.736]
Epoch 1/3:  40%|███▉      | 648/1625 [01:30<01:59,  8.18it/s, acc=53.4%, loss=0.736]
Epoch 1/3:  40%|███▉      | 648/1625 [01:30<01:59,  8.18it/s, acc=53.4%, loss=0.882]
Epoch 1/3:  40%|███▉      | 649/1625 [01:30<01:53,  8.62it/s, acc=53.4%, loss=0.882]
Epoch 1/3:  40%|███▉      | 649/1625 [01:30<01:53,  8.62it/s, acc=53.5%, loss=0.637]
Epoch 1/3:  40%|████      | 650/1625 [01:30<01:57,  8.29it/s, acc=53.5%, loss=0.637]
Epoch 1/3:  40%|████      | 650/1625 [01:30<01:57,  8.29it/s, acc=53.5%, loss=0.794]
Epoch 1/3:  40%|████      | 651/1625 [01:30<02:08,  7.61it/s, acc=53.5%, loss=0.794]
Epoch 1/3:  40%|████      | 651/1625 [01:31<02:08,  7.61it/s, acc=53.5%, loss=0.932]
Epoch 1/3:  40%|████      | 652/1625 [01:31<02:18,  7.04it/s, acc=53.5%, loss=0.932]
Epoch 1/3:  40%|████      | 652/1625 [01:31<02:18,  7.04it/s, acc=53.5%, loss=0.824]
Epoch 1/3:  40%|████      | 653/1625 [01:31<02:25,  6.68it/s, acc=53.5%, loss=0.824]
Epoch 1/3:  40%|████      | 653/1625 [01:31<02:25,  6.68it/s, acc=53.5%, loss=1.033]
Epoch 1/3:  40%|████      | 654/1625 [01:31<02:28,  6.52it/s, acc=53.5%, loss=1.033]
Epoch 1/3:  40%|████      | 654/1625 [01:31<02:28,  6.52it/s, acc=53.5%, loss=1.075]
Epoch 1/3:  40%|████      | 655/1625 [01:31<02:46,  5.84it/s, acc=53.5%, loss=1.075]
Epoch 1/3:  40%|████      | 655/1625 [01:31<02:46,  5.84it/s, acc=53.5%, loss=1.164]
Epoch 1/3:  40%|████      | 656/1625 [01:31<02:45,  5.87it/s, acc=53.5%, loss=1.164]
Epoch 1/3:  40%|████      | 656/1625 [01:31<02:45,  5.87it/s, acc=53.5%, loss=0.841]
Epoch 1/3:  40%|████      | 657/1625 [01:31<02:52,  5.62it/s, acc=53.5%, loss=0.841]
Epoch 1/3:  40%|████      | 657/1625 [01:32<02:52,  5.62it/s, acc=53.5%, loss=0.910]
Epoch 1/3:  40%|████      | 658/1625 [01:32<03:05,  5.21it/s, acc=53.5%, loss=0.910]
Epoch 1/3:  40%|████      | 658/1625 [01:32<03:05,  5.21it/s, acc=53.5%, loss=0.796]
Epoch 1/3:  41%|████      | 659/1625 [01:32<03:22,  4.78it/s, acc=53.5%, loss=0.796]
Epoch 1/3:  41%|████      | 659/1625 [01:32<03:22,  4.78it/s, acc=53.5%, loss=0.931]
Epoch 1/3:  41%|████      | 660/1625 [01:32<03:23,  4.75it/s, acc=53.5%, loss=0.931]
Epoch 1/3:  41%|████      | 660/1625 [01:32<03:23,  4.75it/s, acc=53.5%, loss=0.817]
Epoch 1/3:  41%|████      | 661/1625 [01:32<03:05,  5.20it/s, acc=53.5%, loss=0.817]
Epoch 1/3:  41%|████      | 661/1625 [01:32<03:05,  5.20it/s, acc=53.5%, loss=0.979]
Epoch 1/3:  41%|████      | 662/1625 [01:32<02:55,  5.50it/s, acc=53.5%, loss=0.979]
Epoch 1/3:  41%|████      | 662/1625 [01:33<02:55,  5.50it/s, acc=53.5%, loss=0.822]
Epoch 1/3:  41%|████      | 663/1625 [01:33<02:48,  5.71it/s, acc=53.5%, loss=0.822]
Epoch 1/3:  41%|████      | 663/1625 [01:33<02:48,  5.71it/s, acc=53.5%, loss=0.945]
Epoch 1/3:  41%|████      | 663/1625 [01:33<02:48,  5.71it/s, acc=53.5%, loss=1.020]
Epoch 1/3:  41%|████      | 665/1625 [01:33<02:17,  6.98it/s, acc=53.5%, loss=1.020]
Epoch 1/3:  41%|████      | 665/1625 [01:33<02:17,  6.98it/s, acc=53.5%, loss=0.984]
Epoch 1/3:  41%|████      | 666/1625 [01:33<02:08,  7.48it/s, acc=53.5%, loss=0.984]
Epoch 1/3:  41%|████      | 666/1625 [01:33<02:08,  7.48it/s, acc=53.5%, loss=0.853]
Epoch 1/3:  41%|████      | 667/1625 [01:33<02:02,  7.80it/s, acc=53.5%, loss=0.853]
Epoch 1/3:  41%|████      | 667/1625 [01:33<02:02,  7.80it/s, acc=53.5%, loss=1.028]
Epoch 1/3:  41%|████      | 668/1625 [01:33<01:57,  8.17it/s, acc=53.5%, loss=1.028]
Epoch 1/3:  41%|████      | 668/1625 [01:33<01:57,  8.17it/s, acc=53.5%, loss=0.815]
Epoch 1/3:  41%|████      | 669/1625 [01:33<02:07,  7.50it/s, acc=53.5%, loss=0.815]
Epoch 1/3:  41%|████      | 669/1625 [01:33<02:07,  7.50it/s, acc=53.5%, loss=0.868]
Epoch 1/3:  41%|████      | 670/1625 [01:33<02:15,  7.04it/s, acc=53.5%, loss=0.868]
Epoch 1/3:  41%|████      | 670/1625 [01:34<02:15,  7.04it/s, acc=53.6%, loss=0.866]
Epoch 1/3:  41%|████▏     | 671/1625 [01:34<02:09,  7.39it/s, acc=53.6%, loss=0.866]
Epoch 1/3:  41%|████▏     | 671/1625 [01:34<02:09,  7.39it/s, acc=53.6%, loss=1.034]
Epoch 1/3:  41%|████▏     | 672/1625 [01:34<02:09,  7.37it/s, acc=53.6%, loss=1.034]
Epoch 1/3:  41%|████▏     | 672/1625 [01:34<02:09,  7.37it/s, acc=53.6%, loss=0.904]
Epoch 1/3:  41%|████▏     | 673/1625 [01:34<02:06,  7.55it/s, acc=53.6%, loss=0.904]
Epoch 1/3:  41%|████▏     | 673/1625 [01:34<02:06,  7.55it/s, acc=53.6%, loss=0.819]
Epoch 1/3:  41%|████▏     | 674/1625 [01:34<02:01,  7.85it/s, acc=53.6%, loss=0.819]
Epoch 1/3:  41%|████▏     | 674/1625 [01:34<02:01,  7.85it/s, acc=53.6%, loss=0.618]
Epoch 1/3:  42%|████▏     | 675/1625 [01:34<01:57,  8.07it/s, acc=53.6%, loss=0.618]
Epoch 1/3:  42%|████▏     | 675/1625 [01:34<01:57,  8.07it/s, acc=53.6%, loss=0.905]
Epoch 1/3:  42%|████▏     | 676/1625 [01:34<01:55,  8.19it/s, acc=53.6%, loss=0.905]
Epoch 1/3:  42%|████▏     | 676/1625 [01:34<01:55,  8.19it/s, acc=53.6%, loss=0.720]
Epoch 1/3:  42%|████▏     | 677/1625 [01:34<01:53,  8.32it/s, acc=53.6%, loss=0.720]
Epoch 1/3:  42%|████▏     | 677/1625 [01:34<01:53,  8.32it/s, acc=53.6%, loss=1.060]
Epoch 1/3:  42%|████▏     | 678/1625 [01:34<01:50,  8.54it/s, acc=53.6%, loss=1.060]
Epoch 1/3:  42%|████▏     | 678/1625 [01:35<01:50,  8.54it/s, acc=53.6%, loss=0.773]
Epoch 1/3:  42%|████▏     | 679/1625 [01:35<01:51,  8.46it/s, acc=53.6%, loss=0.773]
Epoch 1/3:  42%|████▏     | 679/1625 [01:35<01:51,  8.46it/s, acc=53.7%, loss=0.572]
Epoch 1/3:  42%|████▏     | 680/1625 [01:35<02:05,  7.51it/s, acc=53.7%, loss=0.572]
Epoch 1/3:  42%|████▏     | 680/1625 [01:35<02:05,  7.51it/s, acc=53.7%, loss=0.638]
Epoch 1/3:  42%|████▏     | 681/1625 [01:35<02:18,  6.80it/s, acc=53.7%, loss=0.638]
Epoch 1/3:  42%|████▏     | 681/1625 [01:35<02:18,  6.80it/s, acc=53.7%, loss=0.961]
Epoch 1/3:  42%|████▏     | 682/1625 [01:35<02:12,  7.14it/s, acc=53.7%, loss=0.961]
Epoch 1/3:  42%|████▏     | 682/1625 [01:35<02:12,  7.14it/s, acc=53.7%, loss=0.944]
Epoch 1/3:  42%|████▏     | 683/1625 [01:35<02:06,  7.47it/s, acc=53.7%, loss=0.944]
Epoch 1/3:  42%|████▏     | 683/1625 [01:35<02:06,  7.47it/s, acc=53.7%, loss=1.059]
Epoch 1/3:  42%|████▏     | 684/1625 [01:35<02:17,  6.82it/s, acc=53.7%, loss=1.059]
Epoch 1/3:  42%|████▏     | 684/1625 [01:36<02:17,  6.82it/s, acc=53.7%, loss=0.928]
Epoch 1/3:  42%|████▏     | 685/1625 [01:36<02:28,  6.32it/s, acc=53.7%, loss=0.928]
Epoch 1/3:  42%|████▏     | 685/1625 [01:36<02:28,  6.32it/s, acc=53.7%, loss=0.841]
Epoch 1/3:  42%|████▏     | 686/1625 [01:36<02:17,  6.84it/s, acc=53.7%, loss=0.841]
Epoch 1/3:  42%|████▏     | 686/1625 [01:36<02:17,  6.84it/s, acc=53.7%, loss=1.013]
Epoch 1/3:  42%|████▏     | 687/1625 [01:36<02:10,  7.20it/s, acc=53.7%, loss=1.013]
Epoch 1/3:  42%|████▏     | 687/1625 [01:36<02:10,  7.20it/s, acc=53.7%, loss=0.978]
Epoch 1/3:  42%|████▏     | 687/1625 [01:36<02:10,  7.20it/s, acc=53.7%, loss=0.840]
Epoch 1/3:  42%|████▏     | 689/1625 [01:36<01:54,  8.19it/s, acc=53.7%, loss=0.840]
Epoch 1/3:  42%|████▏     | 689/1625 [01:36<01:54,  8.19it/s, acc=53.7%, loss=0.777]
Epoch 1/3:  42%|████▏     | 690/1625 [01:36<02:07,  7.35it/s, acc=53.7%, loss=0.777]
Epoch 1/3:  42%|████▏     | 690/1625 [01:36<02:07,  7.35it/s, acc=53.7%, loss=0.984]
Epoch 1/3:  43%|████▎     | 691/1625 [01:36<02:09,  7.20it/s, acc=53.7%, loss=0.984]
Epoch 1/3:  43%|████▎     | 691/1625 [01:36<02:09,  7.20it/s, acc=53.7%, loss=0.984]
Epoch 1/3:  43%|████▎     | 692/1625 [01:36<02:00,  7.74it/s, acc=53.7%, loss=0.984]
Epoch 1/3:  43%|████▎     | 692/1625 [01:37<02:00,  7.74it/s, acc=53.7%, loss=0.887]
Epoch 1/3:  43%|████▎     | 693/1625 [01:37<01:55,  8.04it/s, acc=53.7%, loss=0.887]
Epoch 1/3:  43%|████▎     | 693/1625 [01:37<01:55,  8.04it/s, acc=53.7%, loss=1.036]
Epoch 1/3:  43%|████▎     | 694/1625 [01:37<02:07,  7.32it/s, acc=53.7%, loss=1.036]
Epoch 1/3:  43%|████▎     | 694/1625 [01:37<02:07,  7.32it/s, acc=53.7%, loss=0.755]
Epoch 1/3:  43%|████▎     | 695/1625 [01:37<02:08,  7.23it/s, acc=53.7%, loss=0.755]
Epoch 1/3:  43%|████▎     | 695/1625 [01:37<02:08,  7.23it/s, acc=53.7%, loss=0.999]
Epoch 1/3:  43%|████▎     | 696/1625 [01:37<02:12,  7.00it/s, acc=53.7%, loss=0.999]
Epoch 1/3:  43%|████▎     | 696/1625 [01:37<02:12,  7.00it/s, acc=53.7%, loss=0.838]
Epoch 1/3:  43%|████▎     | 697/1625 [01:37<02:06,  7.32it/s, acc=53.7%, loss=0.838]
Epoch 1/3:  43%|████▎     | 697/1625 [01:37<02:06,  7.32it/s, acc=53.8%, loss=0.806]
Epoch 1/3:  43%|████▎     | 697/1625 [01:37<02:06,  7.32it/s, acc=53.7%, loss=1.089]
Epoch 1/3:  43%|████▎     | 699/1625 [01:37<01:50,  8.35it/s, acc=53.7%, loss=1.089]
Epoch 1/3:  43%|████▎     | 699/1625 [01:37<01:50,  8.35it/s, acc=53.7%, loss=0.982]
Epoch 1/3:  43%|████▎     | 700/1625 [01:37<02:03,  7.50it/s, acc=53.7%, loss=0.982]
Epoch 1/3:  43%|████▎     | 700/1625 [01:38<02:03,  7.50it/s, acc=53.7%, loss=0.829]
Epoch 1/3:  43%|████▎     | 701/1625 [01:38<02:16,  6.79it/s, acc=53.7%, loss=0.829]
Epoch 1/3:  43%|████▎     | 701/1625 [01:38<02:16,  6.79it/s, acc=53.8%, loss=0.932]
Epoch 1/3:  43%|████▎     | 702/1625 [01:38<02:33,  6.01it/s, acc=53.8%, loss=0.932]
Epoch 1/3:  43%|████▎     | 702/1625 [01:38<02:33,  6.01it/s, acc=53.8%, loss=0.724]
Epoch 1/3:  43%|████▎     | 703/1625 [01:38<02:37,  5.85it/s, acc=53.8%, loss=0.724]
Epoch 1/3:  43%|████▎     | 703/1625 [01:38<02:37,  5.85it/s, acc=53.8%, loss=0.899]
Epoch 1/3:  43%|████▎     | 704/1625 [01:38<02:47,  5.49it/s, acc=53.8%, loss=0.899]
Epoch 1/3:  43%|████▎     | 704/1625 [01:38<02:47,  5.49it/s, acc=53.8%, loss=0.812]
Epoch 1/3:  43%|████▎     | 705/1625 [01:38<02:48,  5.44it/s, acc=53.8%, loss=0.812]
Epoch 1/3:  43%|████▎     | 705/1625 [01:39<02:48,  5.44it/s, acc=53.8%, loss=0.874]
Epoch 1/3:  43%|████▎     | 706/1625 [01:39<02:47,  5.50it/s, acc=53.8%, loss=0.874]
Epoch 1/3:  43%|████▎     | 706/1625 [01:39<02:47,  5.50it/s, acc=53.8%, loss=0.954]
Epoch 1/3:  44%|████▎     | 707/1625 [01:39<02:46,  5.50it/s, acc=53.8%, loss=0.954]
Epoch 1/3:  44%|████▎     | 707/1625 [01:39<02:46,  5.50it/s, acc=53.8%, loss=0.827]
Epoch 1/3:  44%|████▎     | 708/1625 [01:39<02:58,  5.13it/s, acc=53.8%, loss=0.827]
Epoch 1/3:  44%|████▎     | 708/1625 [01:39<02:58,  5.13it/s, acc=53.9%, loss=0.969]
Epoch 1/3:  44%|████▎     | 709/1625 [01:39<02:44,  5.58it/s, acc=53.9%, loss=0.969]
Epoch 1/3:  44%|████▎     | 709/1625 [01:39<02:44,  5.58it/s, acc=53.9%, loss=0.974]
Epoch 1/3:  44%|████▎     | 710/1625 [01:39<02:25,  6.31it/s, acc=53.9%, loss=0.974]
Epoch 1/3:  44%|████▎     | 710/1625 [01:39<02:25,  6.31it/s, acc=53.9%, loss=0.909]
Epoch 1/3:  44%|████▍     | 711/1625 [01:39<02:23,  6.38it/s, acc=53.9%, loss=0.909]
Epoch 1/3:  44%|████▍     | 711/1625 [01:40<02:23,  6.38it/s, acc=53.8%, loss=0.945]
Epoch 1/3:  44%|████▍     | 712/1625 [01:40<02:09,  7.04it/s, acc=53.8%, loss=0.945]
Epoch 1/3:  44%|████▍     | 712/1625 [01:40<02:09,  7.04it/s, acc=53.8%, loss=1.181]
Epoch 1/3:  44%|████▍     | 713/1625 [01:40<01:59,  7.65it/s, acc=53.8%, loss=1.181]
Epoch 1/3:  44%|████▍     | 713/1625 [01:40<01:59,  7.65it/s, acc=53.8%, loss=0.850]
Epoch 1/3:  44%|████▍     | 714/1625 [01:40<01:51,  8.19it/s, acc=53.8%, loss=0.850]
Epoch 1/3:  44%|████▍     | 714/1625 [01:40<01:51,  8.19it/s, acc=53.9%, loss=0.837]
Epoch 1/3:  44%|████▍     | 715/1625 [01:40<01:47,  8.49it/s, acc=53.9%, loss=0.837]
Epoch 1/3:  44%|████▍     | 715/1625 [01:40<01:47,  8.49it/s, acc=53.8%, loss=1.011]
Epoch 1/3:  44%|████▍     | 716/1625 [01:40<01:44,  8.67it/s, acc=53.8%, loss=1.011]
Epoch 1/3:  44%|████▍     | 716/1625 [01:40<01:44,  8.67it/s, acc=53.9%, loss=0.850]
Epoch 1/3:  44%|████▍     | 716/1625 [01:40<01:44,  8.67it/s, acc=53.9%, loss=0.865]
Epoch 1/3:  44%|████▍     | 718/1625 [01:40<01:38,  9.16it/s, acc=53.9%, loss=0.865]
Epoch 1/3:  44%|████▍     | 718/1625 [01:40<01:38,  9.16it/s, acc=53.9%, loss=1.135]
Epoch 1/3:  44%|████▍     | 719/1625 [01:40<01:38,  9.23it/s, acc=53.9%, loss=1.135]
Epoch 1/3:  44%|████▍     | 719/1625 [01:40<01:38,  9.23it/s, acc=53.9%, loss=0.992]
Epoch 1/3:  44%|████▍     | 720/1625 [01:40<01:39,  9.11it/s, acc=53.9%, loss=0.992]
Epoch 1/3:  44%|████▍     | 720/1625 [01:41<01:39,  9.11it/s, acc=53.9%, loss=0.918]
Epoch 1/3:  44%|████▍     | 721/1625 [01:41<01:39,  9.11it/s, acc=53.9%, loss=0.918]
Epoch 1/3:  44%|████▍     | 721/1625 [01:41<01:39,  9.11it/s, acc=53.9%, loss=0.826]
Epoch 1/3:  44%|████▍     | 722/1625 [01:41<01:40,  9.01it/s, acc=53.9%, loss=0.826]
Epoch 1/3:  44%|████▍     | 722/1625 [01:41<01:40,  9.01it/s, acc=53.9%, loss=0.832]
Epoch 1/3:  44%|████▍     | 723/1625 [01:41<01:40,  9.01it/s, acc=53.9%, loss=0.832]
Epoch 1/3:  44%|████▍     | 723/1625 [01:41<01:40,  9.01it/s, acc=53.9%, loss=0.840]
Epoch 1/3:  45%|████▍     | 724/1625 [01:41<01:39,  9.07it/s, acc=53.9%, loss=0.840]
Epoch 1/3:  45%|████▍     | 724/1625 [01:41<01:39,  9.07it/s, acc=53.9%, loss=0.901]
Epoch 1/3:  45%|████▍     | 725/1625 [01:41<01:39,  9.08it/s, acc=53.9%, loss=0.901]
Epoch 1/3:  45%|████▍     | 725/1625 [01:41<01:39,  9.08it/s, acc=53.9%, loss=0.738]
Epoch 1/3:  45%|████▍     | 726/1625 [01:41<01:59,  7.54it/s, acc=53.9%, loss=0.738]
Epoch 1/3:  45%|████▍     | 726/1625 [01:41<01:59,  7.54it/s, acc=53.9%, loss=0.881]
Epoch 1/3:  45%|████▍     | 727/1625 [01:41<01:52,  7.99it/s, acc=53.9%, loss=0.881]
Epoch 1/3:  45%|████▍     | 727/1625 [01:41<01:52,  7.99it/s, acc=54.0%, loss=0.810]
Epoch 1/3:  45%|████▍     | 728/1625 [01:41<01:47,  8.35it/s, acc=54.0%, loss=0.810]
Epoch 1/3:  45%|████▍     | 728/1625 [01:41<01:47,  8.35it/s, acc=54.0%, loss=0.969]
Epoch 1/3:  45%|████▍     | 729/1625 [01:41<01:52,  7.94it/s, acc=54.0%, loss=0.969]
Epoch 1/3:  45%|████▍     | 729/1625 [01:42<01:52,  7.94it/s, acc=54.0%, loss=0.994]
Epoch 1/3:  45%|████▍     | 730/1625 [01:42<02:00,  7.44it/s, acc=54.0%, loss=0.994]
Epoch 1/3:  45%|████▍     | 730/1625 [01:42<02:00,  7.44it/s, acc=54.0%, loss=0.817]
Epoch 1/3:  45%|████▍     | 731/1625 [01:42<01:56,  7.66it/s, acc=54.0%, loss=0.817]
Epoch 1/3:  45%|████▍     | 731/1625 [01:42<01:56,  7.66it/s, acc=54.0%, loss=0.947]
Epoch 1/3:  45%|████▌     | 732/1625 [01:42<01:50,  8.07it/s, acc=54.0%, loss=0.947]
Epoch 1/3:  45%|████▌     | 732/1625 [01:42<01:50,  8.07it/s, acc=54.0%, loss=1.059]
Epoch 1/3:  45%|████▌     | 733/1625 [01:42<02:07,  6.99it/s, acc=54.0%, loss=1.059]
Epoch 1/3:  45%|████▌     | 733/1625 [01:42<02:07,  6.99it/s, acc=54.0%, loss=0.993]
Epoch 1/3:  45%|████▌     | 734/1625 [01:42<01:56,  7.64it/s, acc=54.0%, loss=0.993]
Epoch 1/3:  45%|████▌     | 734/1625 [01:42<01:56,  7.64it/s, acc=54.0%, loss=0.921]
Epoch 1/3:  45%|████▌     | 735/1625 [01:42<01:50,  8.03it/s, acc=54.0%, loss=0.921]
Epoch 1/3:  45%|████▌     | 735/1625 [01:42<01:50,  8.03it/s, acc=54.0%, loss=0.880]
Epoch 1/3:  45%|████▌     | 736/1625 [01:42<01:53,  7.85it/s, acc=54.0%, loss=0.880]
Epoch 1/3:  45%|████▌     | 736/1625 [01:43<01:53,  7.85it/s, acc=54.0%, loss=0.802]
Epoch 1/3:  45%|████▌     | 737/1625 [01:43<02:03,  7.18it/s, acc=54.0%, loss=0.802]
Epoch 1/3:  45%|████▌     | 737/1625 [01:43<02:03,  7.18it/s, acc=54.0%, loss=0.825]
Epoch 1/3:  45%|████▌     | 738/1625 [01:43<02:08,  6.92it/s, acc=54.0%, loss=0.825]
Epoch 1/3:  45%|████▌     | 738/1625 [01:43<02:08,  6.92it/s, acc=54.0%, loss=0.954]
Epoch 1/3:  45%|████▌     | 739/1625 [01:43<02:10,  6.79it/s, acc=54.0%, loss=0.954]
Epoch 1/3:  45%|████▌     | 739/1625 [01:43<02:10,  6.79it/s, acc=54.0%, loss=1.058]
Epoch 1/3:  46%|████▌     | 740/1625 [01:43<02:17,  6.43it/s, acc=54.0%, loss=1.058]
Epoch 1/3:  46%|████▌     | 740/1625 [01:43<02:17,  6.43it/s, acc=54.0%, loss=0.926]
Epoch 1/3:  46%|████▌     | 741/1625 [01:43<02:13,  6.63it/s, acc=54.0%, loss=0.926]
Epoch 1/3:  46%|████▌     | 741/1625 [01:43<02:13,  6.63it/s, acc=54.0%, loss=0.837]
Epoch 1/3:  46%|████▌     | 742/1625 [01:43<02:18,  6.38it/s, acc=54.0%, loss=0.837]
Epoch 1/3:  46%|████▌     | 742/1625 [01:44<02:18,  6.38it/s, acc=54.0%, loss=0.765]
Epoch 1/3:  46%|████▌     | 743/1625 [01:44<02:19,  6.31it/s, acc=54.0%, loss=0.765]
Epoch 1/3:  46%|████▌     | 743/1625 [01:44<02:19,  6.31it/s, acc=54.1%, loss=0.725]
Epoch 1/3:  46%|████▌     | 744/1625 [01:44<02:21,  6.23it/s, acc=54.1%, loss=0.725]
Epoch 1/3:  46%|████▌     | 744/1625 [01:44<02:21,  6.23it/s, acc=54.1%, loss=0.841]
Epoch 1/3:  46%|████▌     | 745/1625 [01:44<02:22,  6.18it/s, acc=54.1%, loss=0.841]
Epoch 1/3:  46%|████▌     | 745/1625 [01:44<02:22,  6.18it/s, acc=54.1%, loss=0.970]
Epoch 1/3:  46%|████▌     | 746/1625 [01:44<02:23,  6.11it/s, acc=54.1%, loss=0.970]
Epoch 1/3:  46%|████▌     | 746/1625 [01:44<02:23,  6.11it/s, acc=54.1%, loss=0.688]
Epoch 1/3:  46%|████▌     | 747/1625 [01:44<02:23,  6.13it/s, acc=54.1%, loss=0.688]
Epoch 1/3:  46%|████▌     | 747/1625 [01:44<02:23,  6.13it/s, acc=54.1%, loss=0.876]
Epoch 1/3:  46%|████▌     | 748/1625 [01:44<02:23,  6.13it/s, acc=54.1%, loss=0.876]
Epoch 1/3:  46%|████▌     | 748/1625 [01:45<02:23,  6.13it/s, acc=54.1%, loss=0.838]
Epoch 1/3:  46%|████▌     | 749/1625 [01:45<02:23,  6.11it/s, acc=54.1%, loss=0.838]
Epoch 1/3:  46%|████▌     | 749/1625 [01:45<02:23,  6.11it/s, acc=54.1%, loss=0.917]
Epoch 1/3:  46%|████▌     | 750/1625 [01:45<02:24,  6.07it/s, acc=54.1%, loss=0.917]
Epoch 1/3:  46%|████▌     | 750/1625 [01:45<02:24,  6.07it/s, acc=54.1%, loss=0.808]
Epoch 1/3:  46%|████▌     | 751/1625 [01:45<02:24,  6.03it/s, acc=54.1%, loss=0.808]
Epoch 1/3:  46%|████▌     | 751/1625 [01:45<02:24,  6.03it/s, acc=54.1%, loss=0.897]
Epoch 1/3:  46%|████▋     | 752/1625 [01:45<02:12,  6.59it/s, acc=54.1%, loss=0.897]
Epoch 1/3:  46%|████▋     | 752/1625 [01:45<02:12,  6.59it/s, acc=54.2%, loss=0.765]
Epoch 1/3:  46%|████▋     | 753/1625 [01:45<01:59,  7.32it/s, acc=54.2%, loss=0.765]
Epoch 1/3:  46%|████▋     | 753/1625 [01:45<01:59,  7.32it/s, acc=54.2%, loss=0.940]
Epoch 1/3:  46%|████▋     | 754/1625 [01:45<01:56,  7.46it/s, acc=54.2%, loss=0.940]
Epoch 1/3:  46%|████▋     | 754/1625 [01:45<01:56,  7.46it/s, acc=54.2%, loss=0.843]
Epoch 1/3:  46%|████▋     | 755/1625 [01:45<01:48,  8.04it/s, acc=54.2%, loss=0.843]
Epoch 1/3:  46%|████▋     | 755/1625 [01:45<01:48,  8.04it/s, acc=54.2%, loss=0.810]
Epoch 1/3:  47%|████▋     | 756/1625 [01:45<01:43,  8.39it/s, acc=54.2%, loss=0.810]
Epoch 1/3:  47%|████▋     | 756/1625 [01:46<01:43,  8.39it/s, acc=54.2%, loss=0.857]
Epoch 1/3:  47%|████▋     | 757/1625 [01:46<01:40,  8.62it/s, acc=54.2%, loss=0.857]
Epoch 1/3:  47%|████▋     | 757/1625 [01:46<01:40,  8.62it/s, acc=54.2%, loss=0.813]
Epoch 1/3:  47%|████▋     | 758/1625 [01:46<01:38,  8.81it/s, acc=54.2%, loss=0.813]
Epoch 1/3:  47%|████▋     | 758/1625 [01:46<01:38,  8.81it/s, acc=54.2%, loss=0.860]
Epoch 1/3:  47%|████▋     | 759/1625 [01:46<01:46,  8.14it/s, acc=54.2%, loss=0.860]
Epoch 1/3:  47%|████▋     | 759/1625 [01:46<01:46,  8.14it/s, acc=54.2%, loss=0.960]
Epoch 1/3:  47%|████▋     | 760/1625 [01:46<01:51,  7.74it/s, acc=54.2%, loss=0.960]
Epoch 1/3:  47%|████▋     | 760/1625 [01:46<01:51,  7.74it/s, acc=54.2%, loss=0.897]
Epoch 1/3:  47%|████▋     | 760/1625 [01:46<01:51,  7.74it/s, acc=54.2%, loss=0.841]
Epoch 1/3:  47%|████▋     | 762/1625 [01:46<01:41,  8.48it/s, acc=54.2%, loss=0.841]
Epoch 1/3:  47%|████▋     | 762/1625 [01:46<01:41,  8.48it/s, acc=54.2%, loss=0.877]
Epoch 1/3:  47%|████▋     | 763/1625 [01:46<01:39,  8.69it/s, acc=54.2%, loss=0.877]
Epoch 1/3:  47%|████▋     | 763/1625 [01:46<01:39,  8.69it/s, acc=54.2%, loss=0.748]
Epoch 1/3:  47%|████▋     | 764/1625 [01:46<01:49,  7.86it/s, acc=54.2%, loss=0.748]
Epoch 1/3:  47%|████▋     | 764/1625 [01:47<01:49,  7.86it/s, acc=54.2%, loss=0.827]
Epoch 1/3:  47%|████▋     | 765/1625 [01:47<01:50,  7.76it/s, acc=54.2%, loss=0.827]
Epoch 1/3:  47%|████▋     | 765/1625 [01:47<01:50,  7.76it/s, acc=54.2%, loss=0.903]
Epoch 1/3:  47%|████▋     | 766/1625 [01:47<01:49,  7.86it/s, acc=54.2%, loss=0.903]
Epoch 1/3:  47%|████▋     | 766/1625 [01:47<01:49,  7.86it/s, acc=54.2%, loss=0.980]
Epoch 1/3:  47%|████▋     | 767/1625 [01:47<01:43,  8.30it/s, acc=54.2%, loss=0.980]
Epoch 1/3:  47%|████▋     | 767/1625 [01:47<01:43,  8.30it/s, acc=54.2%, loss=0.916]
Epoch 1/3:  47%|████▋     | 768/1625 [01:47<01:59,  7.20it/s, acc=54.2%, loss=0.916]
Epoch 1/3:  47%|████▋     | 768/1625 [01:47<01:59,  7.20it/s, acc=54.2%, loss=0.953]
Epoch 1/3:  47%|████▋     | 769/1625 [01:47<02:11,  6.52it/s, acc=54.2%, loss=0.953]
Epoch 1/3:  47%|████▋     | 769/1625 [01:47<02:11,  6.52it/s, acc=54.3%, loss=0.711]
Epoch 1/3:  47%|████▋     | 770/1625 [01:47<02:10,  6.56it/s, acc=54.3%, loss=0.711]
Epoch 1/3:  47%|████▋     | 770/1625 [01:47<02:10,  6.56it/s, acc=54.3%, loss=0.713]
Epoch 1/3:  47%|████▋     | 771/1625 [01:47<02:00,  7.09it/s, acc=54.3%, loss=0.713]
Epoch 1/3:  47%|████▋     | 771/1625 [01:48<02:00,  7.09it/s, acc=54.3%, loss=0.640]
Epoch 1/3:  48%|████▊     | 772/1625 [01:48<01:53,  7.52it/s, acc=54.3%, loss=0.640]
Epoch 1/3:  48%|████▊     | 772/1625 [01:48<01:53,  7.52it/s, acc=54.3%, loss=0.853]
Epoch 1/3:  48%|████▊     | 773/1625 [01:48<01:48,  7.88it/s, acc=54.3%, loss=0.853]
Epoch 1/3:  48%|████▊     | 773/1625 [01:48<01:48,  7.88it/s, acc=54.3%, loss=1.060]
Epoch 1/3:  48%|████▊     | 774/1625 [01:48<01:50,  7.70it/s, acc=54.3%, loss=1.060]
Epoch 1/3:  48%|████▊     | 774/1625 [01:48<01:50,  7.70it/s, acc=54.3%, loss=0.844]
Epoch 1/3:  48%|████▊     | 775/1625 [01:48<01:48,  7.87it/s, acc=54.3%, loss=0.844]
Epoch 1/3:  48%|████▊     | 775/1625 [01:48<01:48,  7.87it/s, acc=54.3%, loss=0.942]
Epoch 1/3:  48%|████▊     | 776/1625 [01:48<01:44,  8.11it/s, acc=54.3%, loss=0.942]
Epoch 1/3:  48%|████▊     | 776/1625 [01:48<01:44,  8.11it/s, acc=54.3%, loss=0.948]
Epoch 1/3:  48%|████▊     | 777/1625 [01:48<01:46,  7.94it/s, acc=54.3%, loss=0.948]
Epoch 1/3:  48%|████▊     | 777/1625 [01:48<01:46,  7.94it/s, acc=54.4%, loss=0.816]
Epoch 1/3:  48%|████▊     | 778/1625 [01:48<02:02,  6.89it/s, acc=54.4%, loss=0.816]
Epoch 1/3:  48%|████▊     | 778/1625 [01:48<02:02,  6.89it/s, acc=54.4%, loss=0.811]
Epoch 1/3:  48%|████▊     | 779/1625 [01:48<02:13,  6.34it/s, acc=54.4%, loss=0.811]
Epoch 1/3:  48%|████▊     | 779/1625 [01:49<02:13,  6.34it/s, acc=54.4%, loss=0.977]
Epoch 1/3:  48%|████▊     | 780/1625 [01:49<02:15,  6.26it/s, acc=54.4%, loss=0.977]
Epoch 1/3:  48%|████▊     | 780/1625 [01:49<02:15,  6.26it/s, acc=54.4%, loss=0.717]
Epoch 1/3:  48%|████▊     | 781/1625 [01:49<02:03,  6.85it/s, acc=54.4%, loss=0.717]
Epoch 1/3:  48%|████▊     | 781/1625 [01:49<02:03,  6.85it/s, acc=54.4%, loss=0.882]
Epoch 1/3:  48%|████▊     | 782/1625 [01:49<01:53,  7.45it/s, acc=54.4%, loss=0.882]
Epoch 1/3:  48%|████▊     | 782/1625 [01:49<01:53,  7.45it/s, acc=54.4%, loss=0.882]
Epoch 1/3:  48%|████▊     | 783/1625 [01:49<01:47,  7.82it/s, acc=54.4%, loss=0.882]
Epoch 1/3:  48%|████▊     | 783/1625 [01:49<01:47,  7.82it/s, acc=54.4%, loss=0.829]
Epoch 1/3:  48%|████▊     | 784/1625 [01:49<01:43,  8.11it/s, acc=54.4%, loss=0.829]
Epoch 1/3:  48%|████▊     | 784/1625 [01:49<01:43,  8.11it/s, acc=54.4%, loss=0.947]
Epoch 1/3:  48%|████▊     | 785/1625 [01:49<01:41,  8.26it/s, acc=54.4%, loss=0.947]
Epoch 1/3:  48%|████▊     | 785/1625 [01:49<01:41,  8.26it/s, acc=54.4%, loss=0.826]
Epoch 1/3:  48%|████▊     | 786/1625 [01:49<01:39,  8.45it/s, acc=54.4%, loss=0.826]
Epoch 1/3:  48%|████▊     | 786/1625 [01:49<01:39,  8.45it/s, acc=54.4%, loss=0.774]
Epoch 1/3:  48%|████▊     | 787/1625 [01:49<01:43,  8.08it/s, acc=54.4%, loss=0.774]
Epoch 1/3:  48%|████▊     | 787/1625 [01:50<01:43,  8.08it/s, acc=54.4%, loss=0.991]
Epoch 1/3:  48%|████▊     | 788/1625 [01:50<01:54,  7.31it/s, acc=54.4%, loss=0.991]
Epoch 1/3:  48%|████▊     | 788/1625 [01:50<01:54,  7.31it/s, acc=54.4%, loss=1.062]
Epoch 1/3:  49%|████▊     | 789/1625 [01:50<02:09,  6.44it/s, acc=54.4%, loss=1.062]
Epoch 1/3:  49%|████▊     | 789/1625 [01:50<02:09,  6.44it/s, acc=54.4%, loss=1.063]
Epoch 1/3:  49%|████▊     | 790/1625 [01:50<02:12,  6.31it/s, acc=54.4%, loss=1.063]
Epoch 1/3:  49%|████▊     | 790/1625 [01:50<02:12,  6.31it/s, acc=54.4%, loss=0.876]
Epoch 1/3:  49%|████▊     | 791/1625 [01:50<02:09,  6.46it/s, acc=54.4%, loss=0.876]
Epoch 1/3:  49%|████▊     | 791/1625 [01:50<02:09,  6.46it/s, acc=54.4%, loss=0.761]
Epoch 1/3:  49%|████▊     | 792/1625 [01:50<02:08,  6.49it/s, acc=54.4%, loss=0.761]
Epoch 1/3:  49%|████▊     | 792/1625 [01:50<02:08,  6.49it/s, acc=54.4%, loss=0.839]
Epoch 1/3:  49%|████▉     | 793/1625 [01:50<02:07,  6.51it/s, acc=54.4%, loss=0.839]
Epoch 1/3:  49%|████▉     | 793/1625 [01:51<02:07,  6.51it/s, acc=54.4%, loss=0.895]
Epoch 1/3:  49%|████▉     | 793/1625 [01:51<02:07,  6.51it/s, acc=54.4%, loss=1.079]
Epoch 1/3:  49%|████▉     | 795/1625 [01:51<01:46,  7.78it/s, acc=54.4%, loss=1.079]
Epoch 1/3:  49%|████▉     | 795/1625 [01:51<01:46,  7.78it/s, acc=54.4%, loss=0.989]
Epoch 1/3:  49%|████▉     | 796/1625 [01:51<01:49,  7.56it/s, acc=54.4%, loss=0.989]
Epoch 1/3:  49%|████▉     | 796/1625 [01:51<01:49,  7.56it/s, acc=54.4%, loss=0.892]
Epoch 1/3:  49%|████▉     | 797/1625 [01:51<01:51,  7.45it/s, acc=54.4%, loss=0.892]
Epoch 1/3:  49%|████▉     | 797/1625 [01:51<01:51,  7.45it/s, acc=54.4%, loss=0.931]
Epoch 1/3:  49%|████▉     | 798/1625 [01:51<01:47,  7.72it/s, acc=54.4%, loss=0.931]
Epoch 1/3:  49%|████▉     | 798/1625 [01:51<01:47,  7.72it/s, acc=54.4%, loss=0.926]
Epoch 1/3:  49%|████▉     | 799/1625 [01:51<01:40,  8.24it/s, acc=54.4%, loss=0.926]
Epoch 1/3:  49%|████▉     | 799/1625 [01:51<01:40,  8.24it/s, acc=54.5%, loss=0.885]
Epoch 1/3:  49%|████▉     | 800/1625 [01:51<01:37,  8.50it/s, acc=54.5%, loss=0.885]
Epoch 1/3:  49%|████▉     | 800/1625 [01:51<01:37,  8.50it/s, acc=54.5%, loss=0.929]
Epoch 1/3:  49%|████▉     | 801/1625 [01:51<01:35,  8.60it/s, acc=54.5%, loss=0.929]
Epoch 1/3:  49%|████▉     | 801/1625 [01:51<01:35,  8.60it/s, acc=54.4%, loss=0.894]
Epoch 1/3:  49%|████▉     | 802/1625 [01:51<01:31,  8.95it/s, acc=54.4%, loss=0.894]
Epoch 1/3:  49%|████▉     | 802/1625 [01:52<01:31,  8.95it/s, acc=54.5%, loss=0.792]
Epoch 1/3:  49%|████▉     | 803/1625 [01:52<01:29,  9.22it/s, acc=54.5%, loss=0.792]
Epoch 1/3:  49%|████▉     | 803/1625 [01:52<01:29,  9.22it/s, acc=54.5%, loss=0.853]
Epoch 1/3:  49%|████▉     | 804/1625 [01:52<01:29,  9.19it/s, acc=54.5%, loss=0.853]
Epoch 1/3:  49%|████▉     | 804/1625 [01:52<01:29,  9.19it/s, acc=54.5%, loss=0.933]
Epoch 1/3:  50%|████▉     | 805/1625 [01:52<01:27,  9.39it/s, acc=54.5%, loss=0.933]
Epoch 1/3:  50%|████▉     | 805/1625 [01:52<01:27,  9.39it/s, acc=54.5%, loss=0.923]
Epoch 1/3:  50%|████▉     | 806/1625 [01:52<01:25,  9.55it/s, acc=54.5%, loss=0.923]
Epoch 1/3:  50%|████▉     | 806/1625 [01:52<01:25,  9.55it/s, acc=54.5%, loss=0.960]
Epoch 1/3:  50%|████▉     | 807/1625 [01:52<01:27,  9.38it/s, acc=54.5%, loss=0.960]
Epoch 1/3:  50%|████▉     | 807/1625 [01:52<01:27,  9.38it/s, acc=54.5%, loss=0.896]
Epoch 1/3:  50%|████▉     | 808/1625 [01:52<01:41,  8.09it/s, acc=54.5%, loss=0.896]
Epoch 1/3:  50%|████▉     | 808/1625 [01:52<01:41,  8.09it/s, acc=54.5%, loss=0.819]
Epoch 1/3:  50%|████▉     | 809/1625 [01:52<02:19,  5.84it/s, acc=54.5%, loss=0.819]
Epoch 1/3:  50%|████▉     | 809/1625 [01:53<02:19,  5.84it/s, acc=54.5%, loss=0.869]
Epoch 1/3:  50%|████▉     | 810/1625 [01:53<02:16,  5.99it/s, acc=54.5%, loss=0.869]
Epoch 1/3:  50%|████▉     | 810/1625 [01:53<02:16,  5.99it/s, acc=54.5%, loss=0.824]
Epoch 1/3:  50%|████▉     | 811/1625 [01:53<01:59,  6.79it/s, acc=54.5%, loss=0.824]
Epoch 1/3:  50%|████▉     | 811/1625 [01:53<01:59,  6.79it/s, acc=54.5%, loss=0.798]
Epoch 1/3:  50%|████▉     | 812/1625 [01:53<01:49,  7.39it/s, acc=54.5%, loss=0.798]
Epoch 1/3:  50%|████▉     | 812/1625 [01:53<01:49,  7.39it/s, acc=54.5%, loss=0.815]
Epoch 1/3:  50%|█████     | 813/1625 [01:53<01:44,  7.80it/s, acc=54.5%, loss=0.815]
Epoch 1/3:  50%|█████     | 813/1625 [01:53<01:44,  7.80it/s, acc=54.5%, loss=0.870]
Epoch 1/3:  50%|█████     | 814/1625 [01:53<01:51,  7.25it/s, acc=54.5%, loss=0.870]
Epoch 1/3:  50%|█████     | 814/1625 [01:53<01:51,  7.25it/s, acc=54.5%, loss=0.930]
Epoch 1/3:  50%|█████     | 815/1625 [01:53<02:01,  6.67it/s, acc=54.5%, loss=0.930]
Epoch 1/3:  50%|█████     | 815/1625 [01:53<02:01,  6.67it/s, acc=54.5%, loss=0.921]
Epoch 1/3:  50%|█████     | 816/1625 [01:53<01:57,  6.89it/s, acc=54.5%, loss=0.921]
Epoch 1/3:  50%|█████     | 816/1625 [01:54<01:57,  6.89it/s, acc=54.6%, loss=0.786]
Epoch 1/3:  50%|█████     | 817/1625 [01:54<02:03,  6.52it/s, acc=54.6%, loss=0.786]
Epoch 1/3:  50%|█████     | 817/1625 [01:54<02:03,  6.52it/s, acc=54.6%, loss=0.826]
Epoch 1/3:  50%|█████     | 818/1625 [01:54<01:55,  6.98it/s, acc=54.6%, loss=0.826]
Epoch 1/3:  50%|█████     | 818/1625 [01:54<01:55,  6.98it/s, acc=54.6%, loss=0.827]
Epoch 1/3:  50%|█████     | 819/1625 [01:54<01:45,  7.64it/s, acc=54.6%, loss=0.827]
Epoch 1/3:  50%|█████     | 819/1625 [01:54<01:45,  7.64it/s, acc=54.6%, loss=0.794]
Epoch 1/3:  50%|█████     | 820/1625 [01:54<01:39,  8.10it/s, acc=54.6%, loss=0.794]
Epoch 1/3:  50%|█████     | 820/1625 [01:54<01:39,  8.10it/s, acc=54.6%, loss=0.826]
Epoch 1/3:  51%|█████     | 821/1625 [01:54<01:36,  8.32it/s, acc=54.6%, loss=0.826]
Epoch 1/3:  51%|█████     | 821/1625 [01:54<01:36,  8.32it/s, acc=54.6%, loss=0.972]
Epoch 1/3:  51%|█████     | 822/1625 [01:54<01:43,  7.73it/s, acc=54.6%, loss=0.972]
Epoch 1/3:  51%|█████     | 822/1625 [01:54<01:43,  7.73it/s, acc=54.6%, loss=0.948]
Epoch 1/3:  51%|█████     | 823/1625 [01:54<01:45,  7.57it/s, acc=54.6%, loss=0.948]
Epoch 1/3:  51%|█████     | 823/1625 [01:54<01:45,  7.57it/s, acc=54.6%, loss=1.135]
Epoch 1/3:  51%|█████     | 824/1625 [01:54<01:42,  7.81it/s, acc=54.6%, loss=1.135]
Epoch 1/3:  51%|█████     | 824/1625 [01:55<01:42,  7.81it/s, acc=54.6%, loss=0.835]
Epoch 1/3:  51%|█████     | 825/1625 [01:55<01:58,  6.72it/s, acc=54.6%, loss=0.835]
Epoch 1/3:  51%|█████     | 825/1625 [01:55<01:58,  6.72it/s, acc=54.6%, loss=1.053]
Epoch 1/3:  51%|█████     | 826/1625 [01:55<02:00,  6.62it/s, acc=54.6%, loss=1.053]
Epoch 1/3:  51%|█████     | 826/1625 [01:55<02:00,  6.62it/s, acc=54.6%, loss=1.033]
Epoch 1/3:  51%|█████     | 827/1625 [01:55<01:49,  7.26it/s, acc=54.6%, loss=1.033]
Epoch 1/3:  51%|█████     | 827/1625 [01:55<01:49,  7.26it/s, acc=54.6%, loss=0.900]
Epoch 1/3:  51%|█████     | 828/1625 [01:55<01:41,  7.88it/s, acc=54.6%, loss=0.900]
Epoch 1/3:  51%|█████     | 828/1625 [01:55<01:41,  7.88it/s, acc=54.6%, loss=0.978]
Epoch 1/3:  51%|█████     | 829/1625 [01:55<01:37,  8.20it/s, acc=54.6%, loss=0.978]
Epoch 1/3:  51%|█████     | 829/1625 [01:55<01:37,  8.20it/s, acc=54.6%, loss=0.911]
Epoch 1/3:  51%|█████     | 830/1625 [01:55<01:31,  8.64it/s, acc=54.6%, loss=0.911]
Epoch 1/3:  51%|█████     | 830/1625 [01:55<01:31,  8.64it/s, acc=54.6%, loss=0.817]
Epoch 1/3:  51%|█████     | 831/1625 [01:55<01:34,  8.36it/s, acc=54.6%, loss=0.817]
Epoch 1/3:  51%|█████     | 831/1625 [01:56<01:34,  8.36it/s, acc=54.6%, loss=0.755]
Epoch 1/3:  51%|█████     | 832/1625 [01:56<02:01,  6.52it/s, acc=54.6%, loss=0.755]
Epoch 1/3:  51%|█████     | 832/1625 [01:56<02:01,  6.52it/s, acc=54.6%, loss=1.009]
Epoch 1/3:  51%|█████▏    | 833/1625 [01:56<02:24,  5.49it/s, acc=54.6%, loss=1.009]
Epoch 1/3:  51%|█████▏    | 833/1625 [01:56<02:24,  5.49it/s, acc=54.6%, loss=0.853]
Epoch 1/3:  51%|█████▏    | 834/1625 [01:56<02:30,  5.25it/s, acc=54.6%, loss=0.853]
Epoch 1/3:  51%|█████▏    | 834/1625 [01:56<02:30,  5.25it/s, acc=54.6%, loss=0.745]
Epoch 1/3:  51%|█████▏    | 835/1625 [01:56<02:43,  4.85it/s, acc=54.6%, loss=0.745]
Epoch 1/3:  51%|█████▏    | 835/1625 [01:56<02:43,  4.85it/s, acc=54.6%, loss=0.793]
Epoch 1/3:  51%|█████▏    | 836/1625 [01:56<02:50,  4.63it/s, acc=54.6%, loss=0.793]
Epoch 1/3:  51%|█████▏    | 836/1625 [01:57<02:50,  4.63it/s, acc=54.6%, loss=0.740]
Epoch 1/3:  52%|█████▏    | 837/1625 [01:57<02:44,  4.78it/s, acc=54.6%, loss=0.740]
Epoch 1/3:  52%|█████▏    | 837/1625 [01:57<02:44,  4.78it/s, acc=54.6%, loss=0.948]
Epoch 1/3:  52%|█████▏    | 838/1625 [01:57<02:19,  5.65it/s, acc=54.6%, loss=0.948]
Epoch 1/3:  52%|█████▏    | 838/1625 [01:57<02:19,  5.65it/s, acc=54.6%, loss=0.986]
Epoch 1/3:  52%|█████▏    | 839/1625 [01:57<02:11,  5.97it/s, acc=54.6%, loss=0.986]
Epoch 1/3:  52%|█████▏    | 839/1625 [01:57<02:11,  5.97it/s, acc=54.6%, loss=0.982]
Epoch 1/3:  52%|█████▏    | 840/1625 [01:57<02:20,  5.59it/s, acc=54.6%, loss=0.982]
Epoch 1/3:  52%|█████▏    | 840/1625 [01:57<02:20,  5.59it/s, acc=54.6%, loss=0.864]
Epoch 1/3:  52%|█████▏    | 841/1625 [01:57<02:35,  5.05it/s, acc=54.6%, loss=0.864]
Epoch 1/3:  52%|█████▏    | 841/1625 [01:58<02:35,  5.05it/s, acc=54.6%, loss=0.951]
Epoch 1/3:  52%|█████▏    | 842/1625 [01:58<02:30,  5.20it/s, acc=54.6%, loss=0.951]
Epoch 1/3:  52%|█████▏    | 842/1625 [01:58<02:30,  5.20it/s, acc=54.7%, loss=0.775]
Epoch 1/3:  52%|█████▏    | 843/1625 [01:58<02:18,  5.65it/s, acc=54.7%, loss=0.775]
Epoch 1/3:  52%|█████▏    | 843/1625 [01:58<02:18,  5.65it/s, acc=54.7%, loss=0.991]
Epoch 1/3:  52%|█████▏    | 844/1625 [01:58<02:12,  5.88it/s, acc=54.7%, loss=0.991]
Epoch 1/3:  52%|█████▏    | 844/1625 [01:58<02:12,  5.88it/s, acc=54.7%, loss=0.793]
Epoch 1/3:  52%|█████▏    | 845/1625 [01:58<02:06,  6.19it/s, acc=54.7%, loss=0.793]
Epoch 1/3:  52%|█████▏    | 845/1625 [01:58<02:06,  6.19it/s, acc=54.7%, loss=0.964]
Epoch 1/3:  52%|█████▏    | 845/1625 [01:58<02:06,  6.19it/s, acc=54.7%, loss=0.716]
Epoch 1/3:  52%|█████▏    | 847/1625 [01:58<01:44,  7.41it/s, acc=54.7%, loss=0.716]
Epoch 1/3:  52%|█████▏    | 847/1625 [01:58<01:44,  7.41it/s, acc=54.7%, loss=0.946]
Epoch 1/3:  52%|█████▏    | 848/1625 [01:58<01:41,  7.63it/s, acc=54.7%, loss=0.946]
Epoch 1/3:  52%|█████▏    | 848/1625 [01:58<01:41,  7.63it/s, acc=54.7%, loss=1.169]
Epoch 1/3:  52%|█████▏    | 849/1625 [01:58<01:48,  7.13it/s, acc=54.7%, loss=1.169]
Epoch 1/3:  52%|█████▏    | 849/1625 [01:59<01:48,  7.13it/s, acc=54.7%, loss=0.737]
Epoch 1/3:  52%|█████▏    | 850/1625 [01:59<01:49,  7.08it/s, acc=54.7%, loss=0.737]
Epoch 1/3:  52%|█████▏    | 850/1625 [01:59<01:49,  7.08it/s, acc=54.7%, loss=1.053]
Epoch 1/3:  52%|█████▏    | 851/1625 [01:59<01:45,  7.31it/s, acc=54.7%, loss=1.053]
Epoch 1/3:  52%|█████▏    | 851/1625 [01:59<01:45,  7.31it/s, acc=54.7%, loss=0.928]
Epoch 1/3:  52%|█████▏    | 851/1625 [01:59<01:45,  7.31it/s, acc=54.7%, loss=0.780]
Epoch 1/3:  52%|█████▏    | 853/1625 [01:59<01:33,  8.22it/s, acc=54.7%, loss=0.780]
Epoch 1/3:  52%|█████▏    | 853/1625 [01:59<01:33,  8.22it/s, acc=54.7%, loss=0.844]
Epoch 1/3:  53%|█████▎    | 854/1625 [01:59<01:33,  8.22it/s, acc=54.7%, loss=0.844]
Epoch 1/3:  53%|█████▎    | 854/1625 [01:59<01:33,  8.22it/s, acc=54.7%, loss=0.985]
Epoch 1/3:  53%|█████▎    | 855/1625 [01:59<01:32,  8.36it/s, acc=54.7%, loss=0.985]
Epoch 1/3:  53%|█████▎    | 855/1625 [01:59<01:32,  8.36it/s, acc=54.7%, loss=0.855]
Epoch 1/3:  53%|█████▎    | 856/1625 [01:59<01:31,  8.44it/s, acc=54.7%, loss=0.855]
Epoch 1/3:  53%|█████▎    | 856/1625 [01:59<01:31,  8.44it/s, acc=54.7%, loss=0.983]
Epoch 1/3:  53%|█████▎    | 857/1625 [01:59<01:29,  8.54it/s, acc=54.7%, loss=0.983]
Epoch 1/3:  53%|█████▎    | 857/1625 [02:00<01:29,  8.54it/s, acc=54.7%, loss=0.924]
Epoch 1/3:  53%|█████▎    | 858/1625 [02:00<01:30,  8.51it/s, acc=54.7%, loss=0.924]
Epoch 1/3:  53%|█████▎    | 858/1625 [02:00<01:30,  8.51it/s, acc=54.7%, loss=0.990]
Epoch 1/3:  53%|█████▎    | 859/1625 [02:00<01:28,  8.66it/s, acc=54.7%, loss=0.990]
Epoch 1/3:  53%|█████▎    | 859/1625 [02:00<01:28,  8.66it/s, acc=54.7%, loss=0.891]
Epoch 1/3:  53%|█████▎    | 860/1625 [02:00<01:28,  8.65it/s, acc=54.7%, loss=0.891]
Epoch 1/3:  53%|█████▎    | 860/1625 [02:00<01:28,  8.65it/s, acc=54.7%, loss=0.821]
Epoch 1/3:  53%|█████▎    | 861/1625 [02:00<01:28,  8.64it/s, acc=54.7%, loss=0.821]
Epoch 1/3:  53%|█████▎    | 861/1625 [02:00<01:28,  8.64it/s, acc=54.8%, loss=0.694]
Epoch 1/3:  53%|█████▎    | 862/1625 [02:00<01:29,  8.54it/s, acc=54.8%, loss=0.694]
Epoch 1/3:  53%|█████▎    | 862/1625 [02:00<01:29,  8.54it/s, acc=54.8%, loss=0.750]
Epoch 1/3:  53%|█████▎    | 863/1625 [02:00<01:29,  8.52it/s, acc=54.8%, loss=0.750]
Epoch 1/3:  53%|█████▎    | 863/1625 [02:00<01:29,  8.52it/s, acc=54.8%, loss=0.748]
Epoch 1/3:  53%|█████▎    | 864/1625 [02:00<01:29,  8.54it/s, acc=54.8%, loss=0.748]
Epoch 1/3:  53%|█████▎    | 864/1625 [02:00<01:29,  8.54it/s, acc=54.8%, loss=0.754]
Epoch 1/3:  53%|█████▎    | 865/1625 [02:00<01:28,  8.63it/s, acc=54.8%, loss=0.754]
Epoch 1/3:  53%|█████▎    | 865/1625 [02:00<01:28,  8.63it/s, acc=54.8%, loss=0.881]
Epoch 1/3:  53%|█████▎    | 866/1625 [02:00<01:28,  8.56it/s, acc=54.8%, loss=0.881]
Epoch 1/3:  53%|█████▎    | 866/1625 [02:01<01:28,  8.56it/s, acc=54.8%, loss=0.865]
Epoch 1/3:  53%|█████▎    | 867/1625 [02:01<01:29,  8.49it/s, acc=54.8%, loss=0.865]
Epoch 1/3:  53%|█████▎    | 867/1625 [02:01<01:29,  8.49it/s, acc=54.8%, loss=0.899]
Epoch 1/3:  53%|█████▎    | 868/1625 [02:01<01:28,  8.54it/s, acc=54.8%, loss=0.899]
Epoch 1/3:  53%|█████▎    | 868/1625 [02:01<01:28,  8.54it/s, acc=54.8%, loss=1.223]
Epoch 1/3:  53%|█████▎    | 869/1625 [02:01<01:28,  8.58it/s, acc=54.8%, loss=1.223]
Epoch 1/3:  53%|█████▎    | 869/1625 [02:01<01:28,  8.58it/s, acc=54.8%, loss=0.827]
Epoch 1/3:  54%|█████▎    | 870/1625 [02:01<01:27,  8.59it/s, acc=54.8%, loss=0.827]
Epoch 1/3:  54%|█████▎    | 870/1625 [02:01<01:27,  8.59it/s, acc=54.8%, loss=0.905]
Epoch 1/3:  54%|█████▎    | 871/1625 [02:01<01:28,  8.52it/s, acc=54.8%, loss=0.905]
Epoch 1/3:  54%|█████▎    | 871/1625 [02:01<01:28,  8.52it/s, acc=54.9%, loss=0.505]
Epoch 1/3:  54%|█████▎    | 872/1625 [02:01<01:26,  8.75it/s, acc=54.9%, loss=0.505]
Epoch 1/3:  54%|█████▎    | 872/1625 [02:01<01:26,  8.75it/s, acc=54.9%, loss=0.960]
Epoch 1/3:  54%|█████▎    | 873/1625 [02:01<01:26,  8.69it/s, acc=54.9%, loss=0.960]
Epoch 1/3:  54%|█████▎    | 873/1625 [02:01<01:26,  8.69it/s, acc=54.9%, loss=1.077]
Epoch 1/3:  54%|█████▍    | 874/1625 [02:01<01:27,  8.59it/s, acc=54.9%, loss=1.077]
Epoch 1/3:  54%|█████▍    | 874/1625 [02:02<01:27,  8.59it/s, acc=54.9%, loss=0.782]
Epoch 1/3:  54%|█████▍    | 875/1625 [02:02<01:26,  8.71it/s, acc=54.9%, loss=0.782]
Epoch 1/3:  54%|█████▍    | 875/1625 [02:02<01:26,  8.71it/s, acc=54.9%, loss=0.924]
Epoch 1/3:  54%|█████▍    | 876/1625 [02:02<01:28,  8.48it/s, acc=54.9%, loss=0.924]
Epoch 1/3:  54%|█████▍    | 876/1625 [02:02<01:28,  8.48it/s, acc=54.9%, loss=0.959]
Epoch 1/3:  54%|█████▍    | 877/1625 [02:02<01:40,  7.47it/s, acc=54.9%, loss=0.959]
Epoch 1/3:  54%|█████▍    | 877/1625 [02:02<01:40,  7.47it/s, acc=54.9%, loss=0.830]
Epoch 1/3:  54%|█████▍    | 878/1625 [02:02<02:03,  6.04it/s, acc=54.9%, loss=0.830]
Epoch 1/3:  54%|█████▍    | 878/1625 [02:02<02:03,  6.04it/s, acc=54.9%, loss=0.961]
Epoch 1/3:  54%|█████▍    | 879/1625 [02:02<02:05,  5.96it/s, acc=54.9%, loss=0.961]
Epoch 1/3:  54%|█████▍    | 879/1625 [02:02<02:05,  5.96it/s, acc=54.9%, loss=0.891]
Epoch 1/3:  54%|█████▍    | 880/1625 [02:02<02:13,  5.59it/s, acc=54.9%, loss=0.891]
Epoch 1/3:  54%|█████▍    | 880/1625 [02:03<02:13,  5.59it/s, acc=54.9%, loss=0.984]
Epoch 1/3:  54%|█████▍    | 881/1625 [02:03<02:25,  5.12it/s, acc=54.9%, loss=0.984]
Epoch 1/3:  54%|█████▍    | 881/1625 [02:03<02:25,  5.12it/s, acc=54.9%, loss=0.863]
Epoch 1/3:  54%|█████▍    | 882/1625 [02:03<02:12,  5.60it/s, acc=54.9%, loss=0.863]
Epoch 1/3:  54%|█████▍    | 882/1625 [02:03<02:12,  5.60it/s, acc=54.9%, loss=0.898]
Epoch 1/3:  54%|█████▍    | 883/1625 [02:03<02:02,  6.07it/s, acc=54.9%, loss=0.898]
Epoch 1/3:  54%|█████▍    | 883/1625 [02:03<02:02,  6.07it/s, acc=54.9%, loss=1.069]
Epoch 1/3:  54%|█████▍    | 884/1625 [02:03<01:47,  6.87it/s, acc=54.9%, loss=1.069]
Epoch 1/3:  54%|█████▍    | 884/1625 [02:03<01:47,  6.87it/s, acc=54.9%, loss=0.796]
Epoch 1/3:  54%|█████▍    | 885/1625 [02:03<01:38,  7.52it/s, acc=54.9%, loss=0.796]
Epoch 1/3:  54%|█████▍    | 885/1625 [02:03<01:38,  7.52it/s, acc=54.9%, loss=0.906]
Epoch 1/3:  55%|█████▍    | 886/1625 [02:03<01:37,  7.59it/s, acc=54.9%, loss=0.906]
Epoch 1/3:  55%|█████▍    | 886/1625 [02:03<01:37,  7.59it/s, acc=54.9%, loss=0.893]
Epoch 1/3:  55%|█████▍    | 887/1625 [02:03<01:42,  7.17it/s, acc=54.9%, loss=0.893]
Epoch 1/3:  55%|█████▍    | 887/1625 [02:04<01:42,  7.17it/s, acc=54.9%, loss=0.906]
Epoch 1/3:  55%|█████▍    | 888/1625 [02:04<01:50,  6.66it/s, acc=54.9%, loss=0.906]
Epoch 1/3:  55%|█████▍    | 888/1625 [02:04<01:50,  6.66it/s, acc=54.9%, loss=0.791]
Epoch 1/3:  55%|█████▍    | 889/1625 [02:04<02:00,  6.13it/s, acc=54.9%, loss=0.791]
Epoch 1/3:  55%|█████▍    | 889/1625 [02:04<02:00,  6.13it/s, acc=54.9%, loss=0.843]
Epoch 1/3:  55%|█████▍    | 890/1625 [02:04<02:05,  5.86it/s, acc=54.9%, loss=0.843]
Epoch 1/3:  55%|█████▍    | 890/1625 [02:04<02:05,  5.86it/s, acc=54.9%, loss=0.960]
Epoch 1/3:  55%|█████▍    | 891/1625 [02:04<02:07,  5.76it/s, acc=54.9%, loss=0.960]
Epoch 1/3:  55%|█████▍    | 891/1625 [02:04<02:07,  5.76it/s, acc=54.9%, loss=1.146]
Epoch 1/3:  55%|█████▍    | 892/1625 [02:04<02:08,  5.70it/s, acc=54.9%, loss=1.146]
Epoch 1/3:  55%|█████▍    | 892/1625 [02:05<02:08,  5.70it/s, acc=54.9%, loss=0.864]
Epoch 1/3:  55%|█████▍    | 893/1625 [02:05<02:26,  4.98it/s, acc=54.9%, loss=0.864]
Epoch 1/3:  55%|█████▍    | 893/1625 [02:05<02:26,  4.98it/s, acc=54.9%, loss=0.897]
Epoch 1/3:  55%|█████▌    | 894/1625 [02:05<02:38,  4.61it/s, acc=54.9%, loss=0.897]
Epoch 1/3:  55%|█████▌    | 894/1625 [02:05<02:38,  4.61it/s, acc=54.9%, loss=0.892]
Epoch 1/3:  55%|█████▌    | 895/1625 [02:05<02:15,  5.37it/s, acc=54.9%, loss=0.892]
Epoch 1/3:  55%|█████▌    | 895/1625 [02:05<02:15,  5.37it/s, acc=54.9%, loss=0.865]
Epoch 1/3:  55%|█████▌    | 896/1625 [02:05<02:00,  6.04it/s, acc=54.9%, loss=0.865]
Epoch 1/3:  55%|█████▌    | 896/1625 [02:05<02:00,  6.04it/s, acc=54.9%, loss=1.001]
Epoch 1/3:  55%|█████▌    | 897/1625 [02:05<01:47,  6.77it/s, acc=54.9%, loss=1.001]
Epoch 1/3:  55%|█████▌    | 897/1625 [02:05<01:47,  6.77it/s, acc=54.9%, loss=0.879]
Epoch 1/3:  55%|█████▌    | 898/1625 [02:05<01:41,  7.18it/s, acc=54.9%, loss=0.879]
Epoch 1/3:  55%|█████▌    | 898/1625 [02:05<01:41,  7.18it/s, acc=54.9%, loss=0.953]
Epoch 1/3:  55%|█████▌    | 899/1625 [02:05<01:37,  7.45it/s, acc=54.9%, loss=0.953]
Epoch 1/3:  55%|█████▌    | 899/1625 [02:06<01:37,  7.45it/s, acc=54.9%, loss=0.877]
Epoch 1/3:  55%|█████▌    | 900/1625 [02:06<01:33,  7.79it/s, acc=54.9%, loss=0.877]
Epoch 1/3:  55%|█████▌    | 900/1625 [02:06<01:33,  7.79it/s, acc=54.9%, loss=0.861]
Epoch 1/3:  55%|█████▌    | 900/1625 [02:06<01:33,  7.79it/s, acc=54.9%, loss=0.815]
Epoch 1/3:  56%|█████▌    | 902/1625 [02:06<01:24,  8.56it/s, acc=54.9%, loss=0.815]
Epoch 1/3:  56%|█████▌    | 902/1625 [02:06<01:24,  8.56it/s, acc=54.9%, loss=0.799]
Epoch 1/3:  56%|█████▌    | 903/1625 [02:06<01:21,  8.83it/s, acc=54.9%, loss=0.799]
Epoch 1/3:  56%|█████▌    | 903/1625 [02:06<01:21,  8.83it/s, acc=54.9%, loss=1.083]
Epoch 1/3:  56%|█████▌    | 903/1625 [02:06<01:21,  8.83it/s, acc=54.9%, loss=0.766]
Epoch 1/3:  56%|█████▌    | 905/1625 [02:06<01:16,  9.37it/s, acc=54.9%, loss=0.766]
Epoch 1/3:  56%|█████▌    | 905/1625 [02:06<01:16,  9.37it/s, acc=54.9%, loss=1.026]
Epoch 1/3:  56%|█████▌    | 905/1625 [02:06<01:16,  9.37it/s, acc=54.9%, loss=0.993]
Epoch 1/3:  56%|█████▌    | 907/1625 [02:06<01:16,  9.44it/s, acc=54.9%, loss=0.993]
Epoch 1/3:  56%|█████▌    | 907/1625 [02:06<01:16,  9.44it/s, acc=54.9%, loss=0.963]
Epoch 1/3:  56%|█████▌    | 908/1625 [02:06<01:15,  9.55it/s, acc=54.9%, loss=0.963]
Epoch 1/3:  56%|█████▌    | 908/1625 [02:06<01:15,  9.55it/s, acc=54.9%, loss=0.779]
Epoch 1/3:  56%|█████▌    | 909/1625 [02:06<01:14,  9.58it/s, acc=54.9%, loss=0.779]
Epoch 1/3:  56%|█████▌    | 909/1625 [02:07<01:14,  9.58it/s, acc=54.9%, loss=0.903]
Epoch 1/3:  56%|█████▌    | 910/1625 [02:07<01:19,  9.02it/s, acc=54.9%, loss=0.903]
Epoch 1/3:  56%|█████▌    | 910/1625 [02:07<01:19,  9.02it/s, acc=54.9%, loss=0.802]
Epoch 1/3:  56%|█████▌    | 911/1625 [02:07<01:17,  9.18it/s, acc=54.9%, loss=0.802]
Epoch 1/3:  56%|█████▌    | 911/1625 [02:07<01:17,  9.18it/s, acc=54.9%, loss=0.884]
Epoch 1/3:  56%|█████▌    | 911/1625 [02:07<01:17,  9.18it/s, acc=54.9%, loss=0.816]
Epoch 1/3:  56%|█████▌    | 913/1625 [02:07<01:14,  9.51it/s, acc=54.9%, loss=0.816]
Epoch 1/3:  56%|█████▌    | 913/1625 [02:07<01:14,  9.51it/s, acc=54.9%, loss=0.724]
Epoch 1/3:  56%|█████▌    | 914/1625 [02:07<01:13,  9.61it/s, acc=54.9%, loss=0.724]
Epoch 1/3:  56%|█████▌    | 914/1625 [02:07<01:13,  9.61it/s, acc=54.9%, loss=1.008]
Epoch 1/3:  56%|█████▋    | 915/1625 [02:07<01:17,  9.17it/s, acc=54.9%, loss=1.008]
Epoch 1/3:  56%|█████▋    | 915/1625 [02:07<01:17,  9.17it/s, acc=54.9%, loss=0.811]
Epoch 1/3:  56%|█████▋    | 915/1625 [02:07<01:17,  9.17it/s, acc=54.9%, loss=0.828]
Epoch 1/3:  56%|█████▋    | 917/1625 [02:07<01:15,  9.40it/s, acc=54.9%, loss=0.828]
Epoch 1/3:  56%|█████▋    | 917/1625 [02:07<01:15,  9.40it/s, acc=54.9%, loss=0.864]
Epoch 1/3:  56%|█████▋    | 918/1625 [02:07<01:14,  9.43it/s, acc=54.9%, loss=0.864]
Epoch 1/3:  56%|█████▋    | 918/1625 [02:08<01:14,  9.43it/s, acc=54.9%, loss=0.961]
Epoch 1/3:  57%|█████▋    | 919/1625 [02:08<01:17,  9.15it/s, acc=54.9%, loss=0.961]
Epoch 1/3:  57%|█████▋    | 919/1625 [02:08<01:17,  9.15it/s, acc=54.9%, loss=0.848]
Epoch 1/3:  57%|█████▋    | 919/1625 [02:08<01:17,  9.15it/s, acc=55.0%, loss=0.993]
Epoch 1/3:  57%|█████▋    | 921/1625 [02:08<01:15,  9.34it/s, acc=55.0%, loss=0.993]
Epoch 1/3:  57%|█████▋    | 921/1625 [02:08<01:15,  9.34it/s, acc=55.0%, loss=0.731]
Epoch 1/3:  57%|█████▋    | 922/1625 [02:08<01:18,  8.95it/s, acc=55.0%, loss=0.731]
Epoch 1/3:  57%|█████▋    | 922/1625 [02:08<01:18,  8.95it/s, acc=55.0%, loss=0.839]
Epoch 1/3:  57%|█████▋    | 923/1625 [02:08<01:17,  9.05it/s, acc=55.0%, loss=0.839]
Epoch 1/3:  57%|█████▋    | 923/1625 [02:08<01:17,  9.05it/s, acc=55.0%, loss=1.181]
Epoch 1/3:  57%|█████▋    | 924/1625 [02:08<01:22,  8.47it/s, acc=55.0%, loss=1.181]
Epoch 1/3:  57%|█████▋    | 924/1625 [02:08<01:22,  8.47it/s, acc=54.9%, loss=1.153]
Epoch 1/3:  57%|█████▋    | 925/1625 [02:08<01:29,  7.84it/s, acc=54.9%, loss=1.153]
Epoch 1/3:  57%|█████▋    | 925/1625 [02:08<01:29,  7.84it/s, acc=55.0%, loss=0.799]
Epoch 1/3:  57%|█████▋    | 926/1625 [02:08<01:37,  7.17it/s, acc=55.0%, loss=0.799]
Epoch 1/3:  57%|█████▋    | 926/1625 [02:09<01:37,  7.17it/s, acc=55.0%, loss=0.871]
Epoch 1/3:  57%|█████▋    | 927/1625 [02:09<01:32,  7.56it/s, acc=55.0%, loss=0.871]
Epoch 1/3:  57%|█████▋    | 927/1625 [02:09<01:32,  7.56it/s, acc=55.0%, loss=0.965]
Epoch 1/3:  57%|█████▋    | 928/1625 [02:09<01:28,  7.84it/s, acc=55.0%, loss=0.965]
Epoch 1/3:  57%|█████▋    | 928/1625 [02:09<01:28,  7.84it/s, acc=55.0%, loss=0.846]
Epoch 1/3:  57%|█████▋    | 929/1625 [02:09<01:35,  7.25it/s, acc=55.0%, loss=0.846]
Epoch 1/3:  57%|█████▋    | 929/1625 [02:09<01:35,  7.25it/s, acc=55.0%, loss=0.907]
Epoch 1/3:  57%|█████▋    | 930/1625 [02:09<01:30,  7.69it/s, acc=55.0%, loss=0.907]
Epoch 1/3:  57%|█████▋    | 930/1625 [02:09<01:30,  7.69it/s, acc=55.0%, loss=0.770]
Epoch 1/3:  57%|█████▋    | 931/1625 [02:09<01:26,  7.98it/s, acc=55.0%, loss=0.770]
Epoch 1/3:  57%|█████▋    | 931/1625 [02:09<01:26,  7.98it/s, acc=55.0%, loss=0.939]
Epoch 1/3:  57%|█████▋    | 932/1625 [02:09<01:23,  8.32it/s, acc=55.0%, loss=0.939]
Epoch 1/3:  57%|█████▋    | 932/1625 [02:09<01:23,  8.32it/s, acc=55.0%, loss=0.966]
Epoch 1/3:  57%|█████▋    | 933/1625 [02:09<01:24,  8.23it/s, acc=55.0%, loss=0.966]
Epoch 1/3:  57%|█████▋    | 933/1625 [02:09<01:24,  8.23it/s, acc=55.0%, loss=1.043]
Epoch 1/3:  57%|█████▋    | 934/1625 [02:09<01:19,  8.66it/s, acc=55.0%, loss=1.043]
Epoch 1/3:  57%|█████▋    | 934/1625 [02:10<01:19,  8.66it/s, acc=55.0%, loss=0.827]
Epoch 1/3:  58%|█████▊    | 935/1625 [02:10<01:17,  8.95it/s, acc=55.0%, loss=0.827]
Epoch 1/3:  58%|█████▊    | 935/1625 [02:10<01:17,  8.95it/s, acc=55.0%, loss=0.846]
Epoch 1/3:  58%|█████▊    | 936/1625 [02:10<01:16,  9.04it/s, acc=55.0%, loss=0.846]
Epoch 1/3:  58%|█████▊    | 936/1625 [02:10<01:16,  9.04it/s, acc=55.0%, loss=0.896]
Epoch 1/3:  58%|█████▊    | 937/1625 [02:10<01:23,  8.21it/s, acc=55.0%, loss=0.896]
Epoch 1/3:  58%|█████▊    | 937/1625 [02:10<01:23,  8.21it/s, acc=55.0%, loss=0.763]
Epoch 1/3:  58%|█████▊    | 938/1625 [02:10<01:21,  8.47it/s, acc=55.0%, loss=0.763]
Epoch 1/3:  58%|█████▊    | 938/1625 [02:10<01:21,  8.47it/s, acc=55.0%, loss=0.890]
Epoch 1/3:  58%|█████▊    | 939/1625 [02:10<01:18,  8.71it/s, acc=55.0%, loss=0.890]
Epoch 1/3:  58%|█████▊    | 939/1625 [02:10<01:18,  8.71it/s, acc=55.0%, loss=0.879]
Epoch 1/3:  58%|█████▊    | 940/1625 [02:10<01:17,  8.85it/s, acc=55.0%, loss=0.879]
Epoch 1/3:  58%|█████▊    | 940/1625 [02:10<01:17,  8.85it/s, acc=55.0%, loss=0.808]
Epoch 1/3:  58%|█████▊    | 941/1625 [02:10<01:16,  8.95it/s, acc=55.0%, loss=0.808]
Epoch 1/3:  58%|█████▊    | 941/1625 [02:10<01:16,  8.95it/s, acc=55.0%, loss=0.854]
Epoch 1/3:  58%|█████▊    | 942/1625 [02:10<01:15,  9.05it/s, acc=55.0%, loss=0.854]
Epoch 1/3:  58%|█████▊    | 942/1625 [02:10<01:15,  9.05it/s, acc=55.0%, loss=0.971]
Epoch 1/3:  58%|█████▊    | 943/1625 [02:10<01:14,  9.18it/s, acc=55.0%, loss=0.971]
Epoch 1/3:  58%|█████▊    | 943/1625 [02:11<01:14,  9.18it/s, acc=55.0%, loss=0.838]
Epoch 1/3:  58%|█████▊    | 944/1625 [02:11<01:15,  8.96it/s, acc=55.0%, loss=0.838]
Epoch 1/3:  58%|█████▊    | 944/1625 [02:11<01:15,  8.96it/s, acc=55.0%, loss=0.866]
Epoch 1/3:  58%|█████▊    | 945/1625 [02:11<01:14,  9.16it/s, acc=55.0%, loss=0.866]
Epoch 1/3:  58%|█████▊    | 945/1625 [02:11<01:14,  9.16it/s, acc=55.1%, loss=0.804]
Epoch 1/3:  58%|█████▊    | 946/1625 [02:11<01:13,  9.19it/s, acc=55.1%, loss=0.804]
Epoch 1/3:  58%|█████▊    | 946/1625 [02:11<01:13,  9.19it/s, acc=55.0%, loss=0.970]
Epoch 1/3:  58%|█████▊    | 947/1625 [02:11<01:27,  7.76it/s, acc=55.0%, loss=0.970]
Epoch 1/3:  58%|█████▊    | 947/1625 [02:11<01:27,  7.76it/s, acc=55.1%, loss=0.796]
Epoch 1/3:  58%|█████▊    | 948/1625 [02:11<01:45,  6.42it/s, acc=55.1%, loss=0.796]
Epoch 1/3:  58%|█████▊    | 948/1625 [02:11<01:45,  6.42it/s, acc=55.1%, loss=0.869]
Epoch 1/3:  58%|█████▊    | 949/1625 [02:11<02:00,  5.61it/s, acc=55.1%, loss=0.869]
Epoch 1/3:  58%|█████▊    | 949/1625 [02:12<02:00,  5.61it/s, acc=55.1%, loss=0.925]
Epoch 1/3:  58%|█████▊    | 950/1625 [02:12<02:08,  5.25it/s, acc=55.1%, loss=0.925]
Epoch 1/3:  58%|█████▊    | 950/1625 [02:12<02:08,  5.25it/s, acc=55.1%, loss=0.910]
Epoch 1/3:  59%|█████▊    | 951/1625 [02:12<02:05,  5.36it/s, acc=55.1%, loss=0.910]
Epoch 1/3:  59%|█████▊    | 951/1625 [02:12<02:05,  5.36it/s, acc=55.1%, loss=0.976]
Epoch 1/3:  59%|█████▊    | 952/1625 [02:12<01:49,  6.14it/s, acc=55.1%, loss=0.976]
Epoch 1/3:  59%|█████▊    | 952/1625 [02:12<01:49,  6.14it/s, acc=55.1%, loss=1.031]
Epoch 1/3:  59%|█████▊    | 953/1625 [02:12<01:43,  6.51it/s, acc=55.1%, loss=1.031]
Epoch 1/3:  59%|█████▊    | 953/1625 [02:12<01:43,  6.51it/s, acc=55.1%, loss=0.921]
Epoch 1/3:  59%|█████▊    | 954/1625 [02:12<01:40,  6.65it/s, acc=55.1%, loss=0.921]
Epoch 1/3:  59%|█████▊    | 954/1625 [02:12<01:40,  6.65it/s, acc=55.1%, loss=0.920]
Epoch 1/3:  59%|█████▉    | 955/1625 [02:12<01:31,  7.33it/s, acc=55.1%, loss=0.920]
Epoch 1/3:  59%|█████▉    | 955/1625 [02:12<01:31,  7.33it/s, acc=55.1%, loss=0.933]
Epoch 1/3:  59%|█████▉    | 956/1625 [02:12<01:32,  7.19it/s, acc=55.1%, loss=0.933]
Epoch 1/3:  59%|█████▉    | 956/1625 [02:13<01:32,  7.19it/s, acc=55.1%, loss=0.852]
Epoch 1/3:  59%|█████▉    | 957/1625 [02:13<01:37,  6.88it/s, acc=55.1%, loss=0.852]
Epoch 1/3:  59%|█████▉    | 957/1625 [02:13<01:37,  6.88it/s, acc=55.1%, loss=0.918]
Epoch 1/3:  59%|█████▉    | 958/1625 [02:13<01:30,  7.37it/s, acc=55.1%, loss=0.918]
Epoch 1/3:  59%|█████▉    | 958/1625 [02:13<01:30,  7.37it/s, acc=55.1%, loss=0.762]
Epoch 1/3:  59%|█████▉    | 959/1625 [02:13<01:26,  7.73it/s, acc=55.1%, loss=0.762]
Epoch 1/3:  59%|█████▉    | 959/1625 [02:13<01:26,  7.73it/s, acc=55.1%, loss=1.192]
Epoch 1/3:  59%|█████▉    | 960/1625 [02:13<01:31,  7.27it/s, acc=55.1%, loss=1.192]
Epoch 1/3:  59%|█████▉    | 960/1625 [02:13<01:31,  7.27it/s, acc=55.1%, loss=0.765]
Epoch 1/3:  59%|█████▉    | 960/1625 [02:13<01:31,  7.27it/s, acc=55.1%, loss=0.825]
Epoch 1/3:  59%|█████▉    | 962/1625 [02:13<01:19,  8.30it/s, acc=55.1%, loss=0.825]
Epoch 1/3:  59%|█████▉    | 962/1625 [02:13<01:19,  8.30it/s, acc=55.1%, loss=0.956]
Epoch 1/3:  59%|█████▉    | 963/1625 [02:13<01:19,  8.37it/s, acc=55.1%, loss=0.956]
Epoch 1/3:  59%|█████▉    | 963/1625 [02:13<01:19,  8.37it/s, acc=55.1%, loss=0.811]
Epoch 1/3:  59%|█████▉    | 964/1625 [02:13<01:17,  8.55it/s, acc=55.1%, loss=0.811]
Epoch 1/3:  59%|█████▉    | 964/1625 [02:13<01:17,  8.55it/s, acc=55.1%, loss=0.828]
Epoch 1/3:  59%|█████▉    | 965/1625 [02:13<01:16,  8.58it/s, acc=55.1%, loss=0.828]
Epoch 1/3:  59%|█████▉    | 965/1625 [02:14<01:16,  8.58it/s, acc=55.1%, loss=0.752]
Epoch 1/3:  59%|█████▉    | 966/1625 [02:14<01:17,  8.47it/s, acc=55.1%, loss=0.752]
Epoch 1/3:  59%|█████▉    | 966/1625 [02:14<01:17,  8.47it/s, acc=55.1%, loss=0.830]
Epoch 1/3:  60%|█████▉    | 967/1625 [02:14<01:25,  7.72it/s, acc=55.1%, loss=0.830]
Epoch 1/3:  60%|█████▉    | 967/1625 [02:14<01:25,  7.72it/s, acc=55.1%, loss=0.879]
Epoch 1/3:  60%|█████▉    | 968/1625 [02:14<01:32,  7.09it/s, acc=55.1%, loss=0.879]
Epoch 1/3:  60%|█████▉    | 968/1625 [02:14<01:32,  7.09it/s, acc=55.1%, loss=1.001]
Epoch 1/3:  60%|█████▉    | 969/1625 [02:14<01:41,  6.44it/s, acc=55.1%, loss=1.001]
Epoch 1/3:  60%|█████▉    | 969/1625 [02:14<01:41,  6.44it/s, acc=55.1%, loss=1.038]
Epoch 1/3:  60%|█████▉    | 970/1625 [02:14<01:47,  6.08it/s, acc=55.1%, loss=1.038]
Epoch 1/3:  60%|█████▉    | 970/1625 [02:15<01:47,  6.08it/s, acc=55.1%, loss=1.094]
Epoch 1/3:  60%|█████▉    | 971/1625 [02:15<01:52,  5.80it/s, acc=55.1%, loss=1.094]
Epoch 1/3:  60%|█████▉    | 971/1625 [02:15<01:52,  5.80it/s, acc=55.1%, loss=0.813]
Epoch 1/3:  60%|█████▉    | 972/1625 [02:15<01:55,  5.64it/s, acc=55.1%, loss=0.813]
Epoch 1/3:  60%|█████▉    | 972/1625 [02:15<01:55,  5.64it/s, acc=55.1%, loss=0.941]
Epoch 1/3:  60%|█████▉    | 973/1625 [02:15<01:43,  6.31it/s, acc=55.1%, loss=0.941]
Epoch 1/3:  60%|█████▉    | 973/1625 [02:15<01:43,  6.31it/s, acc=55.1%, loss=1.019]
Epoch 1/3:  60%|█████▉    | 974/1625 [02:15<01:34,  6.88it/s, acc=55.1%, loss=1.019]
Epoch 1/3:  60%|█████▉    | 974/1625 [02:15<01:34,  6.88it/s, acc=55.1%, loss=0.758]
Epoch 1/3:  60%|██████    | 975/1625 [02:15<01:40,  6.46it/s, acc=55.1%, loss=0.758]
Epoch 1/3:  60%|██████    | 975/1625 [02:15<01:40,  6.46it/s, acc=55.1%, loss=0.972]
Epoch 1/3:  60%|██████    | 976/1625 [02:15<01:50,  5.88it/s, acc=55.1%, loss=0.972]
Epoch 1/3:  60%|██████    | 976/1625 [02:15<01:50,  5.88it/s, acc=55.1%, loss=0.841]
Epoch 1/3:  60%|██████    | 977/1625 [02:15<01:49,  5.90it/s, acc=55.1%, loss=0.841]
Epoch 1/3:  60%|██████    | 977/1625 [02:16<01:49,  5.90it/s, acc=55.1%, loss=0.988]
Epoch 1/3:  60%|██████    | 978/1625 [02:16<02:00,  5.38it/s, acc=55.1%, loss=0.988]
Epoch 1/3:  60%|██████    | 978/1625 [02:16<02:00,  5.38it/s, acc=55.1%, loss=0.833]
Epoch 1/3:  60%|██████    | 979/1625 [02:16<02:00,  5.34it/s, acc=55.1%, loss=0.833]
Epoch 1/3:  60%|██████    | 979/1625 [02:16<02:00,  5.34it/s, acc=55.1%, loss=1.051]
Epoch 1/3:  60%|██████    | 980/1625 [02:16<02:00,  5.33it/s, acc=55.1%, loss=1.051]
Epoch 1/3:  60%|██████    | 980/1625 [02:16<02:00,  5.33it/s, acc=55.1%, loss=0.783]
Epoch 1/3:  60%|██████    | 981/1625 [02:16<01:59,  5.39it/s, acc=55.1%, loss=0.783]
Epoch 1/3:  60%|██████    | 981/1625 [02:16<01:59,  5.39it/s, acc=55.1%, loss=0.760]
Epoch 1/3:  60%|██████    | 982/1625 [02:16<01:53,  5.69it/s, acc=55.1%, loss=0.760]
Epoch 1/3:  60%|██████    | 982/1625 [02:17<01:53,  5.69it/s, acc=55.2%, loss=0.821]
Epoch 1/3:  60%|██████    | 982/1625 [02:17<01:53,  5.69it/s, acc=55.1%, loss=0.981]
Epoch 1/3:  61%|██████    | 984/1625 [02:17<01:30,  7.10it/s, acc=55.1%, loss=0.981]
Epoch 1/3:  61%|██████    | 984/1625 [02:17<01:30,  7.10it/s, acc=55.2%, loss=0.777]
Epoch 1/3:  61%|██████    | 985/1625 [02:17<01:24,  7.56it/s, acc=55.2%, loss=0.777]
Epoch 1/3:  61%|██████    | 985/1625 [02:17<01:24,  7.56it/s, acc=55.1%, loss=1.121]
Epoch 1/3:  61%|██████    | 986/1625 [02:17<01:20,  7.91it/s, acc=55.1%, loss=1.121]
Epoch 1/3:  61%|██████    | 986/1625 [02:17<01:20,  7.91it/s, acc=55.2%, loss=0.795]
Epoch 1/3:  61%|██████    | 987/1625 [02:17<01:17,  8.29it/s, acc=55.2%, loss=0.795]
Epoch 1/3:  61%|██████    | 987/1625 [02:17<01:17,  8.29it/s, acc=55.2%, loss=0.937]
Epoch 1/3:  61%|██████    | 988/1625 [02:17<01:14,  8.57it/s, acc=55.2%, loss=0.937]
Epoch 1/3:  61%|██████    | 988/1625 [02:17<01:14,  8.57it/s, acc=55.2%, loss=0.941]
Epoch 1/3:  61%|██████    | 989/1625 [02:17<01:12,  8.77it/s, acc=55.2%, loss=0.941]
Epoch 1/3:  61%|██████    | 989/1625 [02:17<01:12,  8.77it/s, acc=55.2%, loss=0.782]
Epoch 1/3:  61%|██████    | 990/1625 [02:17<01:10,  8.98it/s, acc=55.2%, loss=0.782]
Epoch 1/3:  61%|██████    | 990/1625 [02:17<01:10,  8.98it/s, acc=55.2%, loss=0.826]
Epoch 1/3:  61%|██████    | 991/1625 [02:17<01:20,  7.85it/s, acc=55.2%, loss=0.826]
Epoch 1/3:  61%|██████    | 991/1625 [02:18<01:20,  7.85it/s, acc=55.2%, loss=0.968]
Epoch 1/3:  61%|██████    | 992/1625 [02:18<01:22,  7.66it/s, acc=55.2%, loss=0.968]
Epoch 1/3:  61%|██████    | 992/1625 [02:18<01:22,  7.66it/s, acc=55.1%, loss=0.832]
Epoch 1/3:  61%|██████    | 992/1625 [02:18<01:22,  7.66it/s, acc=55.2%, loss=0.901]
Epoch 1/3:  61%|██████    | 994/1625 [02:18<01:15,  8.30it/s, acc=55.2%, loss=0.901]
Epoch 1/3:  61%|██████    | 994/1625 [02:18<01:15,  8.30it/s, acc=55.2%, loss=0.768]
Epoch 1/3:  61%|██████    | 995/1625 [02:18<01:16,  8.22it/s, acc=55.2%, loss=0.768]
Epoch 1/3:  61%|██████    | 995/1625 [02:18<01:16,  8.22it/s, acc=55.2%, loss=0.711]
Epoch 1/3:  61%|██████▏   | 996/1625 [02:18<01:15,  8.35it/s, acc=55.2%, loss=0.711]
Epoch 1/3:  61%|██████▏   | 996/1625 [02:18<01:15,  8.35it/s, acc=55.2%, loss=0.857]
Epoch 1/3:  61%|██████▏   | 997/1625 [02:18<01:12,  8.72it/s, acc=55.2%, loss=0.857]
Epoch 1/3:  61%|██████▏   | 997/1625 [02:18<01:12,  8.72it/s, acc=55.2%, loss=0.763]
Epoch 1/3:  61%|██████▏   | 998/1625 [02:18<01:11,  8.80it/s, acc=55.2%, loss=0.763]
Epoch 1/3:  61%|██████▏   | 998/1625 [02:18<01:11,  8.80it/s, acc=55.2%, loss=0.729]
Epoch 1/3:  61%|██████▏   | 999/1625 [02:18<01:09,  9.02it/s, acc=55.2%, loss=0.729]
Epoch 1/3:  61%|██████▏   | 999/1625 [02:18<01:09,  9.02it/s, acc=55.2%, loss=0.907]
Epoch 1/3:  61%|██████▏   | 999/1625 [02:19<01:09,  9.02it/s, acc=55.2%, loss=0.967]
Epoch 1/3:  62%|██████▏   | 1001/1625 [02:19<01:10,  8.81it/s, acc=55.2%, loss=0.967]
Epoch 1/3:  62%|██████▏   | 1001/1625 [02:19<01:10,  8.81it/s, acc=55.2%, loss=0.764]
Epoch 1/3:  62%|██████▏   | 1002/1625 [02:19<01:14,  8.39it/s, acc=55.2%, loss=0.764]
Epoch 1/3:  62%|██████▏   | 1002/1625 [02:19<01:14,  8.39it/s, acc=55.2%, loss=0.872]
Epoch 1/3:  62%|██████▏   | 1003/1625 [02:19<01:17,  7.98it/s, acc=55.2%, loss=0.872]
Epoch 1/3:  62%|██████▏   | 1003/1625 [02:19<01:17,  7.98it/s, acc=55.2%, loss=0.890]
Epoch 1/3:  62%|██████▏   | 1004/1625 [02:19<01:18,  7.88it/s, acc=55.2%, loss=0.890]
Epoch 1/3:  62%|██████▏   | 1004/1625 [02:19<01:18,  7.88it/s, acc=55.2%, loss=0.897]
Epoch 1/3:  62%|██████▏   | 1005/1625 [02:19<01:24,  7.33it/s, acc=55.2%, loss=0.897]
Epoch 1/3:  62%|██████▏   | 1005/1625 [02:19<01:24,  7.33it/s, acc=55.3%, loss=0.592]
Epoch 1/3:  62%|██████▏   | 1006/1625 [02:19<01:29,  6.95it/s, acc=55.3%, loss=0.592]
Epoch 1/3:  62%|██████▏   | 1006/1625 [02:19<01:29,  6.95it/s, acc=55.3%, loss=0.834]
Epoch 1/3:  62%|██████▏   | 1007/1625 [02:19<01:31,  6.79it/s, acc=55.3%, loss=0.834]
Epoch 1/3:  62%|██████▏   | 1007/1625 [02:20<01:31,  6.79it/s, acc=55.3%, loss=0.858]
Epoch 1/3:  62%|██████▏   | 1008/1625 [02:20<01:24,  7.29it/s, acc=55.3%, loss=0.858]
Epoch 1/3:  62%|██████▏   | 1008/1625 [02:20<01:24,  7.29it/s, acc=55.3%, loss=0.947]
Epoch 1/3:  62%|██████▏   | 1009/1625 [02:20<01:19,  7.76it/s, acc=55.3%, loss=0.947]
Epoch 1/3:  62%|██████▏   | 1009/1625 [02:20<01:19,  7.76it/s, acc=55.3%, loss=0.871]
Epoch 1/3:  62%|██████▏   | 1010/1625 [02:20<01:23,  7.39it/s, acc=55.3%, loss=0.871]
Epoch 1/3:  62%|██████▏   | 1010/1625 [02:20<01:23,  7.39it/s, acc=55.3%, loss=1.082]
Epoch 1/3:  62%|██████▏   | 1011/1625 [02:20<01:28,  6.96it/s, acc=55.3%, loss=1.082]
Epoch 1/3:  62%|██████▏   | 1011/1625 [02:20<01:28,  6.96it/s, acc=55.3%, loss=1.073]
Epoch 1/3:  62%|██████▏   | 1012/1625 [02:20<01:23,  7.35it/s, acc=55.3%, loss=1.073]
Epoch 1/3:  62%|██████▏   | 1012/1625 [02:20<01:23,  7.35it/s, acc=55.3%, loss=0.909]
Epoch 1/3:  62%|██████▏   | 1013/1625 [02:20<01:28,  6.92it/s, acc=55.3%, loss=0.909]
Epoch 1/3:  62%|██████▏   | 1013/1625 [02:20<01:28,  6.92it/s, acc=55.3%, loss=0.772]
Epoch 1/3:  62%|██████▏   | 1014/1625 [02:20<01:25,  7.17it/s, acc=55.3%, loss=0.772]
Epoch 1/3:  62%|██████▏   | 1014/1625 [02:21<01:25,  7.17it/s, acc=55.3%, loss=0.762]
Epoch 1/3:  62%|██████▏   | 1015/1625 [02:21<01:19,  7.70it/s, acc=55.3%, loss=0.762]
Epoch 1/3:  62%|██████▏   | 1015/1625 [02:21<01:19,  7.70it/s, acc=55.3%, loss=0.767]
Epoch 1/3:  63%|██████▎   | 1016/1625 [02:21<01:16,  7.92it/s, acc=55.3%, loss=0.767]
Epoch 1/3:  63%|██████▎   | 1016/1625 [02:21<01:16,  7.92it/s, acc=55.3%, loss=1.011]
Epoch 1/3:  63%|██████▎   | 1017/1625 [02:21<01:26,  6.99it/s, acc=55.3%, loss=1.011]
Epoch 1/3:  63%|██████▎   | 1017/1625 [02:21<01:26,  6.99it/s, acc=55.3%, loss=1.208]
Epoch 1/3:  63%|██████▎   | 1018/1625 [02:21<01:32,  6.54it/s, acc=55.3%, loss=1.208]
Epoch 1/3:  63%|██████▎   | 1018/1625 [02:21<01:32,  6.54it/s, acc=55.3%, loss=0.749]
Epoch 1/3:  63%|██████▎   | 1019/1625 [02:21<01:36,  6.29it/s, acc=55.3%, loss=0.749]
Epoch 1/3:  63%|██████▎   | 1019/1625 [02:21<01:36,  6.29it/s, acc=55.3%, loss=0.775]
Epoch 1/3:  63%|██████▎   | 1019/1625 [02:21<01:36,  6.29it/s, acc=55.3%, loss=0.842]
Epoch 1/3:  63%|██████▎   | 1021/1625 [02:21<01:19,  7.61it/s, acc=55.3%, loss=0.842]
Epoch 1/3:  63%|██████▎   | 1021/1625 [02:21<01:19,  7.61it/s, acc=55.3%, loss=0.996]
Epoch 1/3:  63%|██████▎   | 1022/1625 [02:21<01:17,  7.79it/s, acc=55.3%, loss=0.996]
Epoch 1/3:  63%|██████▎   | 1022/1625 [02:22<01:17,  7.79it/s, acc=55.3%, loss=0.891]
Epoch 1/3:  63%|██████▎   | 1023/1625 [02:22<01:15,  7.97it/s, acc=55.3%, loss=0.891]
Epoch 1/3:  63%|██████▎   | 1023/1625 [02:22<01:15,  7.97it/s, acc=55.3%, loss=0.875]
Epoch 1/3:  63%|██████▎   | 1024/1625 [02:22<01:24,  7.09it/s, acc=55.3%, loss=0.875]
Epoch 1/3:  63%|██████▎   | 1024/1625 [02:22<01:24,  7.09it/s, acc=55.3%, loss=0.834]
Epoch 1/3:  63%|██████▎   | 1025/1625 [02:22<01:27,  6.89it/s, acc=55.3%, loss=0.834]
Epoch 1/3:  63%|██████▎   | 1025/1625 [02:22<01:27,  6.89it/s, acc=55.3%, loss=1.003]
Epoch 1/3:  63%|██████▎   | 1026/1625 [02:22<01:19,  7.49it/s, acc=55.3%, loss=1.003]
Epoch 1/3:  63%|██████▎   | 1026/1625 [02:22<01:19,  7.49it/s, acc=55.3%, loss=0.934]
Epoch 1/3:  63%|██████▎   | 1027/1625 [02:22<01:17,  7.68it/s, acc=55.3%, loss=0.934]
Epoch 1/3:  63%|██████▎   | 1027/1625 [02:22<01:17,  7.68it/s, acc=55.3%, loss=1.040]
Epoch 1/3:  63%|██████▎   | 1028/1625 [02:22<01:14,  8.00it/s, acc=55.3%, loss=1.040]
Epoch 1/3:  63%|██████▎   | 1028/1625 [02:22<01:14,  8.00it/s, acc=55.3%, loss=0.696]
Epoch 1/3:  63%|██████▎   | 1029/1625 [02:22<01:12,  8.25it/s, acc=55.3%, loss=0.696]
Epoch 1/3:  63%|██████▎   | 1029/1625 [02:22<01:12,  8.25it/s, acc=55.3%, loss=0.807]
Epoch 1/3:  63%|██████▎   | 1030/1625 [02:22<01:10,  8.41it/s, acc=55.3%, loss=0.807]
Epoch 1/3:  63%|██████▎   | 1030/1625 [02:23<01:10,  8.41it/s, acc=55.4%, loss=0.777]
Epoch 1/3:  63%|██████▎   | 1031/1625 [02:23<01:08,  8.68it/s, acc=55.4%, loss=0.777]
Epoch 1/3:  63%|██████▎   | 1031/1625 [02:23<01:08,  8.68it/s, acc=55.4%, loss=1.101]
Epoch 1/3:  64%|██████▎   | 1032/1625 [02:23<01:09,  8.54it/s, acc=55.4%, loss=1.101]
Epoch 1/3:  64%|██████▎   | 1032/1625 [02:23<01:09,  8.54it/s, acc=55.4%, loss=0.810]
Epoch 1/3:  64%|██████▎   | 1033/1625 [02:23<01:20,  7.34it/s, acc=55.4%, loss=0.810]
Epoch 1/3:  64%|██████▎   | 1033/1625 [02:23<01:20,  7.34it/s, acc=55.4%, loss=0.726]
Epoch 1/3:  64%|██████▎   | 1034/1625 [02:23<01:32,  6.37it/s, acc=55.4%, loss=0.726]
Epoch 1/3:  64%|██████▎   | 1034/1625 [02:23<01:32,  6.37it/s, acc=55.4%, loss=0.731]
Epoch 1/3:  64%|██████▎   | 1035/1625 [02:23<01:25,  6.88it/s, acc=55.4%, loss=0.731]
Epoch 1/3:  64%|██████▎   | 1035/1625 [02:23<01:25,  6.88it/s, acc=55.4%, loss=1.040]
Epoch 1/3:  64%|██████▍   | 1036/1625 [02:23<01:34,  6.22it/s, acc=55.4%, loss=1.040]
Epoch 1/3:  64%|██████▍   | 1036/1625 [02:24<01:34,  6.22it/s, acc=55.4%, loss=0.907]
Epoch 1/3:  64%|██████▍   | 1037/1625 [02:24<01:38,  5.98it/s, acc=55.4%, loss=0.907]
Epoch 1/3:  64%|██████▍   | 1037/1625 [02:24<01:38,  5.98it/s, acc=55.4%, loss=0.960]
Epoch 1/3:  64%|██████▍   | 1038/1625 [02:24<01:42,  5.75it/s, acc=55.4%, loss=0.960]
Epoch 1/3:  64%|██████▍   | 1038/1625 [02:24<01:42,  5.75it/s, acc=55.4%, loss=0.830]
Epoch 1/3:  64%|██████▍   | 1039/1625 [02:24<01:40,  5.81it/s, acc=55.4%, loss=0.830]
Epoch 1/3:  64%|██████▍   | 1039/1625 [02:24<01:40,  5.81it/s, acc=55.4%, loss=0.807]
Epoch 1/3:  64%|██████▍   | 1040/1625 [02:24<01:30,  6.44it/s, acc=55.4%, loss=0.807]
Epoch 1/3:  64%|██████▍   | 1040/1625 [02:24<01:30,  6.44it/s, acc=55.4%, loss=0.869]
Epoch 1/3:  64%|██████▍   | 1041/1625 [02:24<01:23,  7.00it/s, acc=55.4%, loss=0.869]
Epoch 1/3:  64%|██████▍   | 1041/1625 [02:24<01:23,  7.00it/s, acc=55.4%, loss=1.134]
Epoch 1/3:  64%|██████▍   | 1042/1625 [02:24<01:20,  7.26it/s, acc=55.4%, loss=1.134]
Epoch 1/3:  64%|██████▍   | 1042/1625 [02:24<01:20,  7.26it/s, acc=55.4%, loss=1.099]
Epoch 1/3:  64%|██████▍   | 1043/1625 [02:24<01:14,  7.77it/s, acc=55.4%, loss=1.099]
Epoch 1/3:  64%|██████▍   | 1043/1625 [02:25<01:14,  7.77it/s, acc=55.4%, loss=0.744]
Epoch 1/3:  64%|██████▍   | 1044/1625 [02:25<01:12,  8.04it/s, acc=55.4%, loss=0.744]
Epoch 1/3:  64%|██████▍   | 1044/1625 [02:25<01:12,  8.04it/s, acc=55.4%, loss=0.879]
Epoch 1/3:  64%|██████▍   | 1045/1625 [02:25<01:18,  7.41it/s, acc=55.4%, loss=0.879]
Epoch 1/3:  64%|██████▍   | 1045/1625 [02:25<01:18,  7.41it/s, acc=55.4%, loss=0.895]
Epoch 1/3:  64%|██████▍   | 1046/1625 [02:25<01:16,  7.57it/s, acc=55.4%, loss=0.895]
Epoch 1/3:  64%|██████▍   | 1046/1625 [02:25<01:16,  7.57it/s, acc=55.4%, loss=0.766]
Epoch 1/3:  64%|██████▍   | 1047/1625 [02:25<01:14,  7.73it/s, acc=55.4%, loss=0.766]
Epoch 1/3:  64%|██████▍   | 1047/1625 [02:25<01:14,  7.73it/s, acc=55.4%, loss=0.800]
Epoch 1/3:  64%|██████▍   | 1048/1625 [02:25<01:13,  7.86it/s, acc=55.4%, loss=0.800]
Epoch 1/3:  64%|██████▍   | 1048/1625 [02:25<01:13,  7.86it/s, acc=55.5%, loss=0.575]
Epoch 1/3:  65%|██████▍   | 1049/1625 [02:25<01:16,  7.57it/s, acc=55.5%, loss=0.575]
Epoch 1/3:  65%|██████▍   | 1049/1625 [02:25<01:16,  7.57it/s, acc=55.5%, loss=0.678]
Epoch 1/3:  65%|██████▍   | 1050/1625 [02:25<01:20,  7.13it/s, acc=55.5%, loss=0.678]
Epoch 1/3:  65%|██████▍   | 1050/1625 [02:26<01:20,  7.13it/s, acc=55.5%, loss=0.710]
Epoch 1/3:  65%|██████▍   | 1051/1625 [02:26<01:23,  6.86it/s, acc=55.5%, loss=0.710]
Epoch 1/3:  65%|██████▍   | 1051/1625 [02:26<01:23,  6.86it/s, acc=55.5%, loss=0.775]
Epoch 1/3:  65%|██████▍   | 1052/1625 [02:26<01:29,  6.43it/s, acc=55.5%, loss=0.775]
Epoch 1/3:  65%|██████▍   | 1052/1625 [02:26<01:29,  6.43it/s, acc=55.5%, loss=0.823]
Epoch 1/3:  65%|██████▍   | 1053/1625 [02:26<01:35,  6.00it/s, acc=55.5%, loss=0.823]
Epoch 1/3:  65%|██████▍   | 1053/1625 [02:26<01:35,  6.00it/s, acc=55.5%, loss=1.020]
Epoch 1/3:  65%|██████▍   | 1054/1625 [02:26<01:38,  5.77it/s, acc=55.5%, loss=1.020]
Epoch 1/3:  65%|██████▍   | 1054/1625 [02:26<01:38,  5.77it/s, acc=55.5%, loss=1.088]
Epoch 1/3:  65%|██████▍   | 1055/1625 [02:26<01:40,  5.65it/s, acc=55.5%, loss=1.088]
Epoch 1/3:  65%|██████▍   | 1055/1625 [02:26<01:40,  5.65it/s, acc=55.5%, loss=0.804]
Epoch 1/3:  65%|██████▍   | 1056/1625 [02:26<01:43,  5.51it/s, acc=55.5%, loss=0.804]
Epoch 1/3:  65%|██████▍   | 1056/1625 [02:27<01:43,  5.51it/s, acc=55.5%, loss=0.778]
Epoch 1/3:  65%|██████▌   | 1057/1625 [02:27<01:45,  5.39it/s, acc=55.5%, loss=0.778]
Epoch 1/3:  65%|██████▌   | 1057/1625 [02:27<01:45,  5.39it/s, acc=55.5%, loss=0.723]
Epoch 1/3:  65%|██████▌   | 1058/1625 [02:27<01:38,  5.78it/s, acc=55.5%, loss=0.723]
Epoch 1/3:  65%|██████▌   | 1058/1625 [02:27<01:38,  5.78it/s, acc=55.5%, loss=0.845]
Epoch 1/3:  65%|██████▌   | 1059/1625 [02:27<01:26,  6.53it/s, acc=55.5%, loss=0.845]
Epoch 1/3:  65%|██████▌   | 1059/1625 [02:27<01:26,  6.53it/s, acc=55.5%, loss=0.916]
Epoch 1/3:  65%|██████▌   | 1060/1625 [02:27<01:25,  6.60it/s, acc=55.5%, loss=0.916]
Epoch 1/3:  65%|██████▌   | 1060/1625 [02:27<01:25,  6.60it/s, acc=55.5%, loss=0.927]
Epoch 1/3:  65%|██████▌   | 1061/1625 [02:27<01:28,  6.40it/s, acc=55.5%, loss=0.927]
Epoch 1/3:  65%|██████▌   | 1061/1625 [02:27<01:28,  6.40it/s, acc=55.5%, loss=1.002]
Epoch 1/3:  65%|██████▌   | 1062/1625 [02:27<01:29,  6.29it/s, acc=55.5%, loss=1.002]
Epoch 1/3:  65%|██████▌   | 1062/1625 [02:28<01:29,  6.29it/s, acc=55.5%, loss=0.837]
Epoch 1/3:  65%|██████▌   | 1063/1625 [02:28<01:21,  6.91it/s, acc=55.5%, loss=0.837]
Epoch 1/3:  65%|██████▌   | 1063/1625 [02:28<01:21,  6.91it/s, acc=55.5%, loss=0.849]
Epoch 1/3:  65%|██████▌   | 1064/1625 [02:28<01:20,  6.99it/s, acc=55.5%, loss=0.849]
Epoch 1/3:  65%|██████▌   | 1064/1625 [02:28<01:20,  6.99it/s, acc=55.5%, loss=0.949]
Epoch 1/3:  66%|██████▌   | 1065/1625 [02:28<01:25,  6.58it/s, acc=55.5%, loss=0.949]
Epoch 1/3:  66%|██████▌   | 1065/1625 [02:28<01:25,  6.58it/s, acc=55.5%, loss=0.859]
Epoch 1/3:  66%|██████▌   | 1066/1625 [02:28<01:20,  6.93it/s, acc=55.5%, loss=0.859]
Epoch 1/3:  66%|██████▌   | 1066/1625 [02:28<01:20,  6.93it/s, acc=55.5%, loss=0.860]
Epoch 1/3:  66%|██████▌   | 1067/1625 [02:28<01:19,  7.01it/s, acc=55.5%, loss=0.860]
Epoch 1/3:  66%|██████▌   | 1067/1625 [02:28<01:19,  7.01it/s, acc=55.5%, loss=1.001]
Epoch 1/3:  66%|██████▌   | 1068/1625 [02:28<01:22,  6.78it/s, acc=55.5%, loss=1.001]
Epoch 1/3:  66%|██████▌   | 1068/1625 [02:28<01:22,  6.78it/s, acc=55.5%, loss=0.855]
Epoch 1/3:  66%|██████▌   | 1069/1625 [02:28<01:25,  6.52it/s, acc=55.5%, loss=0.855]
Epoch 1/3:  66%|██████▌   | 1069/1625 [02:29<01:25,  6.52it/s, acc=55.5%, loss=1.110]
Epoch 1/3:  66%|██████▌   | 1070/1625 [02:29<01:28,  6.26it/s, acc=55.5%, loss=1.110]
Epoch 1/3:  66%|██████▌   | 1070/1625 [02:29<01:28,  6.26it/s, acc=55.5%, loss=0.782]
Epoch 1/3:  66%|██████▌   | 1071/1625 [02:29<01:20,  6.90it/s, acc=55.5%, loss=0.782]
Epoch 1/3:  66%|██████▌   | 1071/1625 [02:29<01:20,  6.90it/s, acc=55.6%, loss=0.840]
Epoch 1/3:  66%|██████▌   | 1072/1625 [02:29<01:13,  7.48it/s, acc=55.6%, loss=0.840]
Epoch 1/3:  66%|██████▌   | 1072/1625 [02:29<01:13,  7.48it/s, acc=55.6%, loss=0.850]
Epoch 1/3:  66%|██████▌   | 1073/1625 [02:29<01:16,  7.19it/s, acc=55.6%, loss=0.850]
Epoch 1/3:  66%|██████▌   | 1073/1625 [02:29<01:16,  7.19it/s, acc=55.6%, loss=0.877]
Epoch 1/3:  66%|██████▌   | 1074/1625 [02:29<01:10,  7.85it/s, acc=55.6%, loss=0.877]
Epoch 1/3:  66%|██████▌   | 1074/1625 [02:29<01:10,  7.85it/s, acc=55.6%, loss=0.934]
Epoch 1/3:  66%|██████▌   | 1075/1625 [02:29<01:08,  8.09it/s, acc=55.6%, loss=0.934]
Epoch 1/3:  66%|██████▌   | 1075/1625 [02:29<01:08,  8.09it/s, acc=55.6%, loss=0.780]
Epoch 1/3:  66%|██████▌   | 1075/1625 [02:29<01:08,  8.09it/s, acc=55.6%, loss=1.185]
Epoch 1/3:  66%|██████▋   | 1077/1625 [02:29<01:01,  8.87it/s, acc=55.6%, loss=1.185]
Epoch 1/3:  66%|██████▋   | 1077/1625 [02:29<01:01,  8.87it/s, acc=55.6%, loss=0.752]
Epoch 1/3:  66%|██████▋   | 1078/1625 [02:29<01:01,  8.88it/s, acc=55.6%, loss=0.752]
Epoch 1/3:  66%|██████▋   | 1078/1625 [02:30<01:01,  8.88it/s, acc=55.6%, loss=0.836]
Epoch 1/3:  66%|██████▋   | 1079/1625 [02:30<01:03,  8.56it/s, acc=55.6%, loss=0.836]
Epoch 1/3:  66%|██████▋   | 1079/1625 [02:30<01:03,  8.56it/s, acc=55.6%, loss=0.892]
Epoch 1/3:  66%|██████▋   | 1080/1625 [02:30<01:10,  7.73it/s, acc=55.6%, loss=0.892]
Epoch 1/3:  66%|██████▋   | 1080/1625 [02:30<01:10,  7.73it/s, acc=55.6%, loss=0.896]
Epoch 1/3:  67%|██████▋   | 1081/1625 [02:30<01:16,  7.14it/s, acc=55.6%, loss=0.896]
Epoch 1/3:  67%|██████▋   | 1081/1625 [02:30<01:16,  7.14it/s, acc=55.6%, loss=1.081]
Epoch 1/3:  67%|██████▋   | 1082/1625 [02:30<01:11,  7.60it/s, acc=55.6%, loss=1.081]
Epoch 1/3:  67%|██████▋   | 1082/1625 [02:30<01:11,  7.60it/s, acc=55.6%, loss=0.854]
Epoch 1/3:  67%|██████▋   | 1083/1625 [02:30<01:08,  7.96it/s, acc=55.6%, loss=0.854]
Epoch 1/3:  67%|██████▋   | 1083/1625 [02:30<01:08,  7.96it/s, acc=55.6%, loss=0.795]
Epoch 1/3:  67%|██████▋   | 1084/1625 [02:30<01:15,  7.15it/s, acc=55.6%, loss=0.795]
Epoch 1/3:  67%|██████▋   | 1084/1625 [02:31<01:15,  7.15it/s, acc=55.6%, loss=0.759]
Epoch 1/3:  67%|██████▋   | 1085/1625 [02:31<01:23,  6.50it/s, acc=55.6%, loss=0.759]
Epoch 1/3:  67%|██████▋   | 1085/1625 [02:31<01:23,  6.50it/s, acc=55.6%, loss=0.670]
Epoch 1/3:  67%|██████▋   | 1086/1625 [02:31<01:36,  5.61it/s, acc=55.6%, loss=0.670]
Epoch 1/3:  67%|██████▋   | 1086/1625 [02:31<01:36,  5.61it/s, acc=55.6%, loss=0.768]
Epoch 1/3:  67%|██████▋   | 1087/1625 [02:31<01:38,  5.46it/s, acc=55.6%, loss=0.768]
Epoch 1/3:  67%|██████▋   | 1087/1625 [02:31<01:38,  5.46it/s, acc=55.6%, loss=0.826]
Epoch 1/3:  67%|██████▋   | 1088/1625 [02:31<01:44,  5.16it/s, acc=55.6%, loss=0.826]
Epoch 1/3:  67%|██████▋   | 1088/1625 [02:31<01:44,  5.16it/s, acc=55.6%, loss=0.943]
Epoch 1/3:  67%|██████▋   | 1089/1625 [02:31<01:31,  5.88it/s, acc=55.6%, loss=0.943]
Epoch 1/3:  67%|██████▋   | 1089/1625 [02:31<01:31,  5.88it/s, acc=55.7%, loss=0.817]
Epoch 1/3:  67%|██████▋   | 1090/1625 [02:31<01:21,  6.60it/s, acc=55.7%, loss=0.817]
Epoch 1/3:  67%|██████▋   | 1090/1625 [02:32<01:21,  6.60it/s, acc=55.7%, loss=0.738]
Epoch 1/3:  67%|██████▋   | 1091/1625 [02:32<01:15,  7.06it/s, acc=55.7%, loss=0.738]
Epoch 1/3:  67%|██████▋   | 1091/1625 [02:32<01:15,  7.06it/s, acc=55.7%, loss=0.742]
Epoch 1/3:  67%|██████▋   | 1092/1625 [02:32<01:11,  7.43it/s, acc=55.7%, loss=0.742]
Epoch 1/3:  67%|██████▋   | 1092/1625 [02:32<01:11,  7.43it/s, acc=55.7%, loss=0.887]
Epoch 1/3:  67%|██████▋   | 1093/1625 [02:32<01:08,  7.71it/s, acc=55.7%, loss=0.887]
Epoch 1/3:  67%|██████▋   | 1093/1625 [02:32<01:08,  7.71it/s, acc=55.7%, loss=0.661]
Epoch 1/3:  67%|██████▋   | 1094/1625 [02:32<01:06,  7.94it/s, acc=55.7%, loss=0.661]
Epoch 1/3:  67%|██████▋   | 1094/1625 [02:32<01:06,  7.94it/s, acc=55.7%, loss=0.925]
Epoch 1/3:  67%|██████▋   | 1095/1625 [02:32<01:05,  8.10it/s, acc=55.7%, loss=0.925]
Epoch 1/3:  67%|██████▋   | 1095/1625 [02:32<01:05,  8.10it/s, acc=55.7%, loss=1.090]
Epoch 1/3:  67%|██████▋   | 1096/1625 [02:32<01:05,  8.13it/s, acc=55.7%, loss=1.090]
Epoch 1/3:  67%|██████▋   | 1096/1625 [02:32<01:05,  8.13it/s, acc=55.7%, loss=0.958]
Epoch 1/3:  68%|██████▊   | 1097/1625 [02:32<01:04,  8.24it/s, acc=55.7%, loss=0.958]
Epoch 1/3:  68%|██████▊   | 1097/1625 [02:32<01:04,  8.24it/s, acc=55.7%, loss=0.866]
Epoch 1/3:  68%|██████▊   | 1098/1625 [02:32<01:03,  8.31it/s, acc=55.7%, loss=0.866]
Epoch 1/3:  68%|██████▊   | 1098/1625 [02:32<01:03,  8.31it/s, acc=55.7%, loss=0.846]
Epoch 1/3:  68%|██████▊   | 1099/1625 [02:32<01:07,  7.79it/s, acc=55.7%, loss=0.846]
Epoch 1/3:  68%|██████▊   | 1099/1625 [02:33<01:07,  7.79it/s, acc=55.7%, loss=0.997]
Epoch 1/3:  68%|██████▊   | 1100/1625 [02:33<01:03,  8.27it/s, acc=55.7%, loss=0.997]
Epoch 1/3:  68%|██████▊   | 1100/1625 [02:33<01:03,  8.27it/s, acc=55.7%, loss=0.938]
Epoch 1/3:  68%|██████▊   | 1100/1625 [02:33<01:03,  8.27it/s, acc=55.7%, loss=0.884]
Epoch 1/3:  68%|██████▊   | 1102/1625 [02:33<01:05,  7.98it/s, acc=55.7%, loss=0.884]
Epoch 1/3:  68%|██████▊   | 1102/1625 [02:33<01:05,  7.98it/s, acc=55.7%, loss=0.855]
Epoch 1/3:  68%|██████▊   | 1103/1625 [02:33<01:11,  7.28it/s, acc=55.7%, loss=0.855]
Epoch 1/3:  68%|██████▊   | 1103/1625 [02:33<01:11,  7.28it/s, acc=55.7%, loss=0.930]
Epoch 1/3:  68%|██████▊   | 1104/1625 [02:33<01:08,  7.61it/s, acc=55.7%, loss=0.930]
Epoch 1/3:  68%|██████▊   | 1104/1625 [02:33<01:08,  7.61it/s, acc=55.7%, loss=0.814]
Epoch 1/3:  68%|██████▊   | 1105/1625 [02:33<01:08,  7.64it/s, acc=55.7%, loss=0.814]
Epoch 1/3:  68%|██████▊   | 1105/1625 [02:33<01:08,  7.64it/s, acc=55.7%, loss=1.004]
Epoch 1/3:  68%|██████▊   | 1106/1625 [02:33<01:03,  8.17it/s, acc=55.7%, loss=1.004]
Epoch 1/3:  68%|██████▊   | 1106/1625 [02:33<01:03,  8.17it/s, acc=55.7%, loss=0.660]
Epoch 1/3:  68%|██████▊   | 1107/1625 [02:33<01:02,  8.31it/s, acc=55.7%, loss=0.660]
Epoch 1/3:  68%|██████▊   | 1107/1625 [02:34<01:02,  8.31it/s, acc=55.7%, loss=0.760]
Epoch 1/3:  68%|██████▊   | 1108/1625 [02:34<01:10,  7.37it/s, acc=55.7%, loss=0.760]
Epoch 1/3:  68%|██████▊   | 1108/1625 [02:34<01:10,  7.37it/s, acc=55.7%, loss=1.000]
Epoch 1/3:  68%|██████▊   | 1109/1625 [02:34<01:13,  6.98it/s, acc=55.7%, loss=1.000]
Epoch 1/3:  68%|██████▊   | 1109/1625 [02:34<01:13,  6.98it/s, acc=55.7%, loss=0.735]
Epoch 1/3:  68%|██████▊   | 1110/1625 [02:34<01:12,  7.13it/s, acc=55.7%, loss=0.735]
Epoch 1/3:  68%|██████▊   | 1110/1625 [02:34<01:12,  7.13it/s, acc=55.7%, loss=0.835]
Epoch 1/3:  68%|██████▊   | 1111/1625 [02:34<01:06,  7.71it/s, acc=55.7%, loss=0.835]
Epoch 1/3:  68%|██████▊   | 1111/1625 [02:34<01:06,  7.71it/s, acc=55.7%, loss=0.946]
Epoch 1/3:  68%|██████▊   | 1112/1625 [02:34<01:03,  8.13it/s, acc=55.7%, loss=0.946]
Epoch 1/3:  68%|██████▊   | 1112/1625 [02:34<01:03,  8.13it/s, acc=55.8%, loss=0.808]
Epoch 1/3:  68%|██████▊   | 1113/1625 [02:34<00:59,  8.53it/s, acc=55.8%, loss=0.808]
Epoch 1/3:  68%|██████▊   | 1113/1625 [02:34<00:59,  8.53it/s, acc=55.8%, loss=0.896]
Epoch 1/3:  69%|██████▊   | 1114/1625 [02:34<00:57,  8.88it/s, acc=55.8%, loss=0.896]
Epoch 1/3:  69%|██████▊   | 1114/1625 [02:34<00:57,  8.88it/s, acc=55.8%, loss=0.701]
Epoch 1/3:  69%|██████▊   | 1115/1625 [02:34<00:56,  9.01it/s, acc=55.8%, loss=0.701]
Epoch 1/3:  69%|██████▊   | 1115/1625 [02:35<00:56,  9.01it/s, acc=55.8%, loss=0.993]
Epoch 1/3:  69%|██████▊   | 1116/1625 [02:35<00:56,  9.05it/s, acc=55.8%, loss=0.993]
Epoch 1/3:  69%|██████▊   | 1116/1625 [02:35<00:56,  9.05it/s, acc=55.7%, loss=1.051]
Epoch 1/3:  69%|██████▊   | 1117/1625 [02:35<01:04,  7.83it/s, acc=55.7%, loss=1.051]
Epoch 1/3:  69%|██████▊   | 1117/1625 [02:35<01:04,  7.83it/s, acc=55.7%, loss=0.996]
Epoch 1/3:  69%|██████▉   | 1118/1625 [02:35<01:13,  6.88it/s, acc=55.7%, loss=0.996]
Epoch 1/3:  69%|██████▉   | 1118/1625 [02:35<01:13,  6.88it/s, acc=55.8%, loss=0.829]
Epoch 1/3:  69%|██████▉   | 1119/1625 [02:35<01:22,  6.16it/s, acc=55.8%, loss=0.829]
Epoch 1/3:  69%|██████▉   | 1119/1625 [02:35<01:22,  6.16it/s, acc=55.8%, loss=0.793]
Epoch 1/3:  69%|██████▉   | 1120/1625 [02:35<01:27,  5.79it/s, acc=55.8%, loss=0.793]
Epoch 1/3:  69%|██████▉   | 1120/1625 [02:36<01:27,  5.79it/s, acc=55.8%, loss=0.694]
Epoch 1/3:  69%|██████▉   | 1121/1625 [02:36<01:28,  5.68it/s, acc=55.8%, loss=0.694]
Epoch 1/3:  69%|██████▉   | 1121/1625 [02:36<01:28,  5.68it/s, acc=55.8%, loss=1.010]
Epoch 1/3:  69%|██████▉   | 1122/1625 [02:36<01:30,  5.57it/s, acc=55.8%, loss=1.010]
Epoch 1/3:  69%|██████▉   | 1122/1625 [02:36<01:30,  5.57it/s, acc=55.8%, loss=0.786]
Epoch 1/3:  69%|██████▉   | 1123/1625 [02:36<01:22,  6.07it/s, acc=55.8%, loss=0.786]
Epoch 1/3:  69%|██████▉   | 1123/1625 [02:36<01:22,  6.07it/s, acc=55.8%, loss=0.754]
Epoch 1/3:  69%|██████▉   | 1124/1625 [02:36<01:13,  6.85it/s, acc=55.8%, loss=0.754]
Epoch 1/3:  69%|██████▉   | 1124/1625 [02:36<01:13,  6.85it/s, acc=55.8%, loss=0.853]
Epoch 1/3:  69%|██████▉   | 1125/1625 [02:36<01:06,  7.53it/s, acc=55.8%, loss=0.853]
Epoch 1/3:  69%|██████▉   | 1125/1625 [02:36<01:06,  7.53it/s, acc=55.8%, loss=0.686]
Epoch 1/3:  69%|██████▉   | 1125/1625 [02:36<01:06,  7.53it/s, acc=55.8%, loss=0.955]
Epoch 1/3:  69%|██████▉   | 1127/1625 [02:36<00:58,  8.51it/s, acc=55.8%, loss=0.955]
Epoch 1/3:  69%|██████▉   | 1127/1625 [02:36<00:58,  8.51it/s, acc=55.8%, loss=0.779]
Epoch 1/3:  69%|██████▉   | 1128/1625 [02:36<00:56,  8.74it/s, acc=55.8%, loss=0.779]
Epoch 1/3:  69%|██████▉   | 1128/1625 [02:36<00:56,  8.74it/s, acc=55.8%, loss=0.905]
Epoch 1/3:  69%|██████▉   | 1129/1625 [02:36<00:59,  8.40it/s, acc=55.8%, loss=0.905]
Epoch 1/3:  69%|██████▉   | 1129/1625 [02:37<00:59,  8.40it/s, acc=55.8%, loss=0.951]
Epoch 1/3:  70%|██████▉   | 1130/1625 [02:37<00:56,  8.78it/s, acc=55.8%, loss=0.951]
Epoch 1/3:  70%|██████▉   | 1130/1625 [02:37<00:56,  8.78it/s, acc=55.8%, loss=0.853]
Epoch 1/3:  70%|██████▉   | 1131/1625 [02:37<00:57,  8.63it/s, acc=55.8%, loss=0.853]
Epoch 1/3:  70%|██████▉   | 1131/1625 [02:37<00:57,  8.63it/s, acc=55.8%, loss=0.931]
Epoch 1/3:  70%|██████▉   | 1132/1625 [02:37<00:56,  8.76it/s, acc=55.8%, loss=0.931]
Epoch 1/3:  70%|██████▉   | 1132/1625 [02:37<00:56,  8.76it/s, acc=55.8%, loss=0.896]
Epoch 1/3:  70%|██████▉   | 1133/1625 [02:37<00:55,  8.81it/s, acc=55.8%, loss=0.896]
Epoch 1/3:  70%|██████▉   | 1133/1625 [02:37<00:55,  8.81it/s, acc=55.8%, loss=0.892]
Epoch 1/3:  70%|██████▉   | 1134/1625 [02:37<00:55,  8.84it/s, acc=55.8%, loss=0.892]
Epoch 1/3:  70%|██████▉   | 1134/1625 [02:37<00:55,  8.84it/s, acc=55.8%, loss=0.868]
Epoch 1/3:  70%|██████▉   | 1134/1625 [02:37<00:55,  8.84it/s, acc=55.8%, loss=0.973]
Epoch 1/3:  70%|██████▉   | 1136/1625 [02:37<00:53,  9.22it/s, acc=55.8%, loss=0.973]
Epoch 1/3:  70%|██████▉   | 1136/1625 [02:37<00:53,  9.22it/s, acc=55.8%, loss=1.103]
Epoch 1/3:  70%|██████▉   | 1137/1625 [02:37<00:52,  9.31it/s, acc=55.8%, loss=1.103]
Epoch 1/3:  70%|██████▉   | 1137/1625 [02:37<00:52,  9.31it/s, acc=55.8%, loss=0.732]
Epoch 1/3:  70%|███████   | 1138/1625 [02:37<00:55,  8.78it/s, acc=55.8%, loss=0.732]
Epoch 1/3:  70%|███████   | 1138/1625 [02:38<00:55,  8.78it/s, acc=55.8%, loss=1.046]
Epoch 1/3:  70%|███████   | 1139/1625 [02:38<01:03,  7.66it/s, acc=55.8%, loss=1.046]
Epoch 1/3:  70%|███████   | 1139/1625 [02:38<01:03,  7.66it/s, acc=55.8%, loss=0.833]
Epoch 1/3:  70%|███████   | 1140/1625 [02:38<01:05,  7.36it/s, acc=55.8%, loss=0.833]
Epoch 1/3:  70%|███████   | 1140/1625 [02:38<01:05,  7.36it/s, acc=55.8%, loss=0.891]
Epoch 1/3:  70%|███████   | 1141/1625 [02:38<01:03,  7.56it/s, acc=55.8%, loss=0.891]
Epoch 1/3:  70%|███████   | 1141/1625 [02:38<01:03,  7.56it/s, acc=55.8%, loss=0.995]
Epoch 1/3:  70%|███████   | 1142/1625 [02:38<01:00,  8.00it/s, acc=55.8%, loss=0.995]
Epoch 1/3:  70%|███████   | 1142/1625 [02:38<01:00,  8.00it/s, acc=55.8%, loss=0.918]
Epoch 1/3:  70%|███████   | 1142/1625 [02:38<01:00,  8.00it/s, acc=55.8%, loss=0.800]
Epoch 1/3:  70%|███████   | 1144/1625 [02:38<00:54,  8.80it/s, acc=55.8%, loss=0.800]
Epoch 1/3:  70%|███████   | 1144/1625 [02:38<00:54,  8.80it/s, acc=55.8%, loss=0.817]
Epoch 1/3:  70%|███████   | 1144/1625 [02:38<00:54,  8.80it/s, acc=55.8%, loss=1.051]
Epoch 1/3:  71%|███████   | 1146/1625 [02:38<00:52,  9.14it/s, acc=55.8%, loss=1.051]
Epoch 1/3:  71%|███████   | 1146/1625 [02:39<00:52,  9.14it/s, acc=55.8%, loss=0.691]
Epoch 1/3:  71%|███████   | 1147/1625 [02:39<00:52,  9.02it/s, acc=55.8%, loss=0.691]
Epoch 1/3:  71%|███████   | 1147/1625 [02:39<00:52,  9.02it/s, acc=55.9%, loss=0.770]
Epoch 1/3:  71%|███████   | 1148/1625 [02:39<00:53,  8.89it/s, acc=55.9%, loss=0.770]
Epoch 1/3:  71%|███████   | 1148/1625 [02:39<00:53,  8.89it/s, acc=55.9%, loss=0.675]
Epoch 1/3:  71%|███████   | 1149/1625 [02:39<00:53,  8.97it/s, acc=55.9%, loss=0.675]
Epoch 1/3:  71%|███████   | 1149/1625 [02:39<00:53,  8.97it/s, acc=55.9%, loss=0.930]
Epoch 1/3:  71%|███████   | 1150/1625 [02:39<00:54,  8.79it/s, acc=55.9%, loss=0.930]
Epoch 1/3:  71%|███████   | 1150/1625 [02:39<00:54,  8.79it/s, acc=55.9%, loss=0.929]
Epoch 1/3:  71%|███████   | 1151/1625 [02:39<00:54,  8.67it/s, acc=55.9%, loss=0.929]
Epoch 1/3:  71%|███████   | 1151/1625 [02:39<00:54,  8.67it/s, acc=55.9%, loss=0.839]
Epoch 1/3:  71%|███████   | 1152/1625 [02:39<00:55,  8.58it/s, acc=55.9%, loss=0.839]
Epoch 1/3:  71%|███████   | 1152/1625 [02:39<00:55,  8.58it/s, acc=55.9%, loss=0.982]
Epoch 1/3:  71%|███████   | 1153/1625 [02:39<00:53,  8.82it/s, acc=55.9%, loss=0.982]
Epoch 1/3:  71%|███████   | 1153/1625 [02:39<00:53,  8.82it/s, acc=55.9%, loss=0.956]
Epoch 1/3:  71%|███████   | 1154/1625 [02:39<00:53,  8.84it/s, acc=55.9%, loss=0.956]
Epoch 1/3:  71%|███████   | 1154/1625 [02:40<00:53,  8.84it/s, acc=55.9%, loss=0.823]
Epoch 1/3:  71%|███████   | 1155/1625 [02:40<01:03,  7.44it/s, acc=55.9%, loss=0.823]
Epoch 1/3:  71%|███████   | 1155/1625 [02:40<01:03,  7.44it/s, acc=55.8%, loss=0.914]
Epoch 1/3:  71%|███████   | 1156/1625 [02:40<01:09,  6.77it/s, acc=55.8%, loss=0.914]
Epoch 1/3:  71%|███████   | 1156/1625 [02:40<01:09,  6.77it/s, acc=55.8%, loss=1.048]
Epoch 1/3:  71%|███████   | 1157/1625 [02:40<01:14,  6.28it/s, acc=55.8%, loss=1.048]
Epoch 1/3:  71%|███████   | 1157/1625 [02:40<01:14,  6.28it/s, acc=55.9%, loss=0.811]
Epoch 1/3:  71%|███████▏  | 1158/1625 [02:40<01:17,  5.99it/s, acc=55.9%, loss=0.811]
Epoch 1/3:  71%|███████▏  | 1158/1625 [02:40<01:17,  5.99it/s, acc=55.9%, loss=0.981]
Epoch 1/3:  71%|███████▏  | 1159/1625 [02:40<01:21,  5.75it/s, acc=55.9%, loss=0.981]
Epoch 1/3:  71%|███████▏  | 1159/1625 [02:40<01:21,  5.75it/s, acc=55.9%, loss=0.830]
Epoch 1/3:  71%|███████▏  | 1160/1625 [02:40<01:23,  5.58it/s, acc=55.9%, loss=0.830]
Epoch 1/3:  71%|███████▏  | 1160/1625 [02:41<01:23,  5.58it/s, acc=55.9%, loss=0.988]
Epoch 1/3:  71%|███████▏  | 1161/1625 [02:41<01:24,  5.51it/s, acc=55.9%, loss=0.988]
Epoch 1/3:  71%|███████▏  | 1161/1625 [02:41<01:24,  5.51it/s, acc=55.8%, loss=0.985]
Epoch 1/3:  72%|███████▏  | 1162/1625 [02:41<01:16,  6.09it/s, acc=55.8%, loss=0.985]
Epoch 1/3:  72%|███████▏  | 1162/1625 [02:41<01:16,  6.09it/s, acc=55.8%, loss=1.004]
Epoch 1/3:  72%|███████▏  | 1163/1625 [02:41<01:13,  6.32it/s, acc=55.8%, loss=1.004]
Epoch 1/3:  72%|███████▏  | 1163/1625 [02:41<01:13,  6.32it/s, acc=55.8%, loss=0.842]
Epoch 1/3:  72%|███████▏  | 1164/1625 [02:41<01:10,  6.56it/s, acc=55.8%, loss=0.842]
Epoch 1/3:  72%|███████▏  | 1164/1625 [02:41<01:10,  6.56it/s, acc=55.8%, loss=0.964]
Epoch 1/3:  72%|███████▏  | 1165/1625 [02:41<01:05,  7.00it/s, acc=55.8%, loss=0.964]
Epoch 1/3:  72%|███████▏  | 1165/1625 [02:41<01:05,  7.00it/s, acc=55.8%, loss=0.969]
Epoch 1/3:  72%|███████▏  | 1166/1625 [02:41<01:04,  7.16it/s, acc=55.8%, loss=0.969]
Epoch 1/3:  72%|███████▏  | 1166/1625 [02:42<01:04,  7.16it/s, acc=55.8%, loss=0.994]
Epoch 1/3:  72%|███████▏  | 1167/1625 [02:42<01:13,  6.21it/s, acc=55.8%, loss=0.994]
Epoch 1/3:  72%|███████▏  | 1167/1625 [02:42<01:13,  6.21it/s, acc=55.8%, loss=0.823]
Epoch 1/3:  72%|███████▏  | 1168/1625 [02:42<01:11,  6.41it/s, acc=55.8%, loss=0.823]
Epoch 1/3:  72%|███████▏  | 1168/1625 [02:42<01:11,  6.41it/s, acc=55.8%, loss=0.806]
Epoch 1/3:  72%|███████▏  | 1169/1625 [02:42<01:11,  6.33it/s, acc=55.8%, loss=0.806]
Epoch 1/3:  72%|███████▏  | 1169/1625 [02:42<01:11,  6.33it/s, acc=55.8%, loss=0.984]
Epoch 1/3:  72%|███████▏  | 1170/1625 [02:42<01:15,  6.03it/s, acc=55.8%, loss=0.984]
Epoch 1/3:  72%|███████▏  | 1170/1625 [02:42<01:15,  6.03it/s, acc=55.9%, loss=0.782]
Epoch 1/3:  72%|███████▏  | 1171/1625 [02:42<01:17,  5.84it/s, acc=55.9%, loss=0.782]
Epoch 1/3:  72%|███████▏  | 1171/1625 [02:42<01:17,  5.84it/s, acc=55.9%, loss=0.960]
Epoch 1/3:  72%|███████▏  | 1172/1625 [02:42<01:19,  5.66it/s, acc=55.9%, loss=0.960]
Epoch 1/3:  72%|███████▏  | 1172/1625 [02:43<01:19,  5.66it/s, acc=55.9%, loss=0.860]
Epoch 1/3:  72%|███████▏  | 1173/1625 [02:43<01:21,  5.51it/s, acc=55.9%, loss=0.860]
Epoch 1/3:  72%|███████▏  | 1173/1625 [02:43<01:21,  5.51it/s, acc=55.9%, loss=0.808]
Epoch 1/3:  72%|███████▏  | 1174/1625 [02:43<01:23,  5.42it/s, acc=55.9%, loss=0.808]
Epoch 1/3:  72%|███████▏  | 1174/1625 [02:43<01:23,  5.42it/s, acc=55.9%, loss=0.828]
Epoch 1/3:  72%|███████▏  | 1175/1625 [02:43<01:23,  5.38it/s, acc=55.9%, loss=0.828]
Epoch 1/3:  72%|███████▏  | 1175/1625 [02:43<01:23,  5.38it/s, acc=55.9%, loss=0.811]
Epoch 1/3:  72%|███████▏  | 1176/1625 [02:43<01:22,  5.44it/s, acc=55.9%, loss=0.811]
Epoch 1/3:  72%|███████▏  | 1176/1625 [02:43<01:22,  5.44it/s, acc=55.9%, loss=0.840]
Epoch 1/3:  72%|███████▏  | 1177/1625 [02:43<01:22,  5.42it/s, acc=55.9%, loss=0.840]
Epoch 1/3:  72%|███████▏  | 1177/1625 [02:44<01:22,  5.42it/s, acc=55.9%, loss=0.934]
Epoch 1/3:  72%|███████▏  | 1178/1625 [02:44<01:23,  5.38it/s, acc=55.9%, loss=0.934]
Epoch 1/3:  72%|███████▏  | 1178/1625 [02:44<01:23,  5.38it/s, acc=55.9%, loss=1.007]
Epoch 1/3:  73%|███████▎  | 1179/1625 [02:44<01:18,  5.71it/s, acc=55.9%, loss=1.007]
Epoch 1/3:  73%|███████▎  | 1179/1625 [02:44<01:18,  5.71it/s, acc=55.9%, loss=0.869]
Epoch 1/3:  73%|███████▎  | 1180/1625 [02:44<01:20,  5.56it/s, acc=55.9%, loss=0.869]
Epoch 1/3:  73%|███████▎  | 1180/1625 [02:44<01:20,  5.56it/s, acc=55.9%, loss=0.845]
Epoch 1/3:  73%|███████▎  | 1181/1625 [02:44<01:17,  5.73it/s, acc=55.9%, loss=0.845]
Epoch 1/3:  73%|███████▎  | 1181/1625 [02:44<01:17,  5.73it/s, acc=55.9%, loss=0.742]
Epoch 1/3:  73%|███████▎  | 1182/1625 [02:44<01:13,  6.03it/s, acc=55.9%, loss=0.742]
Epoch 1/3:  73%|███████▎  | 1182/1625 [02:44<01:13,  6.03it/s, acc=55.9%, loss=1.003]
Epoch 1/3:  73%|███████▎  | 1183/1625 [02:44<01:18,  5.62it/s, acc=55.9%, loss=1.003]
Epoch 1/3:  73%|███████▎  | 1183/1625 [02:45<01:18,  5.62it/s, acc=55.9%, loss=0.949]
Epoch 1/3:  73%|███████▎  | 1184/1625 [02:45<01:12,  6.06it/s, acc=55.9%, loss=0.949]
Epoch 1/3:  73%|███████▎  | 1184/1625 [02:45<01:12,  6.06it/s, acc=55.9%, loss=0.986]
Epoch 1/3:  73%|███████▎  | 1185/1625 [02:45<01:06,  6.59it/s, acc=55.9%, loss=0.986]
Epoch 1/3:  73%|███████▎  | 1185/1625 [02:45<01:06,  6.59it/s, acc=55.9%, loss=0.828]
Epoch 1/3:  73%|███████▎  | 1186/1625 [02:45<01:07,  6.53it/s, acc=55.9%, loss=0.828]
Epoch 1/3:  73%|███████▎  | 1186/1625 [02:45<01:07,  6.53it/s, acc=55.9%, loss=0.901]
Epoch 1/3:  73%|███████▎  | 1187/1625 [02:45<01:07,  6.48it/s, acc=55.9%, loss=0.901]
Epoch 1/3:  73%|███████▎  | 1187/1625 [02:45<01:07,  6.48it/s, acc=55.9%, loss=0.899]
Epoch 1/3:  73%|███████▎  | 1188/1625 [02:45<01:10,  6.21it/s, acc=55.9%, loss=0.899]
Epoch 1/3:  73%|███████▎  | 1188/1625 [02:45<01:10,  6.21it/s, acc=55.9%, loss=1.058]
Epoch 1/3:  73%|███████▎  | 1189/1625 [02:45<01:07,  6.47it/s, acc=55.9%, loss=1.058]
Epoch 1/3:  73%|███████▎  | 1189/1625 [02:45<01:07,  6.47it/s, acc=55.9%, loss=0.743]
Epoch 1/3:  73%|███████▎  | 1190/1625 [02:45<01:09,  6.29it/s, acc=55.9%, loss=0.743]
Epoch 1/3:  73%|███████▎  | 1190/1625 [02:46<01:09,  6.29it/s, acc=55.9%, loss=0.889]
Epoch 1/3:  73%|███████▎  | 1191/1625 [02:46<01:09,  6.27it/s, acc=55.9%, loss=0.889]
Epoch 1/3:  73%|███████▎  | 1191/1625 [02:46<01:09,  6.27it/s, acc=55.9%, loss=0.839]
Epoch 1/3:  73%|███████▎  | 1192/1625 [02:46<01:09,  6.19it/s, acc=55.9%, loss=0.839]
Epoch 1/3:  73%|███████▎  | 1192/1625 [02:46<01:09,  6.19it/s, acc=55.9%, loss=1.022]
Epoch 1/3:  73%|███████▎  | 1193/1625 [02:46<01:07,  6.44it/s, acc=55.9%, loss=1.022]
Epoch 1/3:  73%|███████▎  | 1193/1625 [02:46<01:07,  6.44it/s, acc=55.9%, loss=0.900]
Epoch 1/3:  73%|███████▎  | 1194/1625 [02:46<01:08,  6.28it/s, acc=55.9%, loss=0.900]
Epoch 1/3:  73%|███████▎  | 1194/1625 [02:46<01:08,  6.28it/s, acc=55.9%, loss=0.846]
Epoch 1/3:  74%|███████▎  | 1195/1625 [02:46<01:13,  5.86it/s, acc=55.9%, loss=0.846]
Epoch 1/3:  74%|███████▎  | 1195/1625 [02:46<01:13,  5.86it/s, acc=55.9%, loss=1.022]
Epoch 1/3:  74%|███████▎  | 1196/1625 [02:46<01:13,  5.84it/s, acc=55.9%, loss=1.022]
Epoch 1/3:  74%|███████▎  | 1196/1625 [02:47<01:13,  5.84it/s, acc=55.9%, loss=0.869]
Epoch 1/3:  74%|███████▎  | 1197/1625 [02:47<01:07,  6.34it/s, acc=55.9%, loss=0.869]
Epoch 1/3:  74%|███████▎  | 1197/1625 [02:47<01:07,  6.34it/s, acc=55.9%, loss=0.955]
Epoch 1/3:  74%|███████▎  | 1198/1625 [02:47<01:16,  5.55it/s, acc=55.9%, loss=0.955]
Epoch 1/3:  74%|███████▎  | 1198/1625 [02:47<01:16,  5.55it/s, acc=55.9%, loss=1.037]
Epoch 1/3:  74%|███████▍  | 1199/1625 [02:47<01:17,  5.51it/s, acc=55.9%, loss=1.037]
Epoch 1/3:  74%|███████▍  | 1199/1625 [02:47<01:17,  5.51it/s, acc=55.9%, loss=0.840]
Epoch 1/3:  74%|███████▍  | 1200/1625 [02:47<01:18,  5.44it/s, acc=55.9%, loss=0.840]
Epoch 1/3:  74%|███████▍  | 1200/1625 [02:47<01:18,  5.44it/s, acc=55.9%, loss=0.974]
Epoch 1/3:  74%|███████▍  | 1201/1625 [02:47<01:16,  5.53it/s, acc=55.9%, loss=0.974]
Epoch 1/3:  74%|███████▍  | 1201/1625 [02:48<01:16,  5.53it/s, acc=55.9%, loss=0.921]
Epoch 1/3:  74%|███████▍  | 1202/1625 [02:48<01:17,  5.48it/s, acc=55.9%, loss=0.921]
Epoch 1/3:  74%|███████▍  | 1202/1625 [02:48<01:17,  5.48it/s, acc=55.9%, loss=0.639]
Epoch 1/3:  74%|███████▍  | 1202/1625 [02:48<01:17,  5.48it/s, acc=55.9%, loss=0.917]
Epoch 1/3:  74%|███████▍  | 1204/1625 [02:48<01:01,  6.85it/s, acc=55.9%, loss=0.917]
Epoch 1/3:  74%|███████▍  | 1204/1625 [02:48<01:01,  6.85it/s, acc=55.9%, loss=0.804]
Epoch 1/3:  74%|███████▍  | 1205/1625 [02:48<01:02,  6.69it/s, acc=55.9%, loss=0.804]
Epoch 1/3:  74%|███████▍  | 1205/1625 [02:48<01:02,  6.69it/s, acc=55.9%, loss=0.842]
Epoch 1/3:  74%|███████▍  | 1206/1625 [02:48<01:03,  6.61it/s, acc=55.9%, loss=0.842]
Epoch 1/3:  74%|███████▍  | 1206/1625 [02:48<01:03,  6.61it/s, acc=55.9%, loss=0.975]
Epoch 1/3:  74%|███████▍  | 1207/1625 [02:48<01:04,  6.48it/s, acc=55.9%, loss=0.975]
Epoch 1/3:  74%|███████▍  | 1207/1625 [02:48<01:04,  6.48it/s, acc=55.9%, loss=0.657]
Epoch 1/3:  74%|███████▍  | 1208/1625 [02:48<01:00,  6.89it/s, acc=55.9%, loss=0.657]
Epoch 1/3:  74%|███████▍  | 1208/1625 [02:48<01:00,  6.89it/s, acc=55.9%, loss=0.754]
Epoch 1/3:  74%|███████▍  | 1209/1625 [02:48<00:56,  7.41it/s, acc=55.9%, loss=0.754]
Epoch 1/3:  74%|███████▍  | 1209/1625 [02:49<00:56,  7.41it/s, acc=55.9%, loss=0.955]
Epoch 1/3:  74%|███████▍  | 1210/1625 [02:49<00:52,  7.89it/s, acc=55.9%, loss=0.955]
Epoch 1/3:  74%|███████▍  | 1210/1625 [02:49<00:52,  7.89it/s, acc=55.9%, loss=0.812]
Epoch 1/3:  75%|███████▍  | 1211/1625 [02:49<00:50,  8.25it/s, acc=55.9%, loss=0.812]
Epoch 1/3:  75%|███████▍  | 1211/1625 [02:49<00:50,  8.25it/s, acc=55.9%, loss=0.762]
Epoch 1/3:  75%|███████▍  | 1212/1625 [02:49<00:47,  8.66it/s, acc=55.9%, loss=0.762]
Epoch 1/3:  75%|███████▍  | 1212/1625 [02:49<00:47,  8.66it/s, acc=55.9%, loss=1.002]
Epoch 1/3:  75%|███████▍  | 1213/1625 [02:49<00:46,  8.87it/s, acc=55.9%, loss=1.002]
Epoch 1/3:  75%|███████▍  | 1213/1625 [02:49<00:46,  8.87it/s, acc=55.9%, loss=0.926]
Epoch 1/3:  75%|███████▍  | 1214/1625 [02:49<00:45,  9.01it/s, acc=55.9%, loss=0.926]
Epoch 1/3:  75%|███████▍  | 1214/1625 [02:49<00:45,  9.01it/s, acc=55.9%, loss=0.829]
Epoch 1/3:  75%|███████▍  | 1215/1625 [02:49<00:47,  8.68it/s, acc=55.9%, loss=0.829]
Epoch 1/3:  75%|███████▍  | 1215/1625 [02:49<00:47,  8.68it/s, acc=56.0%, loss=0.668]
Epoch 1/3:  75%|███████▍  | 1216/1625 [02:49<00:47,  8.67it/s, acc=56.0%, loss=0.668]
Epoch 1/3:  75%|███████▍  | 1216/1625 [02:49<00:47,  8.67it/s, acc=56.0%, loss=0.915]
Epoch 1/3:  75%|███████▍  | 1217/1625 [02:49<00:49,  8.19it/s, acc=56.0%, loss=0.915]
Epoch 1/3:  75%|███████▍  | 1217/1625 [02:50<00:49,  8.19it/s, acc=56.0%, loss=0.845]
Epoch 1/3:  75%|███████▍  | 1218/1625 [02:50<00:51,  7.85it/s, acc=56.0%, loss=0.845]
Epoch 1/3:  75%|███████▍  | 1218/1625 [02:50<00:51,  7.85it/s, acc=56.0%, loss=0.839]
Epoch 1/3:  75%|███████▌  | 1219/1625 [02:50<00:53,  7.62it/s, acc=56.0%, loss=0.839]
Epoch 1/3:  75%|███████▌  | 1219/1625 [02:50<00:53,  7.62it/s, acc=56.0%, loss=1.003]
Epoch 1/3:  75%|███████▌  | 1220/1625 [02:50<00:52,  7.78it/s, acc=56.0%, loss=1.003]
Epoch 1/3:  75%|███████▌  | 1220/1625 [02:50<00:52,  7.78it/s, acc=56.0%, loss=0.835]
Epoch 1/3:  75%|███████▌  | 1221/1625 [02:50<01:00,  6.64it/s, acc=56.0%, loss=0.835]
Epoch 1/3:  75%|███████▌  | 1221/1625 [02:50<01:00,  6.64it/s, acc=56.0%, loss=0.807]
Epoch 1/3:  75%|███████▌  | 1222/1625 [02:50<00:59,  6.80it/s, acc=56.0%, loss=0.807]
Epoch 1/3:  75%|███████▌  | 1222/1625 [02:50<00:59,  6.80it/s, acc=56.0%, loss=0.888]
Epoch 1/3:  75%|███████▌  | 1223/1625 [02:50<00:54,  7.39it/s, acc=56.0%, loss=0.888]
Epoch 1/3:  75%|███████▌  | 1223/1625 [02:50<00:54,  7.39it/s, acc=56.0%, loss=0.890]
Epoch 1/3:  75%|███████▌  | 1224/1625 [02:50<00:55,  7.23it/s, acc=56.0%, loss=0.890]
Epoch 1/3:  75%|███████▌  | 1224/1625 [02:50<00:55,  7.23it/s, acc=56.0%, loss=1.154]
Epoch 1/3:  75%|███████▌  | 1225/1625 [02:50<00:54,  7.28it/s, acc=56.0%, loss=1.154]
Epoch 1/3:  75%|███████▌  | 1225/1625 [02:51<00:54,  7.28it/s, acc=56.0%, loss=0.990]
Epoch 1/3:  75%|███████▌  | 1226/1625 [02:51<00:51,  7.79it/s, acc=56.0%, loss=0.990]
Epoch 1/3:  75%|███████▌  | 1226/1625 [02:51<00:51,  7.79it/s, acc=56.0%, loss=0.852]
Epoch 1/3:  76%|███████▌  | 1227/1625 [02:51<00:56,  7.09it/s, acc=56.0%, loss=0.852]
Epoch 1/3:  76%|███████▌  | 1227/1625 [02:51<00:56,  7.09it/s, acc=56.0%, loss=0.754]
Epoch 1/3:  76%|███████▌  | 1228/1625 [02:51<01:00,  6.53it/s, acc=56.0%, loss=0.754]
Epoch 1/3:  76%|███████▌  | 1228/1625 [02:51<01:00,  6.53it/s, acc=56.0%, loss=0.810]
Epoch 1/3:  76%|███████▌  | 1229/1625 [02:51<00:55,  7.15it/s, acc=56.0%, loss=0.810]
Epoch 1/3:  76%|███████▌  | 1229/1625 [02:51<00:55,  7.15it/s, acc=56.0%, loss=0.775]
Epoch 1/3:  76%|███████▌  | 1230/1625 [02:51<00:56,  7.05it/s, acc=56.0%, loss=0.775]
Epoch 1/3:  76%|███████▌  | 1230/1625 [02:51<00:56,  7.05it/s, acc=56.0%, loss=0.991]
Epoch 1/3:  76%|███████▌  | 1231/1625 [02:51<00:58,  6.73it/s, acc=56.0%, loss=0.991]
Epoch 1/3:  76%|███████▌  | 1231/1625 [02:52<00:58,  6.73it/s, acc=56.0%, loss=0.950]
Epoch 1/3:  76%|███████▌  | 1232/1625 [02:52<01:00,  6.49it/s, acc=56.0%, loss=0.950]
Epoch 1/3:  76%|███████▌  | 1232/1625 [02:52<01:00,  6.49it/s, acc=56.0%, loss=0.900]
Epoch 1/3:  76%|███████▌  | 1233/1625 [02:52<01:02,  6.27it/s, acc=56.0%, loss=0.900]
Epoch 1/3:  76%|███████▌  | 1233/1625 [02:52<01:02,  6.27it/s, acc=56.0%, loss=0.738]
Epoch 1/3:  76%|███████▌  | 1234/1625 [02:52<01:02,  6.25it/s, acc=56.0%, loss=0.738]
Epoch 1/3:  76%|███████▌  | 1234/1625 [02:52<01:02,  6.25it/s, acc=56.0%, loss=0.860]
Epoch 1/3:  76%|███████▌  | 1235/1625 [02:52<01:03,  6.18it/s, acc=56.0%, loss=0.860]
Epoch 1/3:  76%|███████▌  | 1235/1625 [02:52<01:03,  6.18it/s, acc=56.0%, loss=0.901]
Epoch 1/3:  76%|███████▌  | 1236/1625 [02:52<01:02,  6.26it/s, acc=56.0%, loss=0.901]
Epoch 1/3:  76%|███████▌  | 1236/1625 [02:52<01:02,  6.26it/s, acc=56.0%, loss=0.840]
Epoch 1/3:  76%|███████▌  | 1237/1625 [02:52<01:02,  6.21it/s, acc=56.0%, loss=0.840]
Epoch 1/3:  76%|███████▌  | 1237/1625 [02:53<01:02,  6.21it/s, acc=56.0%, loss=0.720]
Epoch 1/3:  76%|███████▌  | 1238/1625 [02:53<01:02,  6.19it/s, acc=56.0%, loss=0.720]
Epoch 1/3:  76%|███████▌  | 1238/1625 [02:53<01:02,  6.19it/s, acc=56.0%, loss=0.915]
Epoch 1/3:  76%|███████▌  | 1239/1625 [02:53<01:03,  6.11it/s, acc=56.0%, loss=0.915]
Epoch 1/3:  76%|███████▌  | 1239/1625 [02:53<01:03,  6.11it/s, acc=56.0%, loss=0.995]
Epoch 1/3:  76%|███████▋  | 1240/1625 [02:53<01:01,  6.27it/s, acc=56.0%, loss=0.995]
Epoch 1/3:  76%|███████▋  | 1240/1625 [02:53<01:01,  6.27it/s, acc=56.0%, loss=0.981]
Epoch 1/3:  76%|███████▋  | 1241/1625 [02:53<00:56,  6.78it/s, acc=56.0%, loss=0.981]
Epoch 1/3:  76%|███████▋  | 1241/1625 [02:53<00:56,  6.78it/s, acc=56.0%, loss=0.855]
Epoch 1/3:  76%|███████▋  | 1242/1625 [02:53<00:59,  6.43it/s, acc=56.0%, loss=0.855]
Epoch 1/3:  76%|███████▋  | 1242/1625 [02:53<00:59,  6.43it/s, acc=56.0%, loss=0.868]
Epoch 1/3:  76%|███████▋  | 1242/1625 [02:53<00:59,  6.43it/s, acc=56.0%, loss=0.869]
Epoch 1/3:  77%|███████▋  | 1244/1625 [02:53<00:49,  7.76it/s, acc=56.0%, loss=0.869]
Epoch 1/3:  77%|███████▋  | 1244/1625 [02:53<00:49,  7.76it/s, acc=56.0%, loss=1.046]
Epoch 1/3:  77%|███████▋  | 1244/1625 [02:54<00:49,  7.76it/s, acc=56.0%, loss=0.707]
Epoch 1/3:  77%|███████▋  | 1246/1625 [02:54<00:44,  8.47it/s, acc=56.0%, loss=0.707]
Epoch 1/3:  77%|███████▋  | 1246/1625 [02:54<00:44,  8.47it/s, acc=56.0%, loss=0.863]
Epoch 1/3:  77%|███████▋  | 1247/1625 [02:54<00:45,  8.26it/s, acc=56.0%, loss=0.863]
Epoch 1/3:  77%|███████▋  | 1247/1625 [02:54<00:45,  8.26it/s, acc=56.0%, loss=0.875]
Epoch 1/3:  77%|███████▋  | 1248/1625 [02:54<00:55,  6.77it/s, acc=56.0%, loss=0.875]
Epoch 1/3:  77%|███████▋  | 1248/1625 [02:54<00:55,  6.77it/s, acc=56.0%, loss=0.960]
Epoch 1/3:  77%|███████▋  | 1249/1625 [02:54<00:52,  7.15it/s, acc=56.0%, loss=0.960]
Epoch 1/3:  77%|███████▋  | 1249/1625 [02:54<00:52,  7.15it/s, acc=56.0%, loss=0.757]
Epoch 1/3:  77%|███████▋  | 1250/1625 [02:54<00:54,  6.93it/s, acc=56.0%, loss=0.757]
Epoch 1/3:  77%|███████▋  | 1250/1625 [02:54<00:54,  6.93it/s, acc=56.0%, loss=1.007]
Epoch 1/3:  77%|███████▋  | 1251/1625 [02:54<00:49,  7.53it/s, acc=56.0%, loss=1.007]
Epoch 1/3:  77%|███████▋  | 1251/1625 [02:54<00:49,  7.53it/s, acc=56.0%, loss=0.866]
Epoch 1/3:  77%|███████▋  | 1252/1625 [02:54<00:46,  8.09it/s, acc=56.0%, loss=0.866]
Epoch 1/3:  77%|███████▋  | 1252/1625 [02:55<00:46,  8.09it/s, acc=56.0%, loss=0.771]
Epoch 1/3:  77%|███████▋  | 1253/1625 [02:55<00:50,  7.42it/s, acc=56.0%, loss=0.771]
Epoch 1/3:  77%|███████▋  | 1253/1625 [02:55<00:50,  7.42it/s, acc=56.0%, loss=0.645]
Epoch 1/3:  77%|███████▋  | 1254/1625 [02:55<00:46,  8.00it/s, acc=56.0%, loss=0.645]
Epoch 1/3:  77%|███████▋  | 1254/1625 [02:55<00:46,  8.00it/s, acc=56.1%, loss=0.706]
Epoch 1/3:  77%|███████▋  | 1255/1625 [02:55<00:44,  8.27it/s, acc=56.1%, loss=0.706]
Epoch 1/3:  77%|███████▋  | 1255/1625 [02:55<00:44,  8.27it/s, acc=56.0%, loss=0.918]
Epoch 1/3:  77%|███████▋  | 1256/1625 [02:55<00:42,  8.66it/s, acc=56.0%, loss=0.918]
Epoch 1/3:  77%|███████▋  | 1256/1625 [02:55<00:42,  8.66it/s, acc=56.0%, loss=0.998]
Epoch 1/3:  77%|███████▋  | 1257/1625 [02:55<00:40,  9.01it/s, acc=56.0%, loss=0.998]
Epoch 1/3:  77%|███████▋  | 1257/1625 [02:55<00:40,  9.01it/s, acc=56.0%, loss=0.880]
Epoch 1/3:  77%|███████▋  | 1258/1625 [02:55<00:40,  9.00it/s, acc=56.0%, loss=0.880]
Epoch 1/3:  77%|███████▋  | 1258/1625 [02:55<00:40,  9.00it/s, acc=56.0%, loss=0.842]
Epoch 1/3:  77%|███████▋  | 1259/1625 [02:55<00:46,  7.90it/s, acc=56.0%, loss=0.842]
Epoch 1/3:  77%|███████▋  | 1259/1625 [02:55<00:46,  7.90it/s, acc=56.1%, loss=1.045]
Epoch 1/3:  78%|███████▊  | 1260/1625 [02:55<00:44,  8.20it/s, acc=56.1%, loss=1.045]
Epoch 1/3:  78%|███████▊  | 1260/1625 [02:56<00:44,  8.20it/s, acc=56.1%, loss=0.961]
Epoch 1/3:  78%|███████▊  | 1261/1625 [02:56<00:51,  7.02it/s, acc=56.1%, loss=0.961]
Epoch 1/3:  78%|███████▊  | 1261/1625 [02:56<00:51,  7.02it/s, acc=56.0%, loss=1.144]
Epoch 1/3:  78%|███████▊  | 1262/1625 [02:56<00:56,  6.40it/s, acc=56.0%, loss=1.144]
Epoch 1/3:  78%|███████▊  | 1262/1625 [02:56<00:56,  6.40it/s, acc=56.0%, loss=0.962]
Epoch 1/3:  78%|███████▊  | 1263/1625 [02:56<01:00,  5.99it/s, acc=56.0%, loss=0.962]
Epoch 1/3:  78%|███████▊  | 1263/1625 [02:56<01:00,  5.99it/s, acc=56.0%, loss=0.829]
Epoch 1/3:  78%|███████▊  | 1264/1625 [02:56<01:05,  5.50it/s, acc=56.0%, loss=0.829]
Epoch 1/3:  78%|███████▊  | 1264/1625 [02:56<01:05,  5.50it/s, acc=56.0%, loss=0.950]
Epoch 1/3:  78%|███████▊  | 1265/1625 [02:56<01:14,  4.81it/s, acc=56.0%, loss=0.950]
Epoch 1/3:  78%|███████▊  | 1265/1625 [02:57<01:14,  4.81it/s, acc=56.0%, loss=1.007]
Epoch 1/3:  78%|███████▊  | 1266/1625 [02:57<01:13,  4.89it/s, acc=56.0%, loss=1.007]
Epoch 1/3:  78%|███████▊  | 1266/1625 [02:57<01:13,  4.89it/s, acc=56.0%, loss=1.011]
Epoch 1/3:  78%|███████▊  | 1267/1625 [02:57<01:11,  4.99it/s, acc=56.0%, loss=1.011]
Epoch 1/3:  78%|███████▊  | 1267/1625 [02:57<01:11,  4.99it/s, acc=56.0%, loss=0.844]
Epoch 1/3:  78%|███████▊  | 1268/1625 [02:57<01:10,  5.04it/s, acc=56.0%, loss=0.844]
Epoch 1/3:  78%|███████▊  | 1268/1625 [02:57<01:10,  5.04it/s, acc=56.0%, loss=0.971]
Epoch 1/3:  78%|███████▊  | 1269/1625 [02:57<01:14,  4.76it/s, acc=56.0%, loss=0.971]
Epoch 1/3:  78%|███████▊  | 1269/1625 [02:57<01:14,  4.76it/s, acc=56.0%, loss=0.906]
Epoch 1/3:  78%|███████▊  | 1270/1625 [02:57<01:13,  4.80it/s, acc=56.0%, loss=0.906]
Epoch 1/3:  78%|███████▊  | 1270/1625 [02:58<01:13,  4.80it/s, acc=56.0%, loss=0.681]
Epoch 1/3:  78%|███████▊  | 1271/1625 [02:58<01:12,  4.91it/s, acc=56.0%, loss=0.681]
Epoch 1/3:  78%|███████▊  | 1271/1625 [02:58<01:12,  4.91it/s, acc=56.0%, loss=0.905]
Epoch 1/3:  78%|███████▊  | 1272/1625 [02:58<01:07,  5.25it/s, acc=56.0%, loss=0.905]
Epoch 1/3:  78%|███████▊  | 1272/1625 [02:58<01:07,  5.25it/s, acc=56.0%, loss=0.947]
Epoch 1/3:  78%|███████▊  | 1273/1625 [02:58<01:02,  5.63it/s, acc=56.0%, loss=0.947]
Epoch 1/3:  78%|███████▊  | 1273/1625 [02:58<01:02,  5.63it/s, acc=56.0%, loss=0.828]
Epoch 1/3:  78%|███████▊  | 1274/1625 [02:58<00:55,  6.37it/s, acc=56.0%, loss=0.828]
Epoch 1/3:  78%|███████▊  | 1274/1625 [02:58<00:55,  6.37it/s, acc=56.0%, loss=0.866]
Epoch 1/3:  78%|███████▊  | 1275/1625 [02:58<00:58,  6.01it/s, acc=56.0%, loss=0.866]
Epoch 1/3:  78%|███████▊  | 1275/1625 [02:58<00:58,  6.01it/s, acc=56.0%, loss=0.727]
Epoch 1/3:  79%|███████▊  | 1276/1625 [02:58<00:59,  5.90it/s, acc=56.0%, loss=0.727]
Epoch 1/3:  79%|███████▊  | 1276/1625 [02:59<00:59,  5.90it/s, acc=56.0%, loss=0.855]
Epoch 1/3:  79%|███████▊  | 1277/1625 [02:59<00:58,  5.96it/s, acc=56.0%, loss=0.855]
Epoch 1/3:  79%|███████▊  | 1277/1625 [02:59<00:58,  5.96it/s, acc=56.0%, loss=0.809]
Epoch 1/3:  79%|███████▊  | 1278/1625 [02:59<00:51,  6.68it/s, acc=56.0%, loss=0.809]
Epoch 1/3:  79%|███████▊  | 1278/1625 [02:59<00:51,  6.68it/s, acc=56.0%, loss=0.974]
Epoch 1/3:  79%|███████▊  | 1278/1625 [02:59<00:51,  6.68it/s, acc=56.0%, loss=0.868]
Epoch 1/3:  79%|███████▉  | 1280/1625 [02:59<00:45,  7.61it/s, acc=56.0%, loss=0.868]
Epoch 1/3:  79%|███████▉  | 1280/1625 [02:59<00:45,  7.61it/s, acc=56.0%, loss=1.018]
Epoch 1/3:  79%|███████▉  | 1281/1625 [02:59<00:48,  7.15it/s, acc=56.0%, loss=1.018]
Epoch 1/3:  79%|███████▉  | 1281/1625 [02:59<00:48,  7.15it/s, acc=56.0%, loss=0.822]
Epoch 1/3:  79%|███████▉  | 1282/1625 [02:59<00:50,  6.82it/s, acc=56.0%, loss=0.822]
Epoch 1/3:  79%|███████▉  | 1282/1625 [02:59<00:50,  6.82it/s, acc=56.0%, loss=0.992]
Epoch 1/3:  79%|███████▉  | 1283/1625 [02:59<00:52,  6.52it/s, acc=56.0%, loss=0.992]
Epoch 1/3:  79%|███████▉  | 1283/1625 [03:00<00:52,  6.52it/s, acc=56.0%, loss=0.760]
Epoch 1/3:  79%|███████▉  | 1284/1625 [03:00<00:49,  6.94it/s, acc=56.0%, loss=0.760]
Epoch 1/3:  79%|███████▉  | 1284/1625 [03:00<00:49,  6.94it/s, acc=56.0%, loss=0.726]
Epoch 1/3:  79%|███████▉  | 1285/1625 [03:00<00:48,  7.08it/s, acc=56.0%, loss=0.726]
Epoch 1/3:  79%|███████▉  | 1285/1625 [03:00<00:48,  7.08it/s, acc=56.0%, loss=0.918]
Epoch 1/3:  79%|███████▉  | 1286/1625 [03:00<00:44,  7.59it/s, acc=56.0%, loss=0.918]
Epoch 1/3:  79%|███████▉  | 1286/1625 [03:00<00:44,  7.59it/s, acc=56.1%, loss=0.943]
Epoch 1/3:  79%|███████▉  | 1287/1625 [03:00<00:44,  7.66it/s, acc=56.1%, loss=0.943]
Epoch 1/3:  79%|███████▉  | 1287/1625 [03:00<00:44,  7.66it/s, acc=56.1%, loss=0.786]
Epoch 1/3:  79%|███████▉  | 1288/1625 [03:00<00:50,  6.71it/s, acc=56.1%, loss=0.786]
Epoch 1/3:  79%|███████▉  | 1288/1625 [03:00<00:50,  6.71it/s, acc=56.1%, loss=0.849]
Epoch 1/3:  79%|███████▉  | 1289/1625 [03:00<00:51,  6.58it/s, acc=56.1%, loss=0.849]
Epoch 1/3:  79%|███████▉  | 1289/1625 [03:00<00:51,  6.58it/s, acc=56.1%, loss=0.946]
Epoch 1/3:  79%|███████▉  | 1290/1625 [03:00<00:47,  7.08it/s, acc=56.1%, loss=0.946]
Epoch 1/3:  79%|███████▉  | 1290/1625 [03:00<00:47,  7.08it/s, acc=56.1%, loss=0.934]
Epoch 1/3:  79%|███████▉  | 1291/1625 [03:00<00:44,  7.53it/s, acc=56.1%, loss=0.934]
Epoch 1/3:  79%|███████▉  | 1291/1625 [03:01<00:44,  7.53it/s, acc=56.1%, loss=0.731]
Epoch 1/3:  80%|███████▉  | 1292/1625 [03:01<00:41,  8.10it/s, acc=56.1%, loss=0.731]
Epoch 1/3:  80%|███████▉  | 1292/1625 [03:01<00:41,  8.10it/s, acc=56.1%, loss=0.772]
Epoch 1/3:  80%|███████▉  | 1293/1625 [03:01<00:39,  8.36it/s, acc=56.1%, loss=0.772]
Epoch 1/3:  80%|███████▉  | 1293/1625 [03:01<00:39,  8.36it/s, acc=56.1%, loss=0.790]
Epoch 1/3:  80%|███████▉  | 1294/1625 [03:01<00:40,  8.20it/s, acc=56.1%, loss=0.790]
Epoch 1/3:  80%|███████▉  | 1294/1625 [03:01<00:40,  8.20it/s, acc=56.1%, loss=0.803]
Epoch 1/3:  80%|███████▉  | 1295/1625 [03:01<00:41,  7.92it/s, acc=56.1%, loss=0.803]
Epoch 1/3:  80%|███████▉  | 1295/1625 [03:01<00:41,  7.92it/s, acc=56.1%, loss=1.029]
Epoch 1/3:  80%|███████▉  | 1296/1625 [03:01<00:41,  7.94it/s, acc=56.1%, loss=1.029]
Epoch 1/3:  80%|███████▉  | 1296/1625 [03:01<00:41,  7.94it/s, acc=56.1%, loss=1.112]
Epoch 1/3:  80%|███████▉  | 1297/1625 [03:01<00:43,  7.49it/s, acc=56.1%, loss=1.112]
Epoch 1/3:  80%|███████▉  | 1297/1625 [03:01<00:43,  7.49it/s, acc=56.1%, loss=1.075]
Epoch 1/3:  80%|███████▉  | 1298/1625 [03:01<00:43,  7.60it/s, acc=56.1%, loss=1.075]
Epoch 1/3:  80%|███████▉  | 1298/1625 [03:01<00:43,  7.60it/s, acc=56.1%, loss=0.746]
Epoch 1/3:  80%|███████▉  | 1299/1625 [03:01<00:41,  7.94it/s, acc=56.1%, loss=0.746]
Epoch 1/3:  80%|███████▉  | 1299/1625 [03:02<00:41,  7.94it/s, acc=56.1%, loss=0.742]
Epoch 1/3:  80%|████████  | 1300/1625 [03:02<00:42,  7.71it/s, acc=56.1%, loss=0.742]
Epoch 1/3:  80%|████████  | 1300/1625 [03:02<00:42,  7.71it/s, acc=56.1%, loss=1.054]
Epoch 1/3:  80%|████████  | 1301/1625 [03:02<00:39,  8.20it/s, acc=56.1%, loss=1.054]
Epoch 1/3:  80%|████████  | 1301/1625 [03:02<00:39,  8.20it/s, acc=56.1%, loss=0.892]
Epoch 1/3:  80%|████████  | 1302/1625 [03:02<00:38,  8.48it/s, acc=56.1%, loss=0.892]
Epoch 1/3:  80%|████████  | 1302/1625 [03:02<00:38,  8.48it/s, acc=56.1%, loss=0.806]
Epoch 1/3:  80%|████████  | 1303/1625 [03:02<00:40,  8.04it/s, acc=56.1%, loss=0.806]
Epoch 1/3:  80%|████████  | 1303/1625 [03:02<00:40,  8.04it/s, acc=56.1%, loss=0.881]
Epoch 1/3:  80%|████████  | 1304/1625 [03:02<00:42,  7.63it/s, acc=56.1%, loss=0.881]
Epoch 1/3:  80%|████████  | 1304/1625 [03:02<00:42,  7.63it/s, acc=56.1%, loss=0.775]
Epoch 1/3:  80%|████████  | 1305/1625 [03:02<00:43,  7.41it/s, acc=56.1%, loss=0.775]
Epoch 1/3:  80%|████████  | 1305/1625 [03:02<00:43,  7.41it/s, acc=56.1%, loss=0.727]
Epoch 1/3:  80%|████████  | 1306/1625 [03:02<00:41,  7.64it/s, acc=56.1%, loss=0.727]
Epoch 1/3:  80%|████████  | 1306/1625 [03:02<00:41,  7.64it/s, acc=56.1%, loss=0.865]
Epoch 1/3:  80%|████████  | 1307/1625 [03:02<00:38,  8.15it/s, acc=56.1%, loss=0.865]
Epoch 1/3:  80%|████████  | 1307/1625 [03:03<00:38,  8.15it/s, acc=56.1%, loss=0.908]
Epoch 1/3:  80%|████████  | 1308/1625 [03:03<00:37,  8.35it/s, acc=56.1%, loss=0.908]
Epoch 1/3:  80%|████████  | 1308/1625 [03:03<00:37,  8.35it/s, acc=56.1%, loss=0.736]
Epoch 1/3:  81%|████████  | 1309/1625 [03:03<00:42,  7.39it/s, acc=56.1%, loss=0.736]
Epoch 1/3:  81%|████████  | 1309/1625 [03:03<00:42,  7.39it/s, acc=56.1%, loss=0.663]
Epoch 1/3:  81%|████████  | 1310/1625 [03:03<00:40,  7.75it/s, acc=56.1%, loss=0.663]
Epoch 1/3:  81%|████████  | 1310/1625 [03:03<00:40,  7.75it/s, acc=56.1%, loss=1.154]
Epoch 1/3:  81%|████████  | 1311/1625 [03:03<00:40,  7.76it/s, acc=56.1%, loss=1.154]
Epoch 1/3:  81%|████████  | 1311/1625 [03:03<00:40,  7.76it/s, acc=56.1%, loss=1.070]
Epoch 1/3:  81%|████████  | 1312/1625 [03:03<00:39,  7.92it/s, acc=56.1%, loss=1.070]
Epoch 1/3:  81%|████████  | 1312/1625 [03:03<00:39,  7.92it/s, acc=56.1%, loss=0.809]
Epoch 1/3:  81%|████████  | 1313/1625 [03:03<00:38,  8.21it/s, acc=56.1%, loss=0.809]
Epoch 1/3:  81%|████████  | 1313/1625 [03:03<00:38,  8.21it/s, acc=56.1%, loss=0.817]
Epoch 1/3:  81%|████████  | 1314/1625 [03:03<00:36,  8.45it/s, acc=56.1%, loss=0.817]
Epoch 1/3:  81%|████████  | 1314/1625 [03:03<00:36,  8.45it/s, acc=56.2%, loss=0.840]
Epoch 1/3:  81%|████████  | 1315/1625 [03:03<00:37,  8.17it/s, acc=56.2%, loss=0.840]
Epoch 1/3:  81%|████████  | 1315/1625 [03:04<00:37,  8.17it/s, acc=56.2%, loss=0.576]
Epoch 1/3:  81%|████████  | 1316/1625 [03:04<00:37,  8.20it/s, acc=56.2%, loss=0.576]
Epoch 1/3:  81%|████████  | 1316/1625 [03:04<00:37,  8.20it/s, acc=56.2%, loss=0.738]
Epoch 1/3:  81%|████████  | 1317/1625 [03:04<00:36,  8.45it/s, acc=56.2%, loss=0.738]
Epoch 1/3:  81%|████████  | 1317/1625 [03:04<00:36,  8.45it/s, acc=56.2%, loss=0.816]
Epoch 1/3:  81%|████████  | 1318/1625 [03:04<00:35,  8.53it/s, acc=56.2%, loss=0.816]
Epoch 1/3:  81%|████████  | 1318/1625 [03:04<00:35,  8.53it/s, acc=56.2%, loss=0.779]
Epoch 1/3:  81%|████████  | 1319/1625 [03:04<00:36,  8.40it/s, acc=56.2%, loss=0.779]
Epoch 1/3:  81%|████████  | 1319/1625 [03:04<00:36,  8.40it/s, acc=56.2%, loss=0.886]
Epoch 1/3:  81%|████████  | 1320/1625 [03:04<00:36,  8.44it/s, acc=56.2%, loss=0.886]
Epoch 1/3:  81%|████████  | 1320/1625 [03:04<00:36,  8.44it/s, acc=56.2%, loss=0.611]
Epoch 1/3:  81%|████████▏ | 1321/1625 [03:04<00:35,  8.57it/s, acc=56.2%, loss=0.611]
Epoch 1/3:  81%|████████▏ | 1321/1625 [03:04<00:35,  8.57it/s, acc=56.2%, loss=1.001]
Epoch 1/3:  81%|████████▏ | 1322/1625 [03:04<00:34,  8.71it/s, acc=56.2%, loss=1.001]
Epoch 1/3:  81%|████████▏ | 1322/1625 [03:04<00:34,  8.71it/s, acc=56.2%, loss=0.714]
Epoch 1/3:  81%|████████▏ | 1323/1625 [03:04<00:34,  8.67it/s, acc=56.2%, loss=0.714]
Epoch 1/3:  81%|████████▏ | 1323/1625 [03:05<00:34,  8.67it/s, acc=56.2%, loss=0.798]
Epoch 1/3:  81%|████████▏ | 1324/1625 [03:05<00:35,  8.38it/s, acc=56.2%, loss=0.798]
Epoch 1/3:  81%|████████▏ | 1324/1625 [03:05<00:35,  8.38it/s, acc=56.2%, loss=1.170]
Epoch 1/3:  82%|████████▏ | 1325/1625 [03:05<00:35,  8.34it/s, acc=56.2%, loss=1.170]
Epoch 1/3:  82%|████████▏ | 1325/1625 [03:05<00:35,  8.34it/s, acc=56.2%, loss=0.884]
Epoch 1/3:  82%|████████▏ | 1326/1625 [03:05<00:35,  8.34it/s, acc=56.2%, loss=0.884]
Epoch 1/3:  82%|████████▏ | 1326/1625 [03:05<00:35,  8.34it/s, acc=56.2%, loss=1.202]
Epoch 1/3:  82%|████████▏ | 1327/1625 [03:05<00:35,  8.29it/s, acc=56.2%, loss=1.202]
Epoch 1/3:  82%|████████▏ | 1327/1625 [03:05<00:35,  8.29it/s, acc=56.2%, loss=0.780]
Epoch 1/3:  82%|████████▏ | 1328/1625 [03:05<00:36,  8.18it/s, acc=56.2%, loss=0.780]
Epoch 1/3:  82%|████████▏ | 1328/1625 [03:05<00:36,  8.18it/s, acc=56.2%, loss=0.892]
Epoch 1/3:  82%|████████▏ | 1329/1625 [03:05<00:37,  7.91it/s, acc=56.2%, loss=0.892]
Epoch 1/3:  82%|████████▏ | 1329/1625 [03:05<00:37,  7.91it/s, acc=56.2%, loss=0.900]
Epoch 1/3:  82%|████████▏ | 1330/1625 [03:05<00:37,  7.78it/s, acc=56.2%, loss=0.900]
Epoch 1/3:  82%|████████▏ | 1330/1625 [03:05<00:37,  7.78it/s, acc=56.2%, loss=0.789]
Epoch 1/3:  82%|████████▏ | 1331/1625 [03:05<00:37,  7.85it/s, acc=56.2%, loss=0.789]
Epoch 1/3:  82%|████████▏ | 1331/1625 [03:06<00:37,  7.85it/s, acc=56.2%, loss=0.839]
Epoch 1/3:  82%|████████▏ | 1332/1625 [03:06<00:42,  6.93it/s, acc=56.2%, loss=0.839]
Epoch 1/3:  82%|████████▏ | 1332/1625 [03:06<00:42,  6.93it/s, acc=56.2%, loss=0.910]
Epoch 1/3:  82%|████████▏ | 1333/1625 [03:06<00:41,  7.01it/s, acc=56.2%, loss=0.910]
Epoch 1/3:  82%|████████▏ | 1333/1625 [03:06<00:41,  7.01it/s, acc=56.2%, loss=0.875]
Epoch 1/3:  82%|████████▏ | 1334/1625 [03:06<00:49,  5.82it/s, acc=56.2%, loss=0.875]
Epoch 1/3:  82%|████████▏ | 1334/1625 [03:06<00:49,  5.82it/s, acc=56.2%, loss=0.775]
Epoch 1/3:  82%|████████▏ | 1335/1625 [03:06<00:47,  6.08it/s, acc=56.2%, loss=0.775]
Epoch 1/3:  82%|████████▏ | 1335/1625 [03:06<00:47,  6.08it/s, acc=56.3%, loss=0.863]
Epoch 1/3:  82%|████████▏ | 1336/1625 [03:06<00:50,  5.76it/s, acc=56.3%, loss=0.863]
Epoch 1/3:  82%|████████▏ | 1336/1625 [03:06<00:50,  5.76it/s, acc=56.3%, loss=0.762]
Epoch 1/3:  82%|████████▏ | 1337/1625 [03:06<00:50,  5.66it/s, acc=56.3%, loss=0.762]
Epoch 1/3:  82%|████████▏ | 1337/1625 [03:07<00:50,  5.66it/s, acc=56.3%, loss=0.843]
Epoch 1/3:  82%|████████▏ | 1338/1625 [03:07<00:49,  5.79it/s, acc=56.3%, loss=0.843]
Epoch 1/3:  82%|████████▏ | 1338/1625 [03:07<00:49,  5.79it/s, acc=56.3%, loss=0.974]
Epoch 1/3:  82%|████████▏ | 1339/1625 [03:07<00:50,  5.62it/s, acc=56.3%, loss=0.974]
Epoch 1/3:  82%|████████▏ | 1339/1625 [03:07<00:50,  5.62it/s, acc=56.3%, loss=0.797]
Epoch 1/3:  82%|████████▏ | 1340/1625 [03:07<00:51,  5.55it/s, acc=56.3%, loss=0.797]
Epoch 1/3:  82%|████████▏ | 1340/1625 [03:07<00:51,  5.55it/s, acc=56.3%, loss=0.846]
Epoch 1/3:  83%|████████▎ | 1341/1625 [03:07<00:52,  5.41it/s, acc=56.3%, loss=0.846]
Epoch 1/3:  83%|████████▎ | 1341/1625 [03:07<00:52,  5.41it/s, acc=56.3%, loss=0.895]
Epoch 1/3:  83%|████████▎ | 1342/1625 [03:07<00:55,  5.07it/s, acc=56.3%, loss=0.895]
Epoch 1/3:  83%|████████▎ | 1342/1625 [03:08<00:55,  5.07it/s, acc=56.3%, loss=0.849]
Epoch 1/3:  83%|████████▎ | 1343/1625 [03:08<01:03,  4.45it/s, acc=56.3%, loss=0.849]
Epoch 1/3:  83%|████████▎ | 1343/1625 [03:08<01:03,  4.45it/s, acc=56.3%, loss=0.996]
Epoch 1/3:  83%|████████▎ | 1344/1625 [03:08<01:09,  4.07it/s, acc=56.3%, loss=0.996]
Epoch 1/3:  83%|████████▎ | 1344/1625 [03:08<01:09,  4.07it/s, acc=56.3%, loss=0.810]
Epoch 1/3:  83%|████████▎ | 1345/1625 [03:08<01:09,  4.00it/s, acc=56.3%, loss=0.810]
Epoch 1/3:  83%|████████▎ | 1345/1625 [03:08<01:09,  4.00it/s, acc=56.3%, loss=0.841]
Epoch 1/3:  83%|████████▎ | 1346/1625 [03:08<01:01,  4.55it/s, acc=56.3%, loss=0.841]
Epoch 1/3:  83%|████████▎ | 1346/1625 [03:09<01:01,  4.55it/s, acc=56.3%, loss=0.901]
Epoch 1/3:  83%|████████▎ | 1347/1625 [03:09<00:54,  5.12it/s, acc=56.3%, loss=0.901]
Epoch 1/3:  83%|████████▎ | 1347/1625 [03:09<00:54,  5.12it/s, acc=56.3%, loss=0.818]
Epoch 1/3:  83%|████████▎ | 1347/1625 [03:09<00:54,  5.12it/s, acc=56.3%, loss=0.852]
Epoch 1/3:  83%|████████▎ | 1349/1625 [03:09<00:42,  6.45it/s, acc=56.3%, loss=0.852]
Epoch 1/3:  83%|████████▎ | 1349/1625 [03:09<00:42,  6.45it/s, acc=56.3%, loss=0.874]
Epoch 1/3:  83%|████████▎ | 1350/1625 [03:09<00:40,  6.79it/s, acc=56.3%, loss=0.874]
Epoch 1/3:  83%|████████▎ | 1350/1625 [03:09<00:40,  6.79it/s, acc=56.3%, loss=0.835]
Epoch 1/3:  83%|████████▎ | 1351/1625 [03:09<00:37,  7.38it/s, acc=56.3%, loss=0.835]
Epoch 1/3:  83%|████████▎ | 1351/1625 [03:09<00:37,  7.38it/s, acc=56.3%, loss=0.750]
Epoch 1/3:  83%|████████▎ | 1352/1625 [03:09<00:34,  7.84it/s, acc=56.3%, loss=0.750]
Epoch 1/3:  83%|████████▎ | 1352/1625 [03:09<00:34,  7.84it/s, acc=56.3%, loss=0.795]
Epoch 1/3:  83%|████████▎ | 1353/1625 [03:09<00:37,  7.28it/s, acc=56.3%, loss=0.795]
Epoch 1/3:  83%|████████▎ | 1353/1625 [03:09<00:37,  7.28it/s, acc=56.3%, loss=0.916]
Epoch 1/3:  83%|████████▎ | 1354/1625 [03:09<00:35,  7.73it/s, acc=56.3%, loss=0.916]
Epoch 1/3:  83%|████████▎ | 1354/1625 [03:09<00:35,  7.73it/s, acc=56.3%, loss=0.802]
Epoch 1/3:  83%|████████▎ | 1355/1625 [03:09<00:33,  8.14it/s, acc=56.3%, loss=0.802]
Epoch 1/3:  83%|████████▎ | 1355/1625 [03:10<00:33,  8.14it/s, acc=56.3%, loss=0.805]
Epoch 1/3:  83%|████████▎ | 1356/1625 [03:10<00:32,  8.20it/s, acc=56.3%, loss=0.805]
Epoch 1/3:  83%|████████▎ | 1356/1625 [03:10<00:32,  8.20it/s, acc=56.3%, loss=0.779]
Epoch 1/3:  84%|████████▎ | 1357/1625 [03:10<00:38,  7.01it/s, acc=56.3%, loss=0.779]
Epoch 1/3:  84%|████████▎ | 1357/1625 [03:10<00:38,  7.01it/s, acc=56.3%, loss=0.840]
Epoch 1/3:  84%|████████▎ | 1358/1625 [03:10<00:36,  7.36it/s, acc=56.3%, loss=0.840]
Epoch 1/3:  84%|████████▎ | 1358/1625 [03:10<00:36,  7.36it/s, acc=56.3%, loss=0.934]
Epoch 1/3:  84%|████████▎ | 1359/1625 [03:10<00:34,  7.71it/s, acc=56.3%, loss=0.934]
Epoch 1/3:  84%|████████▎ | 1359/1625 [03:10<00:34,  7.71it/s, acc=56.4%, loss=0.814]
Epoch 1/3:  84%|████████▎ | 1359/1625 [03:10<00:34,  7.71it/s, acc=56.3%, loss=0.832]
Epoch 1/3:  84%|████████▍ | 1361/1625 [03:10<00:30,  8.77it/s, acc=56.3%, loss=0.832]
Epoch 1/3:  84%|████████▍ | 1361/1625 [03:10<00:30,  8.77it/s, acc=56.3%, loss=1.083]
Epoch 1/3:  84%|████████▍ | 1362/1625 [03:10<00:30,  8.75it/s, acc=56.3%, loss=1.083]
Epoch 1/3:  84%|████████▍ | 1362/1625 [03:10<00:30,  8.75it/s, acc=56.3%, loss=0.878]
Epoch 1/3:  84%|████████▍ | 1363/1625 [03:10<00:30,  8.71it/s, acc=56.3%, loss=0.878]
Epoch 1/3:  84%|████████▍ | 1363/1625 [03:11<00:30,  8.71it/s, acc=56.4%, loss=0.735]
Epoch 1/3:  84%|████████▍ | 1364/1625 [03:11<00:31,  8.24it/s, acc=56.4%, loss=0.735]
Epoch 1/3:  84%|████████▍ | 1364/1625 [03:11<00:31,  8.24it/s, acc=56.4%, loss=0.841]
Epoch 1/3:  84%|████████▍ | 1365/1625 [03:11<00:33,  7.76it/s, acc=56.4%, loss=0.841]
Epoch 1/3:  84%|████████▍ | 1365/1625 [03:11<00:33,  7.76it/s, acc=56.4%, loss=0.949]
Epoch 1/3:  84%|████████▍ | 1366/1625 [03:11<00:31,  8.17it/s, acc=56.4%, loss=0.949]
Epoch 1/3:  84%|████████▍ | 1366/1625 [03:11<00:31,  8.17it/s, acc=56.4%, loss=0.719]
Epoch 1/3:  84%|████████▍ | 1367/1625 [03:11<00:29,  8.60it/s, acc=56.4%, loss=0.719]
Epoch 1/3:  84%|████████▍ | 1367/1625 [03:11<00:29,  8.60it/s, acc=56.4%, loss=1.068]
Epoch 1/3:  84%|████████▍ | 1368/1625 [03:11<00:29,  8.79it/s, acc=56.4%, loss=1.068]
Epoch 1/3:  84%|████████▍ | 1368/1625 [03:11<00:29,  8.79it/s, acc=56.4%, loss=0.791]
Epoch 1/3:  84%|████████▍ | 1369/1625 [03:11<00:29,  8.62it/s, acc=56.4%, loss=0.791]
Epoch 1/3:  84%|████████▍ | 1369/1625 [03:11<00:29,  8.62it/s, acc=56.4%, loss=0.950]
Epoch 1/3:  84%|████████▍ | 1370/1625 [03:11<00:30,  8.29it/s, acc=56.4%, loss=0.950]
Epoch 1/3:  84%|████████▍ | 1370/1625 [03:11<00:30,  8.29it/s, acc=56.4%, loss=0.782]
Epoch 1/3:  84%|████████▍ | 1371/1625 [03:11<00:34,  7.32it/s, acc=56.4%, loss=0.782]
Epoch 1/3:  84%|████████▍ | 1371/1625 [03:12<00:34,  7.32it/s, acc=56.4%, loss=0.991]
Epoch 1/3:  84%|████████▍ | 1372/1625 [03:12<00:37,  6.74it/s, acc=56.4%, loss=0.991]
Epoch 1/3:  84%|████████▍ | 1372/1625 [03:12<00:37,  6.74it/s, acc=56.4%, loss=0.655]
Epoch 1/3:  84%|████████▍ | 1373/1625 [03:12<00:38,  6.50it/s, acc=56.4%, loss=0.655]
Epoch 1/3:  84%|████████▍ | 1373/1625 [03:12<00:38,  6.50it/s, acc=56.4%, loss=0.869]
Epoch 1/3:  85%|████████▍ | 1374/1625 [03:12<00:40,  6.15it/s, acc=56.4%, loss=0.869]
Epoch 1/3:  85%|████████▍ | 1374/1625 [03:12<00:40,  6.15it/s, acc=56.4%, loss=0.934]
Epoch 1/3:  85%|████████▍ | 1375/1625 [03:12<00:38,  6.55it/s, acc=56.4%, loss=0.934]
Epoch 1/3:  85%|████████▍ | 1375/1625 [03:12<00:38,  6.55it/s, acc=56.4%, loss=0.906]
Epoch 1/3:  85%|████████▍ | 1376/1625 [03:12<00:35,  6.97it/s, acc=56.4%, loss=0.906]
Epoch 1/3:  85%|████████▍ | 1376/1625 [03:12<00:35,  6.97it/s, acc=56.4%, loss=0.996]
Epoch 1/3:  85%|████████▍ | 1377/1625 [03:12<00:33,  7.48it/s, acc=56.4%, loss=0.996]
Epoch 1/3:  85%|████████▍ | 1377/1625 [03:13<00:33,  7.48it/s, acc=56.4%, loss=1.031]
Epoch 1/3:  85%|████████▍ | 1378/1625 [03:13<00:35,  6.94it/s, acc=56.4%, loss=1.031]
Epoch 1/3:  85%|████████▍ | 1378/1625 [03:13<00:35,  6.94it/s, acc=56.3%, loss=0.945]
Epoch 1/3:  85%|████████▍ | 1379/1625 [03:13<00:36,  6.83it/s, acc=56.3%, loss=0.945]
Epoch 1/3:  85%|████████▍ | 1379/1625 [03:13<00:36,  6.83it/s, acc=56.3%, loss=0.830]
Epoch 1/3:  85%|████████▍ | 1380/1625 [03:13<00:32,  7.52it/s, acc=56.3%, loss=0.830]
Epoch 1/3:  85%|████████▍ | 1380/1625 [03:13<00:32,  7.52it/s, acc=56.3%, loss=0.898]
Epoch 1/3:  85%|████████▍ | 1380/1625 [03:13<00:32,  7.52it/s, acc=56.3%, loss=0.823]
Epoch 1/3:  85%|████████▌ | 1382/1625 [03:13<00:28,  8.51it/s, acc=56.3%, loss=0.823]
Epoch 1/3:  85%|████████▌ | 1382/1625 [03:13<00:28,  8.51it/s, acc=56.3%, loss=0.877]
Epoch 1/3:  85%|████████▌ | 1383/1625 [03:13<00:27,  8.76it/s, acc=56.3%, loss=0.877]
Epoch 1/3:  85%|████████▌ | 1383/1625 [03:13<00:27,  8.76it/s, acc=56.3%, loss=0.855]
Epoch 1/3:  85%|████████▌ | 1384/1625 [03:13<00:27,  8.88it/s, acc=56.3%, loss=0.855]
Epoch 1/3:  85%|████████▌ | 1384/1625 [03:13<00:27,  8.88it/s, acc=56.4%, loss=0.833]
Epoch 1/3:  85%|████████▌ | 1385/1625 [03:13<00:26,  9.03it/s, acc=56.4%, loss=0.833]
Epoch 1/3:  85%|████████▌ | 1385/1625 [03:13<00:26,  9.03it/s, acc=56.3%, loss=0.990]
Epoch 1/3:  85%|████████▌ | 1386/1625 [03:13<00:27,  8.68it/s, acc=56.3%, loss=0.990]
Epoch 1/3:  85%|████████▌ | 1386/1625 [03:14<00:27,  8.68it/s, acc=56.3%, loss=1.057]
Epoch 1/3:  85%|████████▌ | 1386/1625 [03:14<00:27,  8.68it/s, acc=56.3%, loss=0.904]
Epoch 1/3:  85%|████████▌ | 1388/1625 [03:14<00:26,  9.00it/s, acc=56.3%, loss=0.904]
Epoch 1/3:  85%|████████▌ | 1388/1625 [03:14<00:26,  9.00it/s, acc=56.4%, loss=0.841]
Epoch 1/3:  85%|████████▌ | 1389/1625 [03:14<00:31,  7.50it/s, acc=56.4%, loss=0.841]
Epoch 1/3:  85%|████████▌ | 1389/1625 [03:14<00:31,  7.50it/s, acc=56.3%, loss=0.923]
Epoch 1/3:  86%|████████▌ | 1390/1625 [03:14<00:31,  7.52it/s, acc=56.3%, loss=0.923]
Epoch 1/3:  86%|████████▌ | 1390/1625 [03:14<00:31,  7.52it/s, acc=56.4%, loss=0.902]
Epoch 1/3:  86%|████████▌ | 1391/1625 [03:14<00:30,  7.79it/s, acc=56.4%, loss=0.902]
Epoch 1/3:  86%|████████▌ | 1391/1625 [03:14<00:30,  7.79it/s, acc=56.4%, loss=0.801]
Epoch 1/3:  86%|████████▌ | 1392/1625 [03:14<00:29,  7.96it/s, acc=56.4%, loss=0.801]
Epoch 1/3:  86%|████████▌ | 1392/1625 [03:14<00:29,  7.96it/s, acc=56.4%, loss=0.727]
Epoch 1/3:  86%|████████▌ | 1393/1625 [03:14<00:27,  8.41it/s, acc=56.4%, loss=0.727]
Epoch 1/3:  86%|████████▌ | 1393/1625 [03:14<00:27,  8.41it/s, acc=56.4%, loss=0.645]
Epoch 1/3:  86%|████████▌ | 1394/1625 [03:14<00:27,  8.47it/s, acc=56.4%, loss=0.645]
Epoch 1/3:  86%|████████▌ | 1394/1625 [03:15<00:27,  8.47it/s, acc=56.4%, loss=0.996]
Epoch 1/3:  86%|████████▌ | 1395/1625 [03:15<00:29,  7.79it/s, acc=56.4%, loss=0.996]
Epoch 1/3:  86%|████████▌ | 1395/1625 [03:15<00:29,  7.79it/s, acc=56.4%, loss=0.768]
Epoch 1/3:  86%|████████▌ | 1396/1625 [03:15<00:29,  7.79it/s, acc=56.4%, loss=0.768]
Epoch 1/3:  86%|████████▌ | 1396/1625 [03:15<00:29,  7.79it/s, acc=56.4%, loss=0.887]
Epoch 1/3:  86%|████████▌ | 1397/1625 [03:15<00:27,  8.32it/s, acc=56.4%, loss=0.887]
Epoch 1/3:  86%|████████▌ | 1397/1625 [03:15<00:27,  8.32it/s, acc=56.4%, loss=0.904]
Epoch 1/3:  86%|████████▌ | 1398/1625 [03:15<00:26,  8.57it/s, acc=56.4%, loss=0.904]
Epoch 1/3:  86%|████████▌ | 1398/1625 [03:15<00:26,  8.57it/s, acc=56.4%, loss=0.822]
Epoch 1/3:  86%|████████▌ | 1399/1625 [03:15<00:27,  8.26it/s, acc=56.4%, loss=0.822]
Epoch 1/3:  86%|████████▌ | 1399/1625 [03:15<00:27,  8.26it/s, acc=56.4%, loss=0.836]
Epoch 1/3:  86%|████████▌ | 1400/1625 [03:15<00:26,  8.39it/s, acc=56.4%, loss=0.836]
Epoch 1/3:  86%|████████▌ | 1400/1625 [03:15<00:26,  8.39it/s, acc=56.4%, loss=0.964]
Epoch 1/3:  86%|████████▌ | 1401/1625 [03:15<00:31,  7.22it/s, acc=56.4%, loss=0.964]
Epoch 1/3:  86%|████████▌ | 1401/1625 [03:16<00:31,  7.22it/s, acc=56.4%, loss=0.663]
Epoch 1/3:  86%|████████▋ | 1402/1625 [03:16<00:32,  6.96it/s, acc=56.4%, loss=0.663]
Epoch 1/3:  86%|████████▋ | 1402/1625 [03:16<00:32,  6.96it/s, acc=56.4%, loss=0.965]
Epoch 1/3:  86%|████████▋ | 1403/1625 [03:16<00:29,  7.59it/s, acc=56.4%, loss=0.965]
Epoch 1/3:  86%|████████▋ | 1403/1625 [03:16<00:29,  7.59it/s, acc=56.4%, loss=0.727]
Epoch 1/3:  86%|████████▋ | 1404/1625 [03:16<00:27,  8.07it/s, acc=56.4%, loss=0.727]
Epoch 1/3:  86%|████████▋ | 1404/1625 [03:16<00:27,  8.07it/s, acc=56.4%, loss=0.817]
Epoch 1/3:  86%|████████▋ | 1405/1625 [03:16<00:26,  8.39it/s, acc=56.4%, loss=0.817]
Epoch 1/3:  86%|████████▋ | 1405/1625 [03:16<00:26,  8.39it/s, acc=56.4%, loss=0.793]
Epoch 1/3:  87%|████████▋ | 1406/1625 [03:16<00:25,  8.69it/s, acc=56.4%, loss=0.793]
Epoch 1/3:  87%|████████▋ | 1406/1625 [03:16<00:25,  8.69it/s, acc=56.5%, loss=0.759]
Epoch 1/3:  87%|████████▋ | 1407/1625 [03:16<00:25,  8.68it/s, acc=56.5%, loss=0.759]
Epoch 1/3:  87%|████████▋ | 1407/1625 [03:16<00:25,  8.68it/s, acc=56.5%, loss=0.794]
Epoch 1/3:  87%|████████▋ | 1408/1625 [03:16<00:24,  8.72it/s, acc=56.5%, loss=0.794]
Epoch 1/3:  87%|████████▋ | 1408/1625 [03:16<00:24,  8.72it/s, acc=56.5%, loss=0.965]
Epoch 1/3:  87%|████████▋ | 1409/1625 [03:16<00:24,  8.70it/s, acc=56.5%, loss=0.965]
Epoch 1/3:  87%|████████▋ | 1409/1625 [03:16<00:24,  8.70it/s, acc=56.5%, loss=0.702]
Epoch 1/3:  87%|████████▋ | 1410/1625 [03:16<00:24,  8.62it/s, acc=56.5%, loss=0.702]
Epoch 1/3:  87%|████████▋ | 1410/1625 [03:17<00:24,  8.62it/s, acc=56.5%, loss=0.814]
Epoch 1/3:  87%|████████▋ | 1411/1625 [03:17<00:25,  8.56it/s, acc=56.5%, loss=0.814]
Epoch 1/3:  87%|████████▋ | 1411/1625 [03:17<00:25,  8.56it/s, acc=56.5%, loss=1.044]
Epoch 1/3:  87%|████████▋ | 1412/1625 [03:17<00:24,  8.53it/s, acc=56.5%, loss=1.044]
Epoch 1/3:  87%|████████▋ | 1412/1625 [03:17<00:24,  8.53it/s, acc=56.5%, loss=0.815]
Epoch 1/3:  87%|████████▋ | 1413/1625 [03:17<00:24,  8.57it/s, acc=56.5%, loss=0.815]
Epoch 1/3:  87%|████████▋ | 1413/1625 [03:17<00:24,  8.57it/s, acc=56.5%, loss=0.998]
Epoch 1/3:  87%|████████▋ | 1414/1625 [03:17<00:24,  8.58it/s, acc=56.5%, loss=0.998]
Epoch 1/3:  87%|████████▋ | 1414/1625 [03:17<00:24,  8.58it/s, acc=56.5%, loss=0.694]
Epoch 1/3:  87%|████████▋ | 1415/1625 [03:17<00:24,  8.40it/s, acc=56.5%, loss=0.694]
Epoch 1/3:  87%|████████▋ | 1415/1625 [03:17<00:24,  8.40it/s, acc=56.5%, loss=0.892]
Epoch 1/3:  87%|████████▋ | 1416/1625 [03:17<00:30,  6.90it/s, acc=56.5%, loss=0.892]
Epoch 1/3:  87%|████████▋ | 1416/1625 [03:17<00:30,  6.90it/s, acc=56.5%, loss=0.867]
Epoch 1/3:  87%|████████▋ | 1417/1625 [03:17<00:33,  6.24it/s, acc=56.5%, loss=0.867]
Epoch 1/3:  87%|████████▋ | 1417/1625 [03:18<00:33,  6.24it/s, acc=56.5%, loss=0.859]
Epoch 1/3:  87%|████████▋ | 1418/1625 [03:18<00:36,  5.73it/s, acc=56.5%, loss=0.859]
Epoch 1/3:  87%|████████▋ | 1418/1625 [03:18<00:36,  5.73it/s, acc=56.5%, loss=0.787]
Epoch 1/3:  87%|████████▋ | 1419/1625 [03:18<00:39,  5.16it/s, acc=56.5%, loss=0.787]
Epoch 1/3:  87%|████████▋ | 1419/1625 [03:18<00:39,  5.16it/s, acc=56.5%, loss=0.716]
Epoch 1/3:  87%|████████▋ | 1420/1625 [03:18<00:35,  5.71it/s, acc=56.5%, loss=0.716]
Epoch 1/3:  87%|████████▋ | 1420/1625 [03:18<00:35,  5.71it/s, acc=56.5%, loss=0.822]
Epoch 1/3:  87%|████████▋ | 1421/1625 [03:18<00:32,  6.30it/s, acc=56.5%, loss=0.822]
Epoch 1/3:  87%|████████▋ | 1421/1625 [03:18<00:32,  6.30it/s, acc=56.5%, loss=0.869]
Epoch 1/3:  88%|████████▊ | 1422/1625 [03:18<00:30,  6.73it/s, acc=56.5%, loss=0.869]
Epoch 1/3:  88%|████████▊ | 1422/1625 [03:18<00:30,  6.73it/s, acc=56.5%, loss=0.618]
Epoch 1/3:  88%|████████▊ | 1423/1625 [03:18<00:32,  6.18it/s, acc=56.5%, loss=0.618]
Epoch 1/3:  88%|████████▊ | 1423/1625 [03:19<00:32,  6.18it/s, acc=56.5%, loss=1.001]
Epoch 1/3:  88%|████████▊ | 1424/1625 [03:19<00:32,  6.28it/s, acc=56.5%, loss=1.001]
Epoch 1/3:  88%|████████▊ | 1424/1625 [03:19<00:32,  6.28it/s, acc=56.5%, loss=0.905]
Epoch 1/3:  88%|████████▊ | 1425/1625 [03:19<00:29,  6.80it/s, acc=56.5%, loss=0.905]
Epoch 1/3:  88%|████████▊ | 1425/1625 [03:19<00:29,  6.80it/s, acc=56.5%, loss=0.917]
Epoch 1/3:  88%|████████▊ | 1426/1625 [03:19<00:26,  7.44it/s, acc=56.5%, loss=0.917]
Epoch 1/3:  88%|████████▊ | 1426/1625 [03:19<00:26,  7.44it/s, acc=56.5%, loss=0.884]
Epoch 1/3:  88%|████████▊ | 1427/1625 [03:19<00:25,  7.84it/s, acc=56.5%, loss=0.884]
Epoch 1/3:  88%|████████▊ | 1427/1625 [03:19<00:25,  7.84it/s, acc=56.5%, loss=0.701]
Epoch 1/3:  88%|████████▊ | 1428/1625 [03:19<00:26,  7.35it/s, acc=56.5%, loss=0.701]
Epoch 1/3:  88%|████████▊ | 1428/1625 [03:19<00:26,  7.35it/s, acc=56.5%, loss=0.888]
Epoch 1/3:  88%|████████▊ | 1429/1625 [03:19<00:26,  7.38it/s, acc=56.5%, loss=0.888]
Epoch 1/3:  88%|████████▊ | 1429/1625 [03:19<00:26,  7.38it/s, acc=56.5%, loss=0.948]
Epoch 1/3:  88%|████████▊ | 1430/1625 [03:19<00:24,  7.92it/s, acc=56.5%, loss=0.948]
Epoch 1/3:  88%|████████▊ | 1430/1625 [03:19<00:24,  7.92it/s, acc=56.5%, loss=0.961]
Epoch 1/3:  88%|████████▊ | 1431/1625 [03:19<00:24,  8.00it/s, acc=56.5%, loss=0.961]
Epoch 1/3:  88%|████████▊ | 1431/1625 [03:20<00:24,  8.00it/s, acc=56.5%, loss=0.897]
Epoch 1/3:  88%|████████▊ | 1432/1625 [03:20<00:29,  6.65it/s, acc=56.5%, loss=0.897]
Epoch 1/3:  88%|████████▊ | 1432/1625 [03:20<00:29,  6.65it/s, acc=56.5%, loss=0.970]
Epoch 1/3:  88%|████████▊ | 1433/1625 [03:20<00:32,  5.94it/s, acc=56.5%, loss=0.970]
Epoch 1/3:  88%|████████▊ | 1433/1625 [03:20<00:32,  5.94it/s, acc=56.5%, loss=0.756]
Epoch 1/3:  88%|████████▊ | 1434/1625 [03:20<00:32,  5.88it/s, acc=56.5%, loss=0.756]
Epoch 1/3:  88%|████████▊ | 1434/1625 [03:20<00:32,  5.88it/s, acc=56.5%, loss=0.674]
Epoch 1/3:  88%|████████▊ | 1435/1625 [03:20<00:33,  5.60it/s, acc=56.5%, loss=0.674]
Epoch 1/3:  88%|████████▊ | 1435/1625 [03:20<00:33,  5.60it/s, acc=56.6%, loss=0.836]
Epoch 1/3:  88%|████████▊ | 1436/1625 [03:20<00:33,  5.58it/s, acc=56.6%, loss=0.836]
Epoch 1/3:  88%|████████▊ | 1436/1625 [03:21<00:33,  5.58it/s, acc=56.6%, loss=0.796]
Epoch 1/3:  88%|████████▊ | 1437/1625 [03:21<00:35,  5.28it/s, acc=56.6%, loss=0.796]
Epoch 1/3:  88%|████████▊ | 1437/1625 [03:21<00:35,  5.28it/s, acc=56.6%, loss=1.020]
Epoch 1/3:  88%|████████▊ | 1438/1625 [03:21<00:36,  5.19it/s, acc=56.6%, loss=1.020]
Epoch 1/3:  88%|████████▊ | 1438/1625 [03:21<00:36,  5.19it/s, acc=56.6%, loss=1.144]
Epoch 1/3:  89%|████████▊ | 1439/1625 [03:21<00:31,  5.93it/s, acc=56.6%, loss=1.144]
Epoch 1/3:  89%|████████▊ | 1439/1625 [03:21<00:31,  5.93it/s, acc=56.6%, loss=1.027]
Epoch 1/3:  89%|████████▊ | 1440/1625 [03:21<00:28,  6.55it/s, acc=56.6%, loss=1.027]
Epoch 1/3:  89%|████████▊ | 1440/1625 [03:21<00:28,  6.55it/s, acc=56.6%, loss=0.882]
Epoch 1/3:  89%|████████▊ | 1441/1625 [03:21<00:26,  7.07it/s, acc=56.6%, loss=0.882]
Epoch 1/3:  89%|████████▊ | 1441/1625 [03:21<00:26,  7.07it/s, acc=56.6%, loss=0.691]
Epoch 1/3:  89%|████████▊ | 1442/1625 [03:21<00:28,  6.47it/s, acc=56.6%, loss=0.691]
Epoch 1/3:  89%|████████▊ | 1442/1625 [03:21<00:28,  6.47it/s, acc=56.6%, loss=1.149]
Epoch 1/3:  89%|████████▉ | 1443/1625 [03:21<00:25,  7.00it/s, acc=56.6%, loss=1.149]
Epoch 1/3:  89%|████████▉ | 1443/1625 [03:22<00:25,  7.00it/s, acc=56.6%, loss=0.803]
Epoch 1/3:  89%|████████▉ | 1444/1625 [03:22<00:24,  7.37it/s, acc=56.6%, loss=0.803]
Epoch 1/3:  89%|████████▉ | 1444/1625 [03:22<00:24,  7.37it/s, acc=56.6%, loss=1.013]
Epoch 1/3:  89%|████████▉ | 1445/1625 [03:22<00:27,  6.52it/s, acc=56.6%, loss=1.013]
Epoch 1/3:  89%|████████▉ | 1445/1625 [03:22<00:27,  6.52it/s, acc=56.6%, loss=0.893]
Epoch 1/3:  89%|████████▉ | 1446/1625 [03:22<00:29,  6.12it/s, acc=56.6%, loss=0.893]
Epoch 1/3:  89%|████████▉ | 1446/1625 [03:22<00:29,  6.12it/s, acc=56.6%, loss=0.826]
Epoch 1/3:  89%|████████▉ | 1447/1625 [03:22<00:30,  5.80it/s, acc=56.6%, loss=0.826]
Epoch 1/3:  89%|████████▉ | 1447/1625 [03:22<00:30,  5.80it/s, acc=56.6%, loss=0.789]
Epoch 1/3:  89%|████████▉ | 1448/1625 [03:22<00:31,  5.63it/s, acc=56.6%, loss=0.789]
Epoch 1/3:  89%|████████▉ | 1448/1625 [03:22<00:31,  5.63it/s, acc=56.6%, loss=0.926]
Epoch 1/3:  89%|████████▉ | 1449/1625 [03:22<00:28,  6.13it/s, acc=56.6%, loss=0.926]
Epoch 1/3:  89%|████████▉ | 1449/1625 [03:23<00:28,  6.13it/s, acc=56.6%, loss=0.834]
Epoch 1/3:  89%|████████▉ | 1450/1625 [03:23<00:25,  6.78it/s, acc=56.6%, loss=0.834]
Epoch 1/3:  89%|████████▉ | 1450/1625 [03:23<00:25,  6.78it/s, acc=56.6%, loss=0.671]
Epoch 1/3:  89%|████████▉ | 1451/1625 [03:23<00:24,  7.06it/s, acc=56.6%, loss=0.671]
Epoch 1/3:  89%|████████▉ | 1451/1625 [03:23<00:24,  7.06it/s, acc=56.6%, loss=0.771]
Epoch 1/3:  89%|████████▉ | 1452/1625 [03:23<00:26,  6.60it/s, acc=56.6%, loss=0.771]
Epoch 1/3:  89%|████████▉ | 1452/1625 [03:23<00:26,  6.60it/s, acc=56.6%, loss=0.707]
Epoch 1/3:  89%|████████▉ | 1453/1625 [03:23<00:25,  6.87it/s, acc=56.6%, loss=0.707]
Epoch 1/3:  89%|████████▉ | 1453/1625 [03:23<00:25,  6.87it/s, acc=56.6%, loss=0.928]
Epoch 1/3:  89%|████████▉ | 1454/1625 [03:23<00:23,  7.35it/s, acc=56.6%, loss=0.928]
Epoch 1/3:  89%|████████▉ | 1454/1625 [03:23<00:23,  7.35it/s, acc=56.6%, loss=0.927]
Epoch 1/3:  90%|████████▉ | 1455/1625 [03:23<00:23,  7.17it/s, acc=56.6%, loss=0.927]
Epoch 1/3:  90%|████████▉ | 1455/1625 [03:23<00:23,  7.17it/s, acc=56.6%, loss=0.957]
Epoch 1/3:  90%|████████▉ | 1456/1625 [03:23<00:24,  6.92it/s, acc=56.6%, loss=0.957]
Epoch 1/3:  90%|████████▉ | 1456/1625 [03:24<00:24,  6.92it/s, acc=56.6%, loss=0.827]
Epoch 1/3:  90%|████████▉ | 1457/1625 [03:24<00:22,  7.47it/s, acc=56.6%, loss=0.827]
Epoch 1/3:  90%|████████▉ | 1457/1625 [03:24<00:22,  7.47it/s, acc=56.6%, loss=0.987]
Epoch 1/3:  90%|████████▉ | 1458/1625 [03:24<00:21,  7.77it/s, acc=56.6%, loss=0.987]
Epoch 1/3:  90%|████████▉ | 1458/1625 [03:24<00:21,  7.77it/s, acc=56.6%, loss=0.798]
Epoch 1/3:  90%|████████▉ | 1459/1625 [03:24<00:20,  8.11it/s, acc=56.6%, loss=0.798]
Epoch 1/3:  90%|████████▉ | 1459/1625 [03:24<00:20,  8.11it/s, acc=56.6%, loss=0.780]
Epoch 1/3:  90%|████████▉ | 1460/1625 [03:24<00:20,  8.24it/s, acc=56.6%, loss=0.780]
Epoch 1/3:  90%|████████▉ | 1460/1625 [03:24<00:20,  8.24it/s, acc=56.6%, loss=0.727]
Epoch 1/3:  90%|████████▉ | 1461/1625 [03:24<00:20,  8.05it/s, acc=56.6%, loss=0.727]
Epoch 1/3:  90%|████████▉ | 1461/1625 [03:24<00:20,  8.05it/s, acc=56.6%, loss=0.852]
Epoch 1/3:  90%|████████▉ | 1462/1625 [03:24<00:20,  7.91it/s, acc=56.6%, loss=0.852]
Epoch 1/3:  90%|████████▉ | 1462/1625 [03:24<00:20,  7.91it/s, acc=56.6%, loss=0.961]
Epoch 1/3:  90%|█████████ | 1463/1625 [03:24<00:20,  7.94it/s, acc=56.6%, loss=0.961]
Epoch 1/3:  90%|█████████ | 1463/1625 [03:24<00:20,  7.94it/s, acc=56.6%, loss=0.985]
Epoch 1/3:  90%|█████████ | 1463/1625 [03:24<00:20,  7.94it/s, acc=56.6%, loss=0.763]
Epoch 1/3:  90%|█████████ | 1465/1625 [03:24<00:18,  8.58it/s, acc=56.6%, loss=0.763]
Epoch 1/3:  90%|█████████ | 1465/1625 [03:25<00:18,  8.58it/s, acc=56.6%, loss=0.750]
Epoch 1/3:  90%|█████████ | 1466/1625 [03:25<00:18,  8.64it/s, acc=56.6%, loss=0.750]
Epoch 1/3:  90%|█████████ | 1466/1625 [03:25<00:18,  8.64it/s, acc=56.6%, loss=0.992]
Epoch 1/3:  90%|█████████ | 1467/1625 [03:25<00:18,  8.60it/s, acc=56.6%, loss=0.992]
Epoch 1/3:  90%|█████████ | 1467/1625 [03:25<00:18,  8.60it/s, acc=56.6%, loss=0.926]
Epoch 1/3:  90%|█████████ | 1468/1625 [03:25<00:18,  8.45it/s, acc=56.6%, loss=0.926]
Epoch 1/3:  90%|█████████ | 1468/1625 [03:25<00:18,  8.45it/s, acc=56.6%, loss=0.903]
Epoch 1/3:  90%|█████████ | 1469/1625 [03:25<00:19,  7.89it/s, acc=56.6%, loss=0.903]
Epoch 1/3:  90%|█████████ | 1469/1625 [03:25<00:19,  7.89it/s, acc=56.6%, loss=0.905]
Epoch 1/3:  90%|█████████ | 1470/1625 [03:25<00:19,  8.11it/s, acc=56.6%, loss=0.905]
Epoch 1/3:  90%|█████████ | 1470/1625 [03:25<00:19,  8.11it/s, acc=56.6%, loss=0.836]
Epoch 1/3:  91%|█████████ | 1471/1625 [03:25<00:18,  8.26it/s, acc=56.6%, loss=0.836]
Epoch 1/3:  91%|█████████ | 1471/1625 [03:25<00:18,  8.26it/s, acc=56.6%, loss=1.013]
Epoch 1/3:  91%|█████████ | 1472/1625 [03:25<00:18,  8.37it/s, acc=56.6%, loss=1.013]
Epoch 1/3:  91%|█████████ | 1472/1625 [03:25<00:18,  8.37it/s, acc=56.6%, loss=0.745]
Epoch 1/3:  91%|█████████ | 1473/1625 [03:25<00:17,  8.66it/s, acc=56.6%, loss=0.745]
Epoch 1/3:  91%|█████████ | 1473/1625 [03:26<00:17,  8.66it/s, acc=56.6%, loss=0.972]
Epoch 1/3:  91%|█████████ | 1474/1625 [03:26<00:17,  8.52it/s, acc=56.6%, loss=0.972]
Epoch 1/3:  91%|█████████ | 1474/1625 [03:26<00:17,  8.52it/s, acc=56.6%, loss=0.972]
Epoch 1/3:  91%|█████████ | 1475/1625 [03:26<00:17,  8.53it/s, acc=56.6%, loss=0.972]
Epoch 1/3:  91%|█████████ | 1475/1625 [03:26<00:17,  8.53it/s, acc=56.6%, loss=0.791]
Epoch 1/3:  91%|█████████ | 1476/1625 [03:26<00:17,  8.44it/s, acc=56.6%, loss=0.791]
Epoch 1/3:  91%|█████████ | 1476/1625 [03:26<00:17,  8.44it/s, acc=56.6%, loss=0.952]
Epoch 1/3:  91%|█████████ | 1477/1625 [03:26<00:17,  8.43it/s, acc=56.6%, loss=0.952]
Epoch 1/3:  91%|█████████ | 1477/1625 [03:26<00:17,  8.43it/s, acc=56.6%, loss=0.967]
Epoch 1/3:  91%|█████████ | 1478/1625 [03:26<00:17,  8.45it/s, acc=56.6%, loss=0.967]
Epoch 1/3:  91%|█████████ | 1478/1625 [03:26<00:17,  8.45it/s, acc=56.6%, loss=0.942]
Epoch 1/3:  91%|█████████ | 1479/1625 [03:26<00:17,  8.50it/s, acc=56.6%, loss=0.942]
Epoch 1/3:  91%|█████████ | 1479/1625 [03:26<00:17,  8.50it/s, acc=56.6%, loss=0.816]
Epoch 1/3:  91%|█████████ | 1480/1625 [03:26<00:17,  8.28it/s, acc=56.6%, loss=0.816]
Epoch 1/3:  91%|█████████ | 1480/1625 [03:26<00:17,  8.28it/s, acc=56.6%, loss=0.855]
Epoch 1/3:  91%|█████████ | 1481/1625 [03:26<00:17,  8.31it/s, acc=56.6%, loss=0.855]
Epoch 1/3:  91%|█████████ | 1481/1625 [03:27<00:17,  8.31it/s, acc=56.6%, loss=0.916]
Epoch 1/3:  91%|█████████ | 1482/1625 [03:27<00:19,  7.40it/s, acc=56.6%, loss=0.916]
Epoch 1/3:  91%|█████████ | 1482/1625 [03:27<00:19,  7.40it/s, acc=56.6%, loss=0.923]
Epoch 1/3:  91%|█████████▏| 1483/1625 [03:27<00:18,  7.78it/s, acc=56.6%, loss=0.923]
Epoch 1/3:  91%|█████████▏| 1483/1625 [03:27<00:18,  7.78it/s, acc=56.6%, loss=0.782]
Epoch 1/3:  91%|█████████▏| 1484/1625 [03:27<00:17,  7.99it/s, acc=56.6%, loss=0.782]
Epoch 1/3:  91%|█████████▏| 1484/1625 [03:27<00:17,  7.99it/s, acc=56.6%, loss=0.979]
Epoch 1/3:  91%|█████████▏| 1485/1625 [03:27<00:16,  8.46it/s, acc=56.6%, loss=0.979]
Epoch 1/3:  91%|█████████▏| 1485/1625 [03:27<00:16,  8.46it/s, acc=56.6%, loss=0.797]
Epoch 1/3:  91%|█████████▏| 1486/1625 [03:27<00:15,  8.84it/s, acc=56.6%, loss=0.797]
Epoch 1/3:  91%|█████████▏| 1486/1625 [03:27<00:15,  8.84it/s, acc=56.6%, loss=0.896]
Epoch 1/3:  92%|█████████▏| 1487/1625 [03:27<00:15,  8.81it/s, acc=56.6%, loss=0.896]
Epoch 1/3:  92%|█████████▏| 1487/1625 [03:27<00:15,  8.81it/s, acc=56.6%, loss=1.051]
Epoch 1/3:  92%|█████████▏| 1488/1625 [03:27<00:16,  8.21it/s, acc=56.6%, loss=1.051]
Epoch 1/3:  92%|█████████▏| 1488/1625 [03:27<00:16,  8.21it/s, acc=56.6%, loss=0.923]
Epoch 1/3:  92%|█████████▏| 1489/1625 [03:27<00:17,  7.91it/s, acc=56.6%, loss=0.923]
Epoch 1/3:  92%|█████████▏| 1489/1625 [03:28<00:17,  7.91it/s, acc=56.6%, loss=1.062]
Epoch 1/3:  92%|█████████▏| 1490/1625 [03:28<00:16,  8.36it/s, acc=56.6%, loss=1.062]
Epoch 1/3:  92%|█████████▏| 1490/1625 [03:28<00:16,  8.36it/s, acc=56.6%, loss=0.791]
Epoch 1/3:  92%|█████████▏| 1491/1625 [03:28<00:15,  8.54it/s, acc=56.6%, loss=0.791]
Epoch 1/3:  92%|█████████▏| 1491/1625 [03:28<00:15,  8.54it/s, acc=56.6%, loss=0.791]
Epoch 1/3:  92%|█████████▏| 1492/1625 [03:28<00:15,  8.45it/s, acc=56.6%, loss=0.791]
Epoch 1/3:  92%|█████████▏| 1492/1625 [03:28<00:15,  8.45it/s, acc=56.6%, loss=0.770]
Epoch 1/3:  92%|█████████▏| 1493/1625 [03:28<00:15,  8.35it/s, acc=56.6%, loss=0.770]
Epoch 1/3:  92%|█████████▏| 1493/1625 [03:28<00:15,  8.35it/s, acc=56.6%, loss=0.961]
Epoch 1/3:  92%|█████████▏| 1494/1625 [03:28<00:15,  8.46it/s, acc=56.6%, loss=0.961]
Epoch 1/3:  92%|█████████▏| 1494/1625 [03:28<00:15,  8.46it/s, acc=56.7%, loss=0.745]
Epoch 1/3:  92%|█████████▏| 1495/1625 [03:28<00:15,  8.54it/s, acc=56.7%, loss=0.745]
Epoch 1/3:  92%|█████████▏| 1495/1625 [03:28<00:15,  8.54it/s, acc=56.7%, loss=0.891]
Epoch 1/3:  92%|█████████▏| 1496/1625 [03:28<00:14,  8.67it/s, acc=56.7%, loss=0.891]
Epoch 1/3:  92%|█████████▏| 1496/1625 [03:28<00:14,  8.67it/s, acc=56.7%, loss=0.754]
Epoch 1/3:  92%|█████████▏| 1497/1625 [03:28<00:15,  8.44it/s, acc=56.7%, loss=0.754]
Epoch 1/3:  92%|█████████▏| 1497/1625 [03:28<00:15,  8.44it/s, acc=56.7%, loss=0.655]
Epoch 1/3:  92%|█████████▏| 1498/1625 [03:28<00:15,  8.27it/s, acc=56.7%, loss=0.655]
Epoch 1/3:  92%|█████████▏| 1498/1625 [03:29<00:15,  8.27it/s, acc=56.7%, loss=1.006]
Epoch 1/3:  92%|█████████▏| 1499/1625 [03:29<00:14,  8.47it/s, acc=56.7%, loss=1.006]
Epoch 1/3:  92%|█████████▏| 1499/1625 [03:29<00:14,  8.47it/s, acc=56.7%, loss=0.889]
Epoch 1/3:  92%|█████████▏| 1500/1625 [03:29<00:14,  8.53it/s, acc=56.7%, loss=0.889]
Epoch 1/3:  92%|█████████▏| 1500/1625 [03:29<00:14,  8.53it/s, acc=56.7%, loss=0.910]
Epoch 1/3:  92%|█████████▏| 1501/1625 [03:29<00:15,  7.86it/s, acc=56.7%, loss=0.910]
Epoch 1/3:  92%|█████████▏| 1501/1625 [03:29<00:15,  7.86it/s, acc=56.7%, loss=0.847]
Epoch 1/3:  92%|█████████▏| 1502/1625 [03:29<00:14,  8.31it/s, acc=56.7%, loss=0.847]
Epoch 1/3:  92%|█████████▏| 1502/1625 [03:29<00:14,  8.31it/s, acc=56.7%, loss=0.928]
Epoch 1/3:  92%|█████████▏| 1503/1625 [03:29<00:14,  8.19it/s, acc=56.7%, loss=0.928]
Epoch 1/3:  92%|█████████▏| 1503/1625 [03:29<00:14,  8.19it/s, acc=56.7%, loss=0.624]
Epoch 1/3:  92%|█████████▏| 1503/1625 [03:29<00:14,  8.19it/s, acc=56.7%, loss=0.821]
Epoch 1/3:  93%|█████████▎| 1505/1625 [03:29<00:14,  8.57it/s, acc=56.7%, loss=0.821]
Epoch 1/3:  93%|█████████▎| 1505/1625 [03:29<00:14,  8.57it/s, acc=56.7%, loss=0.832]
Epoch 1/3:  93%|█████████▎| 1506/1625 [03:29<00:13,  8.63it/s, acc=56.7%, loss=0.832]
Epoch 1/3:  93%|█████████▎| 1506/1625 [03:30<00:13,  8.63it/s, acc=56.7%, loss=0.792]
Epoch 1/3:  93%|█████████▎| 1507/1625 [03:30<00:14,  8.38it/s, acc=56.7%, loss=0.792]
Epoch 1/3:  93%|█████████▎| 1507/1625 [03:30<00:14,  8.38it/s, acc=56.7%, loss=1.034]
Epoch 1/3:  93%|█████████▎| 1508/1625 [03:30<00:17,  6.68it/s, acc=56.7%, loss=1.034]
Epoch 1/3:  93%|█████████▎| 1508/1625 [03:30<00:17,  6.68it/s, acc=56.7%, loss=0.977]
Epoch 1/3:  93%|█████████▎| 1509/1625 [03:30<00:21,  5.52it/s, acc=56.7%, loss=0.977]
Epoch 1/3:  93%|█████████▎| 1509/1625 [03:30<00:21,  5.52it/s, acc=56.7%, loss=1.067]
Epoch 1/3:  93%|█████████▎| 1510/1625 [03:30<00:21,  5.42it/s, acc=56.7%, loss=1.067]
Epoch 1/3:  93%|█████████▎| 1510/1625 [03:30<00:21,  5.42it/s, acc=56.7%, loss=0.871]
Epoch 1/3:  93%|█████████▎| 1511/1625 [03:30<00:21,  5.33it/s, acc=56.7%, loss=0.871]
Epoch 1/3:  93%|█████████▎| 1511/1625 [03:31<00:21,  5.33it/s, acc=56.7%, loss=0.784]
Epoch 1/3:  93%|█████████▎| 1512/1625 [03:31<00:21,  5.20it/s, acc=56.7%, loss=0.784]
Epoch 1/3:  93%|█████████▎| 1512/1625 [03:31<00:21,  5.20it/s, acc=56.7%, loss=1.022]
Epoch 1/3:  93%|█████████▎| 1513/1625 [03:31<00:21,  5.24it/s, acc=56.7%, loss=1.022]
Epoch 1/3:  93%|█████████▎| 1513/1625 [03:31<00:21,  5.24it/s, acc=56.7%, loss=0.900]
Epoch 1/3:  93%|█████████▎| 1514/1625 [03:31<00:20,  5.36it/s, acc=56.7%, loss=0.900]
Epoch 1/3:  93%|█████████▎| 1514/1625 [03:31<00:20,  5.36it/s, acc=56.7%, loss=0.773]
Epoch 1/3:  93%|█████████▎| 1515/1625 [03:31<00:20,  5.30it/s, acc=56.7%, loss=0.773]
Epoch 1/3:  93%|█████████▎| 1515/1625 [03:31<00:20,  5.30it/s, acc=56.7%, loss=1.062]
Epoch 1/3:  93%|█████████▎| 1516/1625 [03:31<00:21,  5.18it/s, acc=56.7%, loss=1.062]
Epoch 1/3:  93%|█████████▎| 1516/1625 [03:32<00:21,  5.18it/s, acc=56.7%, loss=0.992]
Epoch 1/3:  93%|█████████▎| 1517/1625 [03:32<00:20,  5.36it/s, acc=56.7%, loss=0.992]
Epoch 1/3:  93%|█████████▎| 1517/1625 [03:32<00:20,  5.36it/s, acc=56.7%, loss=0.789]
Epoch 1/3:  93%|█████████▎| 1518/1625 [03:32<00:17,  5.98it/s, acc=56.7%, loss=0.789]
Epoch 1/3:  93%|█████████▎| 1518/1625 [03:32<00:17,  5.98it/s, acc=56.7%, loss=0.674]
Epoch 1/3:  93%|█████████▎| 1519/1625 [03:32<00:16,  6.58it/s, acc=56.7%, loss=0.674]
Epoch 1/3:  93%|█████████▎| 1519/1625 [03:32<00:16,  6.58it/s, acc=56.7%, loss=0.711]
Epoch 1/3:  94%|█████████▎| 1520/1625 [03:32<00:15,  6.79it/s, acc=56.7%, loss=0.711]
Epoch 1/3:  94%|█████████▎| 1520/1625 [03:32<00:15,  6.79it/s, acc=56.7%, loss=1.069]
Epoch 1/3:  94%|█████████▎| 1521/1625 [03:32<00:14,  7.24it/s, acc=56.7%, loss=1.069]
Epoch 1/3:  94%|█████████▎| 1521/1625 [03:32<00:14,  7.24it/s, acc=56.7%, loss=0.844]
Epoch 1/3:  94%|█████████▎| 1522/1625 [03:32<00:13,  7.56it/s, acc=56.7%, loss=0.844]
Epoch 1/3:  94%|█████████▎| 1522/1625 [03:32<00:13,  7.56it/s, acc=56.7%, loss=1.008]
Epoch 1/3:  94%|█████████▎| 1523/1625 [03:32<00:12,  7.91it/s, acc=56.7%, loss=1.008]
Epoch 1/3:  94%|█████████▎| 1523/1625 [03:32<00:12,  7.91it/s, acc=56.7%, loss=0.858]
Epoch 1/3:  94%|█████████▍| 1524/1625 [03:32<00:12,  8.02it/s, acc=56.7%, loss=0.858]
Epoch 1/3:  94%|█████████▍| 1524/1625 [03:32<00:12,  8.02it/s, acc=56.7%, loss=0.817]
Epoch 1/3:  94%|█████████▍| 1525/1625 [03:32<00:12,  8.18it/s, acc=56.7%, loss=0.817]
Epoch 1/3:  94%|█████████▍| 1525/1625 [03:33<00:12,  8.18it/s, acc=56.7%, loss=0.734]
Epoch 1/3:  94%|█████████▍| 1526/1625 [03:33<00:15,  6.57it/s, acc=56.7%, loss=0.734]
Epoch 1/3:  94%|█████████▍| 1526/1625 [03:33<00:15,  6.57it/s, acc=56.7%, loss=0.828]
Epoch 1/3:  94%|█████████▍| 1527/1625 [03:33<00:13,  7.19it/s, acc=56.7%, loss=0.828]
Epoch 1/3:  94%|█████████▍| 1527/1625 [03:33<00:13,  7.19it/s, acc=56.7%, loss=0.742]
Epoch 1/3:  94%|█████████▍| 1527/1625 [03:33<00:13,  7.19it/s, acc=56.7%, loss=0.827]
Epoch 1/3:  94%|█████████▍| 1529/1625 [03:33<00:11,  8.24it/s, acc=56.7%, loss=0.827]
Epoch 1/3:  94%|█████████▍| 1529/1625 [03:33<00:11,  8.24it/s, acc=56.7%, loss=0.694]
Epoch 1/3:  94%|█████████▍| 1530/1625 [03:33<00:11,  8.59it/s, acc=56.7%, loss=0.694]
Epoch 1/3:  94%|█████████▍| 1530/1625 [03:33<00:11,  8.59it/s, acc=56.7%, loss=0.849]
Epoch 1/3:  94%|█████████▍| 1531/1625 [03:33<00:10,  8.81it/s, acc=56.7%, loss=0.849]
Epoch 1/3:  94%|█████████▍| 1531/1625 [03:33<00:10,  8.81it/s, acc=56.7%, loss=0.882]
Epoch 1/3:  94%|█████████▍| 1532/1625 [03:33<00:10,  8.97it/s, acc=56.7%, loss=0.882]
Epoch 1/3:  94%|█████████▍| 1532/1625 [03:33<00:10,  8.97it/s, acc=56.7%, loss=0.868]
Epoch 1/3:  94%|█████████▍| 1533/1625 [03:33<00:10,  9.16it/s, acc=56.7%, loss=0.868]
Epoch 1/3:  94%|█████████▍| 1533/1625 [03:34<00:10,  9.16it/s, acc=56.7%, loss=0.989]
Epoch 1/3:  94%|█████████▍| 1534/1625 [03:34<00:10,  8.34it/s, acc=56.7%, loss=0.989]
Epoch 1/3:  94%|█████████▍| 1534/1625 [03:34<00:10,  8.34it/s, acc=56.7%, loss=0.761]
Epoch 1/3:  94%|█████████▍| 1535/1625 [03:34<00:11,  7.74it/s, acc=56.7%, loss=0.761]
Epoch 1/3:  94%|█████████▍| 1535/1625 [03:34<00:11,  7.74it/s, acc=56.7%, loss=0.909]
Epoch 1/3:  95%|█████████▍| 1536/1625 [03:34<00:13,  6.62it/s, acc=56.7%, loss=0.909]
Epoch 1/3:  95%|█████████▍| 1536/1625 [03:34<00:13,  6.62it/s, acc=56.7%, loss=0.834]
Epoch 1/3:  95%|█████████▍| 1537/1625 [03:34<00:12,  7.04it/s, acc=56.7%, loss=0.834]
Epoch 1/3:  95%|█████████▍| 1537/1625 [03:34<00:12,  7.04it/s, acc=56.7%, loss=0.715]
Epoch 1/3:  95%|█████████▍| 1538/1625 [03:34<00:11,  7.36it/s, acc=56.7%, loss=0.715]
Epoch 1/3:  95%|█████████▍| 1538/1625 [03:34<00:11,  7.36it/s, acc=56.7%, loss=0.926]
Epoch 1/3:  95%|█████████▍| 1538/1625 [03:34<00:11,  7.36it/s, acc=56.7%, loss=0.873]
Epoch 1/3:  95%|█████████▍| 1540/1625 [03:34<00:10,  8.39it/s, acc=56.7%, loss=0.873]
Epoch 1/3:  95%|█████████▍| 1540/1625 [03:34<00:10,  8.39it/s, acc=56.7%, loss=0.908]
Epoch 1/3:  95%|█████████▍| 1541/1625 [03:34<00:09,  8.57it/s, acc=56.7%, loss=0.908]
Epoch 1/3:  95%|█████████▍| 1541/1625 [03:35<00:09,  8.57it/s, acc=56.7%, loss=1.003]
Epoch 1/3:  95%|█████████▍| 1542/1625 [03:35<00:09,  8.59it/s, acc=56.7%, loss=1.003]
Epoch 1/3:  95%|█████████▍| 1542/1625 [03:35<00:09,  8.59it/s, acc=56.7%, loss=0.845]
Epoch 1/3:  95%|█████████▍| 1543/1625 [03:35<00:09,  8.40it/s, acc=56.7%, loss=0.845]
Epoch 1/3:  95%|█████████▍| 1543/1625 [03:35<00:09,  8.40it/s, acc=56.7%, loss=0.803]
Epoch 1/3:  95%|█████████▌| 1544/1625 [03:35<00:10,  7.96it/s, acc=56.7%, loss=0.803]
Epoch 1/3:  95%|█████████▌| 1544/1625 [03:35<00:10,  7.96it/s, acc=56.7%, loss=0.822]
Epoch 1/3:  95%|█████████▌| 1545/1625 [03:35<00:10,  7.91it/s, acc=56.7%, loss=0.822]
Epoch 1/3:  95%|█████████▌| 1545/1625 [03:35<00:10,  7.91it/s, acc=56.7%, loss=0.839]
Epoch 1/3:  95%|█████████▌| 1546/1625 [03:35<00:09,  8.39it/s, acc=56.7%, loss=0.839]
Epoch 1/3:  95%|█████████▌| 1546/1625 [03:35<00:09,  8.39it/s, acc=56.8%, loss=0.778]
Epoch 1/3:  95%|█████████▌| 1547/1625 [03:35<00:09,  8.41it/s, acc=56.8%, loss=0.778]
Epoch 1/3:  95%|█████████▌| 1547/1625 [03:35<00:09,  8.41it/s, acc=56.8%, loss=0.877]
Epoch 1/3:  95%|█████████▌| 1548/1625 [03:35<00:10,  7.06it/s, acc=56.8%, loss=0.877]
Epoch 1/3:  95%|█████████▌| 1548/1625 [03:36<00:10,  7.06it/s, acc=56.8%, loss=0.707]
Epoch 1/3:  95%|█████████▌| 1549/1625 [03:36<00:10,  7.56it/s, acc=56.8%, loss=0.707]
Epoch 1/3:  95%|█████████▌| 1549/1625 [03:36<00:10,  7.56it/s, acc=56.8%, loss=0.999]
Epoch 1/3:  95%|█████████▌| 1549/1625 [03:36<00:10,  7.56it/s, acc=56.8%, loss=0.974]
Epoch 1/3:  95%|█████████▌| 1551/1625 [03:36<00:08,  8.35it/s, acc=56.8%, loss=0.974]
Epoch 1/3:  95%|█████████▌| 1551/1625 [03:36<00:08,  8.35it/s, acc=56.8%, loss=0.884]
Epoch 1/3:  96%|█████████▌| 1552/1625 [03:36<00:08,  8.49it/s, acc=56.8%, loss=0.884]
Epoch 1/3:  96%|█████████▌| 1552/1625 [03:36<00:08,  8.49it/s, acc=56.8%, loss=0.928]
Epoch 1/3:  96%|█████████▌| 1553/1625 [03:36<00:09,  7.82it/s, acc=56.8%, loss=0.928]
Epoch 1/3:  96%|█████████▌| 1553/1625 [03:36<00:09,  7.82it/s, acc=56.8%, loss=1.082]
Epoch 1/3:  96%|█████████▌| 1554/1625 [03:36<00:10,  6.96it/s, acc=56.8%, loss=1.082]
Epoch 1/3:  96%|█████████▌| 1554/1625 [03:36<00:10,  6.96it/s, acc=56.8%, loss=0.933]
Epoch 1/3:  96%|█████████▌| 1555/1625 [03:36<00:11,  6.33it/s, acc=56.8%, loss=0.933]
Epoch 1/3:  96%|█████████▌| 1555/1625 [03:37<00:11,  6.33it/s, acc=56.8%, loss=0.739]
Epoch 1/3:  96%|█████████▌| 1556/1625 [03:37<00:11,  5.98it/s, acc=56.8%, loss=0.739]
Epoch 1/3:  96%|█████████▌| 1556/1625 [03:37<00:11,  5.98it/s, acc=56.8%, loss=0.837]
Epoch 1/3:  96%|█████████▌| 1557/1625 [03:37<00:11,  5.74it/s, acc=56.8%, loss=0.837]
Epoch 1/3:  96%|█████████▌| 1557/1625 [03:37<00:11,  5.74it/s, acc=56.8%, loss=0.818]
Epoch 1/3:  96%|█████████▌| 1558/1625 [03:37<00:11,  5.60it/s, acc=56.8%, loss=0.818]
Epoch 1/3:  96%|█████████▌| 1558/1625 [03:37<00:11,  5.60it/s, acc=56.8%, loss=0.906]
Epoch 1/3:  96%|█████████▌| 1559/1625 [03:37<00:12,  5.48it/s, acc=56.8%, loss=0.906]
Epoch 1/3:  96%|█████████▌| 1559/1625 [03:37<00:12,  5.48it/s, acc=56.8%, loss=0.728]
Epoch 1/3:  96%|█████████▌| 1560/1625 [03:37<00:12,  5.41it/s, acc=56.8%, loss=0.728]
Epoch 1/3:  96%|█████████▌| 1560/1625 [03:38<00:12,  5.41it/s, acc=56.8%, loss=0.813]
Epoch 1/3:  96%|█████████▌| 1561/1625 [03:38<00:12,  5.33it/s, acc=56.8%, loss=0.813]
Epoch 1/3:  96%|█████████▌| 1561/1625 [03:38<00:12,  5.33it/s, acc=56.8%, loss=0.788]
Epoch 1/3:  96%|█████████▌| 1562/1625 [03:38<00:11,  5.27it/s, acc=56.8%, loss=0.788]
Epoch 1/3:  96%|█████████▌| 1562/1625 [03:38<00:11,  5.27it/s, acc=56.8%, loss=0.870]
Epoch 1/3:  96%|█████████▌| 1563/1625 [03:38<00:11,  5.25it/s, acc=56.8%, loss=0.870]
Epoch 1/3:  96%|█████████▌| 1563/1625 [03:38<00:11,  5.25it/s, acc=56.8%, loss=0.773]
Epoch 1/3:  96%|█████████▌| 1564/1625 [03:38<00:10,  5.66it/s, acc=56.8%, loss=0.773]
Epoch 1/3:  96%|█████████▌| 1564/1625 [03:38<00:10,  5.66it/s, acc=56.8%, loss=0.835]
Epoch 1/3:  96%|█████████▋| 1565/1625 [03:38<00:09,  6.20it/s, acc=56.8%, loss=0.835]
Epoch 1/3:  96%|█████████▋| 1565/1625 [03:38<00:09,  6.20it/s, acc=56.8%, loss=0.784]
Epoch 1/3:  96%|█████████▋| 1566/1625 [03:38<00:08,  6.79it/s, acc=56.8%, loss=0.784]
Epoch 1/3:  96%|█████████▋| 1566/1625 [03:39<00:08,  6.79it/s, acc=56.8%, loss=0.949]
Epoch 1/3:  96%|█████████▋| 1567/1625 [03:39<00:09,  6.24it/s, acc=56.8%, loss=0.949]
Epoch 1/3:  96%|█████████▋| 1567/1625 [03:39<00:09,  6.24it/s, acc=56.8%, loss=1.012]
Epoch 1/3:  96%|█████████▋| 1568/1625 [03:39<00:08,  6.37it/s, acc=56.8%, loss=1.012]
Epoch 1/3:  96%|█████████▋| 1568/1625 [03:39<00:08,  6.37it/s, acc=56.8%, loss=1.032]
Epoch 1/3:  97%|█████████▋| 1569/1625 [03:39<00:08,  6.55it/s, acc=56.8%, loss=1.032]
Epoch 1/3:  97%|█████████▋| 1569/1625 [03:39<00:08,  6.55it/s, acc=56.8%, loss=0.844]
Epoch 1/3:  97%|█████████▋| 1570/1625 [03:39<00:07,  6.91it/s, acc=56.8%, loss=0.844]
Epoch 1/3:  97%|█████████▋| 1570/1625 [03:39<00:07,  6.91it/s, acc=56.8%, loss=1.058]
Epoch 1/3:  97%|█████████▋| 1571/1625 [03:39<00:07,  7.09it/s, acc=56.8%, loss=1.058]
Epoch 1/3:  97%|█████████▋| 1571/1625 [03:39<00:07,  7.09it/s, acc=56.8%, loss=0.876]
Epoch 1/3:  97%|█████████▋| 1572/1625 [03:39<00:08,  6.38it/s, acc=56.8%, loss=0.876]
Epoch 1/3:  97%|█████████▋| 1572/1625 [03:39<00:08,  6.38it/s, acc=56.8%, loss=0.881]
Epoch 1/3:  97%|█████████▋| 1573/1625 [03:39<00:07,  6.78it/s, acc=56.8%, loss=0.881]
Epoch 1/3:  97%|█████████▋| 1573/1625 [03:39<00:07,  6.78it/s, acc=56.8%, loss=0.802]
Epoch 1/3:  97%|█████████▋| 1574/1625 [03:39<00:06,  7.49it/s, acc=56.8%, loss=0.802]
Epoch 1/3:  97%|█████████▋| 1574/1625 [03:40<00:06,  7.49it/s, acc=56.8%, loss=0.819]
Epoch 1/3:  97%|█████████▋| 1574/1625 [03:40<00:06,  7.49it/s, acc=56.8%, loss=0.811]
Epoch 1/3:  97%|█████████▋| 1576/1625 [03:40<00:06,  8.12it/s, acc=56.8%, loss=0.811]
Epoch 1/3:  97%|█████████▋| 1576/1625 [03:40<00:06,  8.12it/s, acc=56.8%, loss=0.923]
Epoch 1/3:  97%|█████████▋| 1577/1625 [03:40<00:06,  7.89it/s, acc=56.8%, loss=0.923]
Epoch 1/3:  97%|█████████▋| 1577/1625 [03:40<00:06,  7.89it/s, acc=56.8%, loss=0.888]
Epoch 1/3:  97%|█████████▋| 1578/1625 [03:40<00:05,  8.25it/s, acc=56.8%, loss=0.888]
Epoch 1/3:  97%|█████████▋| 1578/1625 [03:40<00:05,  8.25it/s, acc=56.8%, loss=0.899]
Epoch 1/3:  97%|█████████▋| 1579/1625 [03:40<00:05,  8.64it/s, acc=56.8%, loss=0.899]
Epoch 1/3:  97%|█████████▋| 1579/1625 [03:40<00:05,  8.64it/s, acc=56.8%, loss=0.751]
Epoch 1/3:  97%|█████████▋| 1580/1625 [03:40<00:05,  7.93it/s, acc=56.8%, loss=0.751]
Epoch 1/3:  97%|█████████▋| 1580/1625 [03:40<00:05,  7.93it/s, acc=56.8%, loss=0.884]
Epoch 1/3:  97%|█████████▋| 1581/1625 [03:40<00:06,  7.27it/s, acc=56.8%, loss=0.884]
Epoch 1/3:  97%|█████████▋| 1581/1625 [03:40<00:06,  7.27it/s, acc=56.8%, loss=0.741]
Epoch 1/3:  97%|█████████▋| 1582/1625 [03:40<00:05,  7.72it/s, acc=56.8%, loss=0.741]
Epoch 1/3:  97%|█████████▋| 1582/1625 [03:41<00:05,  7.72it/s, acc=56.8%, loss=1.006]
Epoch 1/3:  97%|█████████▋| 1583/1625 [03:41<00:05,  7.16it/s, acc=56.8%, loss=1.006]
Epoch 1/3:  97%|█████████▋| 1583/1625 [03:41<00:05,  7.16it/s, acc=56.8%, loss=0.896]
Epoch 1/3:  97%|█████████▋| 1584/1625 [03:41<00:05,  6.88it/s, acc=56.8%, loss=0.896]
Epoch 1/3:  97%|█████████▋| 1584/1625 [03:41<00:05,  6.88it/s, acc=56.8%, loss=0.822]
Epoch 1/3:  98%|█████████▊| 1585/1625 [03:41<00:06,  6.37it/s, acc=56.8%, loss=0.822]
Epoch 1/3:  98%|█████████▊| 1585/1625 [03:41<00:06,  6.37it/s, acc=56.8%, loss=0.780]
Epoch 1/3:  98%|█████████▊| 1586/1625 [03:41<00:06,  6.21it/s, acc=56.8%, loss=0.780]
Epoch 1/3:  98%|█████████▊| 1586/1625 [03:41<00:06,  6.21it/s, acc=56.9%, loss=0.700]
Epoch 1/3:  98%|█████████▊| 1586/1625 [03:41<00:06,  6.21it/s, acc=56.9%, loss=0.904]
Epoch 1/3:  98%|█████████▊| 1588/1625 [03:41<00:04,  7.50it/s, acc=56.9%, loss=0.904]
Epoch 1/3:  98%|█████████▊| 1588/1625 [03:42<00:04,  7.50it/s, acc=56.9%, loss=0.785]
Epoch 1/3:  98%|█████████▊| 1589/1625 [03:42<00:05,  6.80it/s, acc=56.9%, loss=0.785]
Epoch 1/3:  98%|█████████▊| 1589/1625 [03:42<00:05,  6.80it/s, acc=56.9%, loss=0.866]
Epoch 1/3:  98%|█████████▊| 1590/1625 [03:42<00:05,  6.50it/s, acc=56.9%, loss=0.866]
Epoch 1/3:  98%|█████████▊| 1590/1625 [03:42<00:05,  6.50it/s, acc=56.9%, loss=0.878]
Epoch 1/3:  98%|█████████▊| 1591/1625 [03:42<00:04,  6.91it/s, acc=56.9%, loss=0.878]
Epoch 1/3:  98%|█████████▊| 1591/1625 [03:42<00:04,  6.91it/s, acc=56.9%, loss=0.962]
Epoch 1/3:  98%|█████████▊| 1592/1625 [03:42<00:04,  7.42it/s, acc=56.9%, loss=0.962]
Epoch 1/3:  98%|█████████▊| 1592/1625 [03:42<00:04,  7.42it/s, acc=56.9%, loss=0.911]
Epoch 1/3:  98%|█████████▊| 1593/1625 [03:42<00:04,  7.65it/s, acc=56.9%, loss=0.911]
Epoch 1/3:  98%|█████████▊| 1593/1625 [03:42<00:04,  7.65it/s, acc=56.9%, loss=0.938]
Epoch 1/3:  98%|█████████▊| 1594/1625 [03:42<00:04,  7.56it/s, acc=56.9%, loss=0.938]
Epoch 1/3:  98%|█████████▊| 1594/1625 [03:42<00:04,  7.56it/s, acc=56.9%, loss=0.798]
Epoch 1/3:  98%|█████████▊| 1595/1625 [03:42<00:04,  7.19it/s, acc=56.9%, loss=0.798]
Epoch 1/3:  98%|█████████▊| 1595/1625 [03:42<00:04,  7.19it/s, acc=56.9%, loss=0.767]
Epoch 1/3:  98%|█████████▊| 1596/1625 [03:42<00:03,  7.78it/s, acc=56.9%, loss=0.767]
Epoch 1/3:  98%|█████████▊| 1596/1625 [03:43<00:03,  7.78it/s, acc=56.9%, loss=0.697]
Epoch 1/3:  98%|█████████▊| 1597/1625 [03:43<00:03,  7.31it/s, acc=56.9%, loss=0.697]
Epoch 1/3:  98%|█████████▊| 1597/1625 [03:43<00:03,  7.31it/s, acc=56.9%, loss=0.853]
Epoch 1/3:  98%|█████████▊| 1598/1625 [03:43<00:03,  7.61it/s, acc=56.9%, loss=0.853]
Epoch 1/3:  98%|█████████▊| 1598/1625 [03:43<00:03,  7.61it/s, acc=56.9%, loss=0.791]
Epoch 1/3:  98%|█████████▊| 1599/1625 [03:43<00:03,  7.66it/s, acc=56.9%, loss=0.791]
Epoch 1/3:  98%|█████████▊| 1599/1625 [03:43<00:03,  7.66it/s, acc=56.9%, loss=1.084]
Epoch 1/3:  98%|█████████▊| 1600/1625 [03:43<00:03,  8.16it/s, acc=56.9%, loss=1.084]
Epoch 1/3:  98%|█████████▊| 1600/1625 [03:43<00:03,  8.16it/s, acc=56.9%, loss=1.018]
Epoch 1/3:  99%|█████████▊| 1601/1625 [03:43<00:02,  8.25it/s, acc=56.9%, loss=1.018]
Epoch 1/3:  99%|█████████▊| 1601/1625 [03:43<00:02,  8.25it/s, acc=56.9%, loss=0.788]
Epoch 1/3:  99%|█████████▊| 1602/1625 [03:43<00:02,  8.35it/s, acc=56.9%, loss=0.788]
Epoch 1/3:  99%|█████████▊| 1602/1625 [03:43<00:02,  8.35it/s, acc=56.9%, loss=0.792]
Epoch 1/3:  99%|█████████▊| 1603/1625 [03:43<00:02,  8.32it/s, acc=56.9%, loss=0.792]
Epoch 1/3:  99%|█████████▊| 1603/1625 [03:43<00:02,  8.32it/s, acc=56.9%, loss=0.678]
Epoch 1/3:  99%|█████████▊| 1604/1625 [03:43<00:02,  8.46it/s, acc=56.9%, loss=0.678]
Epoch 1/3:  99%|█████████▊| 1604/1625 [03:44<00:02,  8.46it/s, acc=56.9%, loss=0.853]
Epoch 1/3:  99%|█████████▉| 1605/1625 [03:44<00:02,  8.72it/s, acc=56.9%, loss=0.853]
Epoch 1/3:  99%|█████████▉| 1605/1625 [03:44<00:02,  8.72it/s, acc=56.9%, loss=0.719]
Epoch 1/3:  99%|█████████▉| 1606/1625 [03:44<00:02,  8.61it/s, acc=56.9%, loss=0.719]
Epoch 1/3:  99%|█████████▉| 1606/1625 [03:44<00:02,  8.61it/s, acc=56.9%, loss=0.949]
Epoch 1/3:  99%|█████████▉| 1607/1625 [03:44<00:02,  7.47it/s, acc=56.9%, loss=0.949]
Epoch 1/3:  99%|█████████▉| 1607/1625 [03:44<00:02,  7.47it/s, acc=56.9%, loss=0.745]
Epoch 1/3:  99%|█████████▉| 1608/1625 [03:44<00:02,  6.04it/s, acc=56.9%, loss=0.745]
Epoch 1/3:  99%|█████████▉| 1608/1625 [03:44<00:02,  6.04it/s, acc=56.9%, loss=0.942]
Epoch 1/3:  99%|█████████▉| 1609/1625 [03:44<00:02,  5.41it/s, acc=56.9%, loss=0.942]
Epoch 1/3:  99%|█████████▉| 1609/1625 [03:44<00:02,  5.41it/s, acc=56.9%, loss=0.813]
Epoch 1/3:  99%|█████████▉| 1610/1625 [03:44<00:02,  5.46it/s, acc=56.9%, loss=0.813]
Epoch 1/3:  99%|█████████▉| 1610/1625 [03:45<00:02,  5.46it/s, acc=56.9%, loss=0.747]
Epoch 1/3:  99%|█████████▉| 1611/1625 [03:45<00:02,  5.37it/s, acc=56.9%, loss=0.747]
Epoch 1/3:  99%|█████████▉| 1611/1625 [03:45<00:02,  5.37it/s, acc=56.9%, loss=0.758]
Epoch 1/3:  99%|█████████▉| 1612/1625 [03:45<00:02,  5.48it/s, acc=56.9%, loss=0.758]
Epoch 1/3:  99%|█████████▉| 1612/1625 [03:45<00:02,  5.48it/s, acc=56.9%, loss=0.789]
Epoch 1/3:  99%|█████████▉| 1613/1625 [03:45<00:02,  5.87it/s, acc=56.9%, loss=0.789]
Epoch 1/3:  99%|█████████▉| 1613/1625 [03:45<00:02,  5.87it/s, acc=56.9%, loss=1.017]
Epoch 1/3:  99%|█████████▉| 1614/1625 [03:45<00:01,  6.20it/s, acc=56.9%, loss=1.017]
Epoch 1/3:  99%|█████████▉| 1614/1625 [03:45<00:01,  6.20it/s, acc=56.9%, loss=0.782]
Epoch 1/3:  99%|█████████▉| 1615/1625 [03:45<00:01,  6.16it/s, acc=56.9%, loss=0.782]
Epoch 1/3:  99%|█████████▉| 1615/1625 [03:45<00:01,  6.16it/s, acc=56.9%, loss=0.740]
Epoch 1/3:  99%|█████████▉| 1616/1625 [03:45<00:01,  5.99it/s, acc=56.9%, loss=0.740]
Epoch 1/3:  99%|█████████▉| 1616/1625 [03:46<00:01,  5.99it/s, acc=57.0%, loss=0.747]
Epoch 1/3: 100%|█████████▉| 1617/1625 [03:46<00:01,  5.20it/s, acc=57.0%, loss=0.747]
Epoch 1/3: 100%|█████████▉| 1617/1625 [03:46<00:01,  5.20it/s, acc=56.9%, loss=0.887]
Epoch 1/3: 100%|█████████▉| 1618/1625 [03:46<00:01,  4.80it/s, acc=56.9%, loss=0.887]
Epoch 1/3: 100%|█████████▉| 1618/1625 [03:46<00:01,  4.80it/s, acc=56.9%, loss=0.964]
Epoch 1/3: 100%|█████████▉| 1619/1625 [03:46<00:01,  5.60it/s, acc=56.9%, loss=0.964]
Epoch 1/3: 100%|█████████▉| 1619/1625 [03:46<00:01,  5.60it/s, acc=56.9%, loss=0.988]
Epoch 1/3: 100%|█████████▉| 1619/1625 [03:46<00:01,  5.60it/s, acc=56.9%, loss=0.800]
Epoch 1/3: 100%|█████████▉| 1621/1625 [03:46<00:00,  6.98it/s, acc=56.9%, loss=0.800]
Epoch 1/3: 100%|█████████▉| 1621/1625 [03:46<00:00,  6.98it/s, acc=57.0%, loss=0.718]
Epoch 1/3: 100%|█████████▉| 1621/1625 [03:46<00:00,  6.98it/s, acc=57.0%, loss=0.846]
Epoch 1/3: 100%|█████████▉| 1623/1625 [03:46<00:00,  7.86it/s, acc=57.0%, loss=0.846]
Epoch 1/3: 100%|█████████▉| 1623/1625 [03:47<00:00,  7.86it/s, acc=57.0%, loss=0.914]
Epoch 1/3: 100%|█████████▉| 1624/1625 [03:47<00:00,  8.18it/s, acc=57.0%, loss=0.914]
Epoch 1/3: 100%|█████████▉| 1624/1625 [03:47<00:00,  8.18it/s, acc=57.0%, loss=0.789]
Epoch 1/3: 100%|██████████| 1625/1625 [03:47<00:00,  8.51it/s, acc=57.0%, loss=0.789]
                                                                                     
  E1 | train loss=0.9078 acc=56.97% | val loss=0.8554951036854042 acc=61.97015155011923  [4.7 min]
  ✓ new best val acc=61.97%

Epoch 2/3:   0%|          | 0/1625 [00:00<?, ?it/s]
Epoch 2/3:   0%|          | 0/1625 [00:00<?, ?it/s, acc=71.9%, loss=0.633]
Epoch 2/3:   0%|          | 1/1625 [00:00<17:03,  1.59it/s, acc=71.9%, loss=0.633]
Epoch 2/3:   0%|          | 1/1625 [00:00<17:03,  1.59it/s, acc=75.0%, loss=0.576]
Epoch 2/3:   0%|          | 2/1625 [00:00<09:16,  2.92it/s, acc=75.0%, loss=0.576]
Epoch 2/3:   0%|          | 2/1625 [00:00<09:16,  2.92it/s, acc=70.8%, loss=0.735]
Epoch 2/3:   0%|          | 3/1625 [00:00<06:45,  4.00it/s, acc=70.8%, loss=0.735]
Epoch 2/3:   0%|          | 3/1625 [00:01<06:45,  4.00it/s, acc=74.2%, loss=0.556]
Epoch 2/3:   0%|          | 4/1625 [00:01<05:43,  4.71it/s, acc=74.2%, loss=0.556]
Epoch 2/3:   0%|          | 4/1625 [00:01<05:43,  4.71it/s, acc=73.1%, loss=0.716]
Epoch 2/3:   0%|          | 5/1625 [00:01<05:28,  4.94it/s, acc=73.1%, loss=0.716]
Epoch 2/3:   0%|          | 5/1625 [00:01<05:28,  4.94it/s, acc=74.5%, loss=0.634]
Epoch 2/3:   0%|          | 6/1625 [00:01<04:53,  5.52it/s, acc=74.5%, loss=0.634]
Epoch 2/3:   0%|          | 6/1625 [00:01<04:53,  5.52it/s, acc=74.6%, loss=0.624]
Epoch 2/3:   0%|          | 7/1625 [00:01<04:17,  6.27it/s, acc=74.6%, loss=0.624]
Epoch 2/3:   0%|          | 7/1625 [00:01<04:17,  6.27it/s, acc=70.3%, loss=0.991]
Epoch 2/3:   0%|          | 8/1625 [00:01<03:55,  6.88it/s, acc=70.3%, loss=0.991]
Epoch 2/3:   0%|          | 8/1625 [00:01<03:55,  6.88it/s, acc=70.1%, loss=0.811]
Epoch 2/3:   1%|          | 9/1625 [00:01<03:40,  7.33it/s, acc=70.1%, loss=0.811]
Epoch 2/3:   1%|          | 9/1625 [00:01<03:40,  7.33it/s, acc=69.7%, loss=0.747]
Epoch 2/3:   1%|          | 10/1625 [00:01<03:32,  7.58it/s, acc=69.7%, loss=0.747]
Epoch 2/3:   1%|          | 10/1625 [00:01<03:32,  7.58it/s, acc=69.6%, loss=0.693]
Epoch 2/3:   1%|          | 11/1625 [00:01<03:21,  8.02it/s, acc=69.6%, loss=0.693]
Epoch 2/3:   1%|          | 11/1625 [00:02<03:21,  8.02it/s, acc=69.8%, loss=0.665]
Epoch 2/3:   1%|          | 12/1625 [00:02<03:15,  8.24it/s, acc=69.8%, loss=0.665]
Epoch 2/3:   1%|          | 12/1625 [00:02<03:15,  8.24it/s, acc=70.7%, loss=0.561]
Epoch 2/3:   1%|          | 13/1625 [00:02<03:11,  8.42it/s, acc=70.7%, loss=0.561]
Epoch 2/3:   1%|          | 13/1625 [00:02<03:11,  8.42it/s, acc=71.2%, loss=0.630]
Epoch 2/3:   1%|          | 14/1625 [00:02<03:10,  8.47it/s, acc=71.2%, loss=0.630]
Epoch 2/3:   1%|          | 14/1625 [00:02<03:10,  8.47it/s, acc=70.8%, loss=0.812]
Epoch 2/3:   1%|          | 15/1625 [00:02<03:23,  7.93it/s, acc=70.8%, loss=0.812]
Epoch 2/3:   1%|          | 15/1625 [00:02<03:23,  7.93it/s, acc=70.3%, loss=0.963]
Epoch 2/3:   1%|          | 16/1625 [00:02<03:55,  6.84it/s, acc=70.3%, loss=0.963]
Epoch 2/3:   1%|          | 16/1625 [00:02<03:55,  6.84it/s, acc=70.0%, loss=0.698]
Epoch 2/3:   1%|          | 17/1625 [00:02<04:14,  6.31it/s, acc=70.0%, loss=0.698]
Epoch 2/3:   1%|          | 17/1625 [00:03<04:14,  6.31it/s, acc=69.3%, loss=0.935]
Epoch 2/3:   1%|          | 18/1625 [00:03<04:58,  5.39it/s, acc=69.3%, loss=0.935]
Epoch 2/3:   1%|          | 18/1625 [00:03<04:58,  5.39it/s, acc=70.1%, loss=0.523]
Epoch 2/3:   1%|          | 19/1625 [00:03<05:30,  4.86it/s, acc=70.1%, loss=0.523]
Epoch 2/3:   1%|          | 19/1625 [00:03<05:30,  4.86it/s, acc=70.0%, loss=0.687]
Epoch 2/3:   1%|          | 20/1625 [00:03<04:59,  5.36it/s, acc=70.0%, loss=0.687]
Epoch 2/3:   1%|          | 20/1625 [00:03<04:59,  5.36it/s, acc=69.5%, loss=0.926]
Epoch 2/3:   1%|▏         | 21/1625 [00:03<04:26,  6.02it/s, acc=69.5%, loss=0.926]
Epoch 2/3:   1%|▏         | 21/1625 [00:03<04:26,  6.02it/s, acc=70.2%, loss=0.655]
Epoch 2/3:   1%|▏         | 22/1625 [00:03<03:56,  6.79it/s, acc=70.2%, loss=0.655]
Epoch 2/3:   1%|▏         | 22/1625 [00:03<03:56,  6.79it/s, acc=69.6%, loss=0.961]
Epoch 2/3:   1%|▏         | 23/1625 [00:03<04:15,  6.27it/s, acc=69.6%, loss=0.961]
Epoch 2/3:   1%|▏         | 23/1625 [00:04<04:15,  6.27it/s, acc=69.9%, loss=0.599]
Epoch 2/3:   1%|▏         | 24/1625 [00:04<04:23,  6.07it/s, acc=69.9%, loss=0.599]
Epoch 2/3:   1%|▏         | 24/1625 [00:04<04:23,  6.07it/s, acc=70.1%, loss=0.747]
Epoch 2/3:   2%|▏         | 25/1625 [00:04<04:18,  6.18it/s, acc=70.1%, loss=0.747]
Epoch 2/3:   2%|▏         | 25/1625 [00:04<04:18,  6.18it/s, acc=69.7%, loss=0.851]
Epoch 2/3:   2%|▏         | 26/1625 [00:04<04:19,  6.16it/s, acc=69.7%, loss=0.851]
Epoch 2/3:   2%|▏         | 26/1625 [00:04<04:19,  6.16it/s, acc=69.8%, loss=0.763]
Epoch 2/3:   2%|▏         | 27/1625 [00:04<03:52,  6.88it/s, acc=69.8%, loss=0.763]
Epoch 2/3:   2%|▏         | 27/1625 [00:04<03:52,  6.88it/s, acc=69.9%, loss=0.668]
Epoch 2/3:   2%|▏         | 28/1625 [00:04<03:31,  7.56it/s, acc=69.9%, loss=0.668]
Epoch 2/3:   2%|▏         | 28/1625 [00:04<03:31,  7.56it/s, acc=69.5%, loss=0.802]
Epoch 2/3:   2%|▏         | 29/1625 [00:04<03:20,  7.96it/s, acc=69.5%, loss=0.802]
Epoch 2/3:   2%|▏         | 29/1625 [00:04<03:20,  7.96it/s, acc=69.7%, loss=0.670]
Epoch 2/3:   2%|▏         | 30/1625 [00:04<03:14,  8.22it/s, acc=69.7%, loss=0.670]
Epoch 2/3:   2%|▏         | 30/1625 [00:04<03:14,  8.22it/s, acc=69.9%, loss=0.632]
Epoch 2/3:   2%|▏         | 31/1625 [00:04<03:04,  8.62it/s, acc=69.9%, loss=0.632]
Epoch 2/3:   2%|▏         | 31/1625 [00:05<03:04,  8.62it/s, acc=69.9%, loss=0.698]
Epoch 2/3:   2%|▏         | 32/1625 [00:05<03:10,  8.35it/s, acc=69.9%, loss=0.698]
Epoch 2/3:   2%|▏         | 32/1625 [00:05<03:10,  8.35it/s, acc=69.6%, loss=0.819]
Epoch 2/3:   2%|▏         | 33/1625 [00:05<03:30,  7.57it/s, acc=69.6%, loss=0.819]
Epoch 2/3:   2%|▏         | 33/1625 [00:05<03:30,  7.57it/s, acc=69.4%, loss=0.924]
Epoch 2/3:   2%|▏         | 34/1625 [00:05<03:46,  7.02it/s, acc=69.4%, loss=0.924]
Epoch 2/3:   2%|▏         | 34/1625 [00:05<03:46,  7.02it/s, acc=69.6%, loss=0.601]
Epoch 2/3:   2%|▏         | 35/1625 [00:05<04:07,  6.43it/s, acc=69.6%, loss=0.601]
Epoch 2/3:   2%|▏         | 35/1625 [00:05<04:07,  6.43it/s, acc=69.6%, loss=0.872]
Epoch 2/3:   2%|▏         | 36/1625 [00:05<04:24,  6.02it/s, acc=69.6%, loss=0.872]
Epoch 2/3:   2%|▏         | 36/1625 [00:05<04:24,  6.02it/s, acc=69.5%, loss=0.683]
Epoch 2/3:   2%|▏         | 37/1625 [00:05<04:36,  5.74it/s, acc=69.5%, loss=0.683]
Epoch 2/3:   2%|▏         | 37/1625 [00:06<04:36,  5.74it/s, acc=69.8%, loss=0.538]
Epoch 2/3:   2%|▏         | 38/1625 [00:06<04:33,  5.80it/s, acc=69.8%, loss=0.538]
Epoch 2/3:   2%|▏         | 38/1625 [00:06<04:33,  5.80it/s, acc=69.6%, loss=0.817]
Epoch 2/3:   2%|▏         | 39/1625 [00:06<04:41,  5.63it/s, acc=69.6%, loss=0.817]
Epoch 2/3:   2%|▏         | 39/1625 [00:06<04:41,  5.63it/s, acc=69.8%, loss=0.719]
Epoch 2/3:   2%|▏         | 40/1625 [00:06<04:49,  5.47it/s, acc=69.8%, loss=0.719]
Epoch 2/3:   2%|▏         | 40/1625 [00:06<04:49,  5.47it/s, acc=69.4%, loss=0.984]
Epoch 2/3:   3%|▎         | 41/1625 [00:06<05:01,  5.25it/s, acc=69.4%, loss=0.984]
Epoch 2/3:   3%|▎         | 41/1625 [00:06<05:01,  5.25it/s, acc=69.2%, loss=0.694]
Epoch 2/3:   3%|▎         | 42/1625 [00:06<04:39,  5.67it/s, acc=69.2%, loss=0.694]
Epoch 2/3:   3%|▎         | 42/1625 [00:06<04:39,  5.67it/s, acc=68.9%, loss=0.860]
Epoch 2/3:   3%|▎         | 43/1625 [00:06<04:04,  6.48it/s, acc=68.9%, loss=0.860]
Epoch 2/3:   3%|▎         | 43/1625 [00:07<04:04,  6.48it/s, acc=68.8%, loss=0.728]
Epoch 2/3:   3%|▎         | 44/1625 [00:07<04:15,  6.19it/s, acc=68.8%, loss=0.728]
Epoch 2/3:   3%|▎         | 44/1625 [00:07<04:15,  6.19it/s, acc=68.8%, loss=0.823]
Epoch 2/3:   3%|▎         | 45/1625 [00:07<04:24,  5.98it/s, acc=68.8%, loss=0.823]
Epoch 2/3:   3%|▎         | 45/1625 [00:07<04:24,  5.98it/s, acc=68.5%, loss=0.715]
Epoch 2/3:   3%|▎         | 46/1625 [00:07<04:25,  5.95it/s, acc=68.5%, loss=0.715]
Epoch 2/3:   3%|▎         | 46/1625 [00:07<04:25,  5.95it/s, acc=68.5%, loss=0.735]
Epoch 2/3:   3%|▎         | 47/1625 [00:07<04:28,  5.88it/s, acc=68.5%, loss=0.735]
Epoch 2/3:   3%|▎         | 47/1625 [00:07<04:28,  5.88it/s, acc=68.5%, loss=0.726]
Epoch 2/3:   3%|▎         | 48/1625 [00:07<03:58,  6.60it/s, acc=68.5%, loss=0.726]
Epoch 2/3:   3%|▎         | 48/1625 [00:07<03:58,  6.60it/s, acc=68.6%, loss=0.680]
Epoch 2/3:   3%|▎         | 49/1625 [00:07<03:36,  7.30it/s, acc=68.6%, loss=0.680]
Epoch 2/3:   3%|▎         | 49/1625 [00:07<03:36,  7.30it/s, acc=68.7%, loss=0.673]
Epoch 2/3:   3%|▎         | 50/1625 [00:07<03:24,  7.70it/s, acc=68.7%, loss=0.673]
Epoch 2/3:   3%|▎         | 50/1625 [00:08<03:24,  7.70it/s, acc=68.6%, loss=0.792]
Epoch 2/3:   3%|▎         | 51/1625 [00:08<03:43,  7.05it/s, acc=68.6%, loss=0.792]
Epoch 2/3:   3%|▎         | 51/1625 [00:08<03:43,  7.05it/s, acc=68.5%, loss=0.753]
Epoch 2/3:   3%|▎         | 52/1625 [00:08<04:00,  6.54it/s, acc=68.5%, loss=0.753]
Epoch 2/3:   3%|▎         | 52/1625 [00:08<04:00,  6.54it/s, acc=68.2%, loss=0.985]
Epoch 2/3:   3%|▎         | 53/1625 [00:08<03:35,  7.28it/s, acc=68.2%, loss=0.985]
Epoch 2/3:   3%|▎         | 53/1625 [00:08<03:35,  7.28it/s, acc=68.0%, loss=0.897]
Epoch 2/3:   3%|▎         | 54/1625 [00:08<03:25,  7.65it/s, acc=68.0%, loss=0.897]
Epoch 2/3:   3%|▎         | 54/1625 [00:08<03:25,  7.65it/s, acc=68.0%, loss=0.795]
Epoch 2/3:   3%|▎         | 55/1625 [00:08<03:17,  7.96it/s, acc=68.0%, loss=0.795]
Epoch 2/3:   3%|▎         | 55/1625 [00:08<03:17,  7.96it/s, acc=67.9%, loss=0.740]
Epoch 2/3:   3%|▎         | 55/1625 [00:08<03:17,  7.96it/s, acc=67.8%, loss=0.851]
Epoch 2/3:   4%|▎         | 57/1625 [00:08<02:59,  8.73it/s, acc=67.8%, loss=0.851]
Epoch 2/3:   4%|▎         | 57/1625 [00:08<02:59,  8.73it/s, acc=67.7%, loss=0.734]
Epoch 2/3:   4%|▎         | 58/1625 [00:08<02:54,  8.97it/s, acc=67.7%, loss=0.734]
Epoch 2/3:   4%|▎         | 58/1625 [00:09<02:54,  8.97it/s, acc=68.0%, loss=0.632]
Epoch 2/3:   4%|▎         | 59/1625 [00:09<03:21,  7.75it/s, acc=68.0%, loss=0.632]
Epoch 2/3:   4%|▎         | 59/1625 [00:09<03:21,  7.75it/s, acc=67.8%, loss=0.796]
Epoch 2/3:   4%|▎         | 60/1625 [00:09<03:23,  7.71it/s, acc=67.8%, loss=0.796]
Epoch 2/3:   4%|▎         | 60/1625 [00:09<03:23,  7.71it/s, acc=67.6%, loss=0.845]
Epoch 2/3:   4%|▍         | 61/1625 [00:09<03:16,  7.94it/s, acc=67.6%, loss=0.845]
Epoch 2/3:   4%|▍         | 61/1625 [00:09<03:16,  7.94it/s, acc=67.5%, loss=0.715]
Epoch 2/3:   4%|▍         | 62/1625 [00:09<03:07,  8.34it/s, acc=67.5%, loss=0.715]
Epoch 2/3:   4%|▍         | 62/1625 [00:09<03:07,  8.34it/s, acc=67.6%, loss=0.728]
Epoch 2/3:   4%|▍         | 63/1625 [00:09<02:59,  8.68it/s, acc=67.6%, loss=0.728]
Epoch 2/3:   4%|▍         | 63/1625 [00:09<02:59,  8.68it/s, acc=67.6%, loss=0.742]
Epoch 2/3:   4%|▍         | 64/1625 [00:09<03:01,  8.61it/s, acc=67.6%, loss=0.742]
Epoch 2/3:   4%|▍         | 64/1625 [00:09<03:01,  8.61it/s, acc=67.7%, loss=0.605]
Epoch 2/3:   4%|▍         | 65/1625 [00:09<03:01,  8.62it/s, acc=67.7%, loss=0.605]
Epoch 2/3:   4%|▍         | 65/1625 [00:09<03:01,  8.62it/s, acc=67.7%, loss=0.591]
Epoch 2/3:   4%|▍         | 66/1625 [00:09<02:59,  8.69it/s, acc=67.7%, loss=0.591]
Epoch 2/3:   4%|▍         | 66/1625 [00:10<02:59,  8.69it/s, acc=67.9%, loss=0.583]
Epoch 2/3:   4%|▍         | 67/1625 [00:10<02:57,  8.75it/s, acc=67.9%, loss=0.583]
Epoch 2/3:   4%|▍         | 67/1625 [00:10<02:57,  8.75it/s, acc=68.0%, loss=0.742]
Epoch 2/3:   4%|▍         | 68/1625 [00:10<02:57,  8.79it/s, acc=68.0%, loss=0.742]
Epoch 2/3:   4%|▍         | 68/1625 [00:10<02:57,  8.79it/s, acc=68.1%, loss=0.669]
Epoch 2/3:   4%|▍         | 69/1625 [00:10<02:55,  8.87it/s, acc=68.1%, loss=0.669]
Epoch 2/3:   4%|▍         | 69/1625 [00:10<02:55,  8.87it/s, acc=67.9%, loss=0.859]
Epoch 2/3:   4%|▍         | 70/1625 [00:10<02:56,  8.82it/s, acc=67.9%, loss=0.859]
Epoch 2/3:   4%|▍         | 70/1625 [00:10<02:56,  8.82it/s, acc=67.9%, loss=0.845]
Epoch 2/3:   4%|▍         | 71/1625 [00:10<02:57,  8.75it/s, acc=67.9%, loss=0.845]
Epoch 2/3:   4%|▍         | 71/1625 [00:10<02:57,  8.75it/s, acc=67.9%, loss=0.664]
Epoch 2/3:   4%|▍         | 72/1625 [00:10<02:57,  8.74it/s, acc=67.9%, loss=0.664]
Epoch 2/3:   4%|▍         | 72/1625 [00:10<02:57,  8.74it/s, acc=67.9%, loss=0.673]
Epoch 2/3:   4%|▍         | 73/1625 [00:10<02:56,  8.81it/s, acc=67.9%, loss=0.673]
Epoch 2/3:   4%|▍         | 73/1625 [00:10<02:56,  8.81it/s, acc=67.9%, loss=0.705]
Epoch 2/3:   5%|▍         | 74/1625 [00:10<02:57,  8.74it/s, acc=67.9%, loss=0.705]
Epoch 2/3:   5%|▍         | 74/1625 [00:11<02:57,  8.74it/s, acc=68.0%, loss=0.602]
Epoch 2/3:   5%|▍         | 75/1625 [00:11<03:39,  7.05it/s, acc=68.0%, loss=0.602]
Epoch 2/3:   5%|▍         | 75/1625 [00:11<03:39,  7.05it/s, acc=68.2%, loss=0.689]
Epoch 2/3:   5%|▍         | 76/1625 [00:11<03:39,  7.05it/s, acc=68.2%, loss=0.689]
Epoch 2/3:   5%|▍         | 76/1625 [00:11<03:39,  7.05it/s, acc=68.1%, loss=0.787]
Epoch 2/3:   5%|▍         | 77/1625 [00:11<03:48,  6.77it/s, acc=68.1%, loss=0.787]
Epoch 2/3:   5%|▍         | 77/1625 [00:11<03:48,  6.77it/s, acc=68.2%, loss=0.578]
Epoch 2/3:   5%|▍         | 78/1625 [00:11<04:02,  6.37it/s, acc=68.2%, loss=0.578]
Epoch 2/3:   5%|▍         | 78/1625 [00:11<04:02,  6.37it/s, acc=68.2%, loss=0.659]
Epoch 2/3:   5%|▍         | 79/1625 [00:11<03:48,  6.77it/s, acc=68.2%, loss=0.659]
Epoch 2/3:   5%|▍         | 79/1625 [00:11<03:48,  6.77it/s, acc=68.4%, loss=0.552]
Epoch 2/3:   5%|▍         | 80/1625 [00:11<03:35,  7.18it/s, acc=68.4%, loss=0.552]
Epoch 2/3:   5%|▍         | 80/1625 [00:11<03:35,  7.18it/s, acc=68.4%, loss=0.672]
Epoch 2/3:   5%|▍         | 81/1625 [00:11<03:19,  7.73it/s, acc=68.4%, loss=0.672]
Epoch 2/3:   5%|▍         | 81/1625 [00:12<03:19,  7.73it/s, acc=68.4%, loss=0.828]
Epoch 2/3:   5%|▌         | 82/1625 [00:12<03:28,  7.40it/s, acc=68.4%, loss=0.828]
Epoch 2/3:   5%|▌         | 82/1625 [00:12<03:28,  7.40it/s, acc=68.4%, loss=0.706]
Epoch 2/3:   5%|▌         | 83/1625 [00:12<03:38,  7.05it/s, acc=68.4%, loss=0.706]
Epoch 2/3:   5%|▌         | 83/1625 [00:12<03:38,  7.05it/s, acc=68.4%, loss=0.714]
Epoch 2/3:   5%|▌         | 84/1625 [00:12<03:23,  7.55it/s, acc=68.4%, loss=0.714]
Epoch 2/3:   5%|▌         | 84/1625 [00:12<03:23,  7.55it/s, acc=68.3%, loss=1.040]
Epoch 2/3:   5%|▌         | 85/1625 [00:12<03:11,  8.02it/s, acc=68.3%, loss=1.040]
Epoch 2/3:   5%|▌         | 85/1625 [00:12<03:11,  8.02it/s, acc=68.3%, loss=0.894]
Epoch 2/3:   5%|▌         | 85/1625 [00:12<03:11,  8.02it/s, acc=68.3%, loss=0.778]
Epoch 2/3:   5%|▌         | 87/1625 [00:12<02:56,  8.72it/s, acc=68.3%, loss=0.778]
Epoch 2/3:   5%|▌         | 87/1625 [00:12<02:56,  8.72it/s, acc=68.2%, loss=0.842]
Epoch 2/3:   5%|▌         | 88/1625 [00:12<02:52,  8.92it/s, acc=68.2%, loss=0.842]
Epoch 2/3:   5%|▌         | 88/1625 [00:12<02:52,  8.92it/s, acc=68.2%, loss=0.778]
Epoch 2/3:   5%|▌         | 89/1625 [00:12<03:07,  8.18it/s, acc=68.2%, loss=0.778]
Epoch 2/3:   5%|▌         | 89/1625 [00:13<03:07,  8.18it/s, acc=68.2%, loss=0.696]
Epoch 2/3:   6%|▌         | 90/1625 [00:13<03:23,  7.53it/s, acc=68.2%, loss=0.696]
Epoch 2/3:   6%|▌         | 90/1625 [00:13<03:23,  7.53it/s, acc=68.4%, loss=0.575]
Epoch 2/3:   6%|▌         | 91/1625 [00:13<03:41,  6.93it/s, acc=68.4%, loss=0.575]
Epoch 2/3:   6%|▌         | 91/1625 [00:13<03:41,  6.93it/s, acc=68.4%, loss=0.743]
Epoch 2/3:   6%|▌         | 92/1625 [00:13<03:37,  7.05it/s, acc=68.4%, loss=0.743]
Epoch 2/3:   6%|▌         | 92/1625 [00:13<03:37,  7.05it/s, acc=68.4%, loss=0.703]
Epoch 2/3:   6%|▌         | 93/1625 [00:13<03:25,  7.44it/s, acc=68.4%, loss=0.703]
Epoch 2/3:   6%|▌         | 93/1625 [00:13<03:25,  7.44it/s, acc=68.3%, loss=0.753]
Epoch 2/3:   6%|▌         | 94/1625 [00:13<03:34,  7.13it/s, acc=68.3%, loss=0.753]
Epoch 2/3:   6%|▌         | 94/1625 [00:13<03:34,  7.13it/s, acc=68.3%, loss=0.786]
Epoch 2/3:   6%|▌         | 95/1625 [00:13<03:21,  7.60it/s, acc=68.3%, loss=0.786]
Epoch 2/3:   6%|▌         | 95/1625 [00:13<03:21,  7.60it/s, acc=68.2%, loss=0.931]
Epoch 2/3:   6%|▌         | 96/1625 [00:13<03:22,  7.56it/s, acc=68.2%, loss=0.931]
Epoch 2/3:   6%|▌         | 96/1625 [00:14<03:22,  7.56it/s, acc=68.3%, loss=0.741]
Epoch 2/3:   6%|▌         | 97/1625 [00:14<03:33,  7.17it/s, acc=68.3%, loss=0.741]
Epoch 2/3:   6%|▌         | 97/1625 [00:14<03:33,  7.17it/s, acc=68.2%, loss=0.801]
Epoch 2/3:   6%|▌         | 98/1625 [00:14<03:49,  6.66it/s, acc=68.2%, loss=0.801]
Epoch 2/3:   6%|▌         | 98/1625 [00:14<03:49,  6.66it/s, acc=68.3%, loss=0.555]
Epoch 2/3:   6%|▌         | 99/1625 [00:14<03:48,  6.67it/s, acc=68.3%, loss=0.555]
Epoch 2/3:   6%|▌         | 99/1625 [00:14<03:48,  6.67it/s, acc=68.3%, loss=0.809]
Epoch 2/3:   6%|▌         | 100/1625 [00:14<03:28,  7.31it/s, acc=68.3%, loss=0.809]
Epoch 2/3:   6%|▌         | 100/1625 [00:14<03:28,  7.31it/s, acc=68.4%, loss=0.536]
Epoch 2/3:   6%|▌         | 101/1625 [00:14<03:14,  7.85it/s, acc=68.4%, loss=0.536]
Epoch 2/3:   6%|▌         | 101/1625 [00:14<03:14,  7.85it/s, acc=68.4%, loss=0.959]
Epoch 2/3:   6%|▋         | 102/1625 [00:14<03:04,  8.25it/s, acc=68.4%, loss=0.959]
Epoch 2/3:   6%|▋         | 102/1625 [00:14<03:04,  8.25it/s, acc=68.3%, loss=0.775]
Epoch 2/3:   6%|▋         | 103/1625 [00:14<02:56,  8.62it/s, acc=68.3%, loss=0.775]
Epoch 2/3:   6%|▋         | 103/1625 [00:14<02:56,  8.62it/s, acc=68.2%, loss=0.947]
Epoch 2/3:   6%|▋         | 104/1625 [00:14<03:24,  7.45it/s, acc=68.2%, loss=0.947]
Epoch 2/3:   6%|▋         | 104/1625 [00:15<03:24,  7.45it/s, acc=68.1%, loss=0.753]
Epoch 2/3:   6%|▋         | 105/1625 [00:15<03:39,  6.93it/s, acc=68.1%, loss=0.753]
Epoch 2/3:   6%|▋         | 105/1625 [00:15<03:39,  6.93it/s, acc=68.1%, loss=0.875]
Epoch 2/3:   7%|▋         | 106/1625 [00:15<03:33,  7.13it/s, acc=68.1%, loss=0.875]
Epoch 2/3:   7%|▋         | 106/1625 [00:15<03:33,  7.13it/s, acc=68.2%, loss=0.547]
Epoch 2/3:   7%|▋         | 107/1625 [00:15<03:36,  7.02it/s, acc=68.2%, loss=0.547]
Epoch 2/3:   7%|▋         | 107/1625 [00:15<03:36,  7.02it/s, acc=68.2%, loss=0.727]
Epoch 2/3:   7%|▋         | 108/1625 [00:15<03:38,  6.96it/s, acc=68.2%, loss=0.727]
Epoch 2/3:   7%|▋         | 108/1625 [00:15<03:38,  6.96it/s, acc=68.2%, loss=0.803]
Epoch 2/3:   7%|▋         | 109/1625 [00:15<03:30,  7.19it/s, acc=68.2%, loss=0.803]
Epoch 2/3:   7%|▋         | 109/1625 [00:15<03:30,  7.19it/s, acc=68.1%, loss=0.862]
Epoch 2/3:   7%|▋         | 110/1625 [00:15<03:21,  7.53it/s, acc=68.1%, loss=0.862]
Epoch 2/3:   7%|▋         | 110/1625 [00:15<03:21,  7.53it/s, acc=68.1%, loss=0.879]
Epoch 2/3:   7%|▋         | 111/1625 [00:15<03:06,  8.12it/s, acc=68.1%, loss=0.879]
Epoch 2/3:   7%|▋         | 111/1625 [00:15<03:06,  8.12it/s, acc=68.1%, loss=0.731]
Epoch 2/3:   7%|▋         | 112/1625 [00:15<03:00,  8.40it/s, acc=68.1%, loss=0.731]
Epoch 2/3:   7%|▋         | 112/1625 [00:16<03:00,  8.40it/s, acc=68.3%, loss=0.575]
Epoch 2/3:   7%|▋         | 113/1625 [00:16<03:05,  8.16it/s, acc=68.3%, loss=0.575]
Epoch 2/3:   7%|▋         | 113/1625 [00:16<03:05,  8.16it/s, acc=68.1%, loss=0.866]
Epoch 2/3:   7%|▋         | 114/1625 [00:16<03:00,  8.36it/s, acc=68.1%, loss=0.866]
Epoch 2/3:   7%|▋         | 114/1625 [00:16<03:00,  8.36it/s, acc=68.1%, loss=0.725]
Epoch 2/3:   7%|▋         | 115/1625 [00:16<03:21,  7.51it/s, acc=68.1%, loss=0.725]
Epoch 2/3:   7%|▋         | 115/1625 [00:16<03:21,  7.51it/s, acc=68.0%, loss=0.777]
Epoch 2/3:   7%|▋         | 116/1625 [00:16<03:40,  6.83it/s, acc=68.0%, loss=0.777]
Epoch 2/3:   7%|▋         | 116/1625 [00:16<03:40,  6.83it/s, acc=68.0%, loss=0.833]
Epoch 2/3:   7%|▋         | 117/1625 [00:16<03:25,  7.35it/s, acc=68.0%, loss=0.833]
Epoch 2/3:   7%|▋         | 117/1625 [00:16<03:25,  7.35it/s, acc=67.9%, loss=0.914]
Epoch 2/3:   7%|▋         | 118/1625 [00:16<03:13,  7.80it/s, acc=67.9%, loss=0.914]
Epoch 2/3:   7%|▋         | 118/1625 [00:16<03:13,  7.80it/s, acc=67.9%, loss=0.899]
Epoch 2/3:   7%|▋         | 119/1625 [00:16<03:23,  7.40it/s, acc=67.9%, loss=0.899]
Epoch 2/3:   7%|▋         | 119/1625 [00:17<03:23,  7.40it/s, acc=67.9%, loss=0.814]
Epoch 2/3:   7%|▋         | 120/1625 [00:17<03:07,  8.01it/s, acc=67.9%, loss=0.814]
Epoch 2/3:   7%|▋         | 120/1625 [00:17<03:07,  8.01it/s, acc=67.8%, loss=0.758]
Epoch 2/3:   7%|▋         | 121/1625 [00:17<02:59,  8.39it/s, acc=67.8%, loss=0.758]
Epoch 2/3:   7%|▋         | 121/1625 [00:17<02:59,  8.39it/s, acc=67.6%, loss=1.120]
Epoch 2/3:   8%|▊         | 122/1625 [00:17<02:53,  8.64it/s, acc=67.6%, loss=1.120]
Epoch 2/3:   8%|▊         | 122/1625 [00:17<02:53,  8.64it/s, acc=67.6%, loss=0.796]
Epoch 2/3:   8%|▊         | 122/1625 [00:17<02:53,  8.64it/s, acc=67.6%, loss=0.596]
Epoch 2/3:   8%|▊         | 124/1625 [00:17<02:44,  9.11it/s, acc=67.6%, loss=0.596]
Epoch 2/3:   8%|▊         | 124/1625 [00:17<02:44,  9.11it/s, acc=67.7%, loss=0.707]
Epoch 2/3:   8%|▊         | 125/1625 [00:17<02:56,  8.48it/s, acc=67.7%, loss=0.707]
Epoch 2/3:   8%|▊         | 125/1625 [00:17<02:56,  8.48it/s, acc=67.7%, loss=0.691]
Epoch 2/3:   8%|▊         | 126/1625 [00:17<03:02,  8.23it/s, acc=67.7%, loss=0.691]
Epoch 2/3:   8%|▊         | 126/1625 [00:17<03:02,  8.23it/s, acc=67.7%, loss=0.828]
Epoch 2/3:   8%|▊         | 127/1625 [00:17<02:55,  8.53it/s, acc=67.7%, loss=0.828]
Epoch 2/3:   8%|▊         | 127/1625 [00:17<02:55,  8.53it/s, acc=67.8%, loss=0.672]
Epoch 2/3:   8%|▊         | 128/1625 [00:17<02:50,  8.77it/s, acc=67.8%, loss=0.672]
Epoch 2/3:   8%|▊         | 128/1625 [00:18<02:50,  8.77it/s, acc=67.7%, loss=0.776]
Epoch 2/3:   8%|▊         | 129/1625 [00:18<02:47,  8.91it/s, acc=67.7%, loss=0.776]
Epoch 2/3:   8%|▊         | 129/1625 [00:18<02:47,  8.91it/s, acc=67.7%, loss=0.803]
Epoch 2/3:   8%|▊         | 130/1625 [00:18<02:45,  9.02it/s, acc=67.7%, loss=0.803]
Epoch 2/3:   8%|▊         | 130/1625 [00:18<02:45,  9.02it/s, acc=67.7%, loss=0.848]
Epoch 2/3:   8%|▊         | 131/1625 [00:18<02:44,  9.10it/s, acc=67.7%, loss=0.848]
Epoch 2/3:   8%|▊         | 131/1625 [00:18<02:44,  9.10it/s, acc=67.6%, loss=0.836]
Epoch 2/3:   8%|▊         | 132/1625 [00:18<02:42,  9.17it/s, acc=67.6%, loss=0.836]
Epoch 2/3:   8%|▊         | 132/1625 [00:18<02:42,  9.17it/s, acc=67.7%, loss=0.583]
Epoch 2/3:   8%|▊         | 133/1625 [00:18<02:42,  9.19it/s, acc=67.7%, loss=0.583]
Epoch 2/3:   8%|▊         | 133/1625 [00:18<02:42,  9.19it/s, acc=67.7%, loss=0.776]
Epoch 2/3:   8%|▊         | 134/1625 [00:18<02:44,  9.05it/s, acc=67.7%, loss=0.776]
Epoch 2/3:   8%|▊         | 134/1625 [00:18<02:44,  9.05it/s, acc=67.7%, loss=0.850]
Epoch 2/3:   8%|▊         | 135/1625 [00:18<03:19,  7.46it/s, acc=67.7%, loss=0.850]
Epoch 2/3:   8%|▊         | 135/1625 [00:18<03:19,  7.46it/s, acc=67.7%, loss=0.798]
Epoch 2/3:   8%|▊         | 136/1625 [00:18<03:15,  7.61it/s, acc=67.7%, loss=0.798]
Epoch 2/3:   8%|▊         | 136/1625 [00:19<03:15,  7.61it/s, acc=67.6%, loss=0.818]
Epoch 2/3:   8%|▊         | 137/1625 [00:19<03:21,  7.37it/s, acc=67.6%, loss=0.818]
Epoch 2/3:   8%|▊         | 137/1625 [00:19<03:21,  7.37it/s, acc=67.6%, loss=0.610]
Epoch 2/3:   8%|▊         | 138/1625 [00:19<03:20,  7.40it/s, acc=67.6%, loss=0.610]
Epoch 2/3:   8%|▊         | 138/1625 [00:19<03:20,  7.40it/s, acc=67.6%, loss=0.740]
Epoch 2/3:   9%|▊         | 139/1625 [00:19<03:11,  7.75it/s, acc=67.6%, loss=0.740]
Epoch 2/3:   9%|▊         | 139/1625 [00:19<03:11,  7.75it/s, acc=67.7%, loss=0.644]
Epoch 2/3:   9%|▊         | 140/1625 [00:19<03:05,  8.01it/s, acc=67.7%, loss=0.644]
Epoch 2/3:   9%|▊         | 140/1625 [00:19<03:05,  8.01it/s, acc=67.6%, loss=0.946]
Epoch 2/3:   9%|▊         | 141/1625 [00:19<03:02,  8.13it/s, acc=67.6%, loss=0.946]
Epoch 2/3:   9%|▊         | 141/1625 [00:19<03:02,  8.13it/s, acc=67.5%, loss=0.781]
Epoch 2/3:   9%|▊         | 142/1625 [00:19<03:16,  7.55it/s, acc=67.5%, loss=0.781]
Epoch 2/3:   9%|▊         | 142/1625 [00:19<03:16,  7.55it/s, acc=67.7%, loss=0.575]
Epoch 2/3:   9%|▉         | 143/1625 [00:19<03:55,  6.29it/s, acc=67.7%, loss=0.575]
Epoch 2/3:   9%|▉         | 143/1625 [00:20<03:55,  6.29it/s, acc=67.7%, loss=0.575]
Epoch 2/3:   9%|▉         | 144/1625 [00:20<03:37,  6.81it/s, acc=67.7%, loss=0.575]
Epoch 2/3:   9%|▉         | 144/1625 [00:20<03:37,  6.81it/s, acc=67.7%, loss=0.746]
Epoch 2/3:   9%|▉         | 145/1625 [00:20<03:19,  7.41it/s, acc=67.7%, loss=0.746]
Epoch 2/3:   9%|▉         | 145/1625 [00:20<03:19,  7.41it/s, acc=67.7%, loss=0.683]
Epoch 2/3:   9%|▉         | 146/1625 [00:20<03:14,  7.62it/s, acc=67.7%, loss=0.683]
Epoch 2/3:   9%|▉         | 146/1625 [00:20<03:14,  7.62it/s, acc=67.6%, loss=0.878]
Epoch 2/3:   9%|▉         | 147/1625 [00:20<03:35,  6.86it/s, acc=67.6%, loss=0.878]
Epoch 2/3:   9%|▉         | 147/1625 [00:20<03:35,  6.86it/s, acc=67.7%, loss=0.481]
Epoch 2/3:   9%|▉         | 148/1625 [00:20<03:21,  7.32it/s, acc=67.7%, loss=0.481]
Epoch 2/3:   9%|▉         | 148/1625 [00:20<03:21,  7.32it/s, acc=67.7%, loss=0.784]
Epoch 2/3:   9%|▉         | 149/1625 [00:20<03:06,  7.91it/s, acc=67.7%, loss=0.784]
Epoch 2/3:   9%|▉         | 149/1625 [00:20<03:06,  7.91it/s, acc=67.7%, loss=0.728]
Epoch 2/3:   9%|▉         | 149/1625 [00:20<03:06,  7.91it/s, acc=67.8%, loss=0.530]
Epoch 2/3:   9%|▉         | 151/1625 [00:20<02:48,  8.73it/s, acc=67.8%, loss=0.530]
Epoch 2/3:   9%|▉         | 151/1625 [00:20<02:48,  8.73it/s, acc=67.8%, loss=0.644]
Epoch 2/3:   9%|▉         | 152/1625 [00:20<02:49,  8.70it/s, acc=67.8%, loss=0.644]
Epoch 2/3:   9%|▉         | 152/1625 [00:21<02:49,  8.70it/s, acc=67.9%, loss=0.668]
Epoch 2/3:   9%|▉         | 153/1625 [00:21<02:47,  8.80it/s, acc=67.9%, loss=0.668]
Epoch 2/3:   9%|▉         | 153/1625 [00:21<02:47,  8.80it/s, acc=67.9%, loss=0.714]
Epoch 2/3:   9%|▉         | 154/1625 [00:21<02:46,  8.84it/s, acc=67.9%, loss=0.714]
Epoch 2/3:   9%|▉         | 154/1625 [00:21<02:46,  8.84it/s, acc=67.8%, loss=1.029]
Epoch 2/3:  10%|▉         | 155/1625 [00:21<02:44,  8.94it/s, acc=67.8%, loss=1.029]
Epoch 2/3:  10%|▉         | 155/1625 [00:21<02:44,  8.94it/s, acc=67.8%, loss=0.651]
Epoch 2/3:  10%|▉         | 156/1625 [00:21<03:01,  8.08it/s, acc=67.8%, loss=0.651]
Epoch 2/3:  10%|▉         | 156/1625 [00:21<03:01,  8.08it/s, acc=67.8%, loss=0.732]
Epoch 2/3:  10%|▉         | 157/1625 [00:21<02:53,  8.48it/s, acc=67.8%, loss=0.732]
Epoch 2/3:  10%|▉         | 157/1625 [00:21<02:53,  8.48it/s, acc=67.9%, loss=0.769]
Epoch 2/3:  10%|▉         | 158/1625 [00:21<02:48,  8.72it/s, acc=67.9%, loss=0.769]
Epoch 2/3:  10%|▉         | 158/1625 [00:21<02:48,  8.72it/s, acc=67.9%, loss=0.584]
Epoch 2/3:  10%|▉         | 159/1625 [00:21<03:08,  7.76it/s, acc=67.9%, loss=0.584]
Epoch 2/3:  10%|▉         | 159/1625 [00:21<03:08,  7.76it/s, acc=67.9%, loss=0.790]
Epoch 2/3:  10%|▉         | 160/1625 [00:21<03:03,  7.97it/s, acc=67.9%, loss=0.790]
Epoch 2/3:  10%|▉         | 160/1625 [00:22<03:03,  7.97it/s, acc=67.9%, loss=0.821]
Epoch 2/3:  10%|▉         | 161/1625 [00:22<02:55,  8.33it/s, acc=67.9%, loss=0.821]
Epoch 2/3:  10%|▉         | 161/1625 [00:22<02:55,  8.33it/s, acc=67.9%, loss=0.558]
Epoch 2/3:  10%|▉         | 162/1625 [00:22<03:01,  8.04it/s, acc=67.9%, loss=0.558]
Epoch 2/3:  10%|▉         | 162/1625 [00:22<03:01,  8.04it/s, acc=68.0%, loss=0.625]
Epoch 2/3:  10%|█         | 163/1625 [00:22<02:54,  8.38it/s, acc=68.0%, loss=0.625]
Epoch 2/3:  10%|█         | 163/1625 [00:22<02:54,  8.38it/s, acc=67.9%, loss=0.997]
Epoch 2/3:  10%|█         | 164/1625 [00:22<03:06,  7.83it/s, acc=67.9%, loss=0.997]
Epoch 2/3:  10%|█         | 164/1625 [00:22<03:06,  7.83it/s, acc=67.9%, loss=0.620]
Epoch 2/3:  10%|█         | 165/1625 [00:22<03:29,  6.98it/s, acc=67.9%, loss=0.620]
Epoch 2/3:  10%|█         | 165/1625 [00:22<03:29,  6.98it/s, acc=67.9%, loss=0.650]
Epoch 2/3:  10%|█         | 166/1625 [00:22<03:39,  6.64it/s, acc=67.9%, loss=0.650]
Epoch 2/3:  10%|█         | 166/1625 [00:22<03:39,  6.64it/s, acc=67.9%, loss=0.669]
Epoch 2/3:  10%|█         | 167/1625 [00:22<03:44,  6.48it/s, acc=67.9%, loss=0.669]
Epoch 2/3:  10%|█         | 167/1625 [00:23<03:44,  6.48it/s, acc=67.9%, loss=0.922]
Epoch 2/3:  10%|█         | 168/1625 [00:23<03:49,  6.36it/s, acc=67.9%, loss=0.922]
Epoch 2/3:  10%|█         | 168/1625 [00:23<03:49,  6.36it/s, acc=67.9%, loss=0.603]
Epoch 2/3:  10%|█         | 169/1625 [00:23<03:48,  6.36it/s, acc=67.9%, loss=0.603]
Epoch 2/3:  10%|█         | 169/1625 [00:23<03:48,  6.36it/s, acc=67.9%, loss=0.559]
Epoch 2/3:  10%|█         | 170/1625 [00:23<03:29,  6.96it/s, acc=67.9%, loss=0.559]
Epoch 2/3:  10%|█         | 170/1625 [00:23<03:29,  6.96it/s, acc=67.9%, loss=0.697]
Epoch 2/3:  11%|█         | 171/1625 [00:23<03:28,  6.98it/s, acc=67.9%, loss=0.697]
Epoch 2/3:  11%|█         | 171/1625 [00:23<03:28,  6.98it/s, acc=68.0%, loss=0.713]
Epoch 2/3:  11%|█         | 172/1625 [00:23<03:10,  7.64it/s, acc=68.0%, loss=0.713]
Epoch 2/3:  11%|█         | 172/1625 [00:23<03:10,  7.64it/s, acc=67.9%, loss=0.866]
Epoch 2/3:  11%|█         | 173/1625 [00:23<03:13,  7.49it/s, acc=67.9%, loss=0.866]
Epoch 2/3:  11%|█         | 173/1625 [00:23<03:13,  7.49it/s, acc=67.9%, loss=0.766]
Epoch 2/3:  11%|█         | 174/1625 [00:23<03:39,  6.62it/s, acc=67.9%, loss=0.766]
Epoch 2/3:  11%|█         | 174/1625 [00:24<03:39,  6.62it/s, acc=67.9%, loss=0.742]
Epoch 2/3:  11%|█         | 175/1625 [00:24<03:43,  6.49it/s, acc=67.9%, loss=0.742]
Epoch 2/3:  11%|█         | 175/1625 [00:24<03:43,  6.49it/s, acc=68.0%, loss=0.683]
Epoch 2/3:  11%|█         | 176/1625 [00:24<03:28,  6.94it/s, acc=68.0%, loss=0.683]
Epoch 2/3:  11%|█         | 176/1625 [00:24<03:28,  6.94it/s, acc=67.9%, loss=0.792]
Epoch 2/3:  11%|█         | 177/1625 [00:24<03:20,  7.22it/s, acc=67.9%, loss=0.792]
Epoch 2/3:  11%|█         | 177/1625 [00:24<03:20,  7.22it/s, acc=67.9%, loss=0.739]
Epoch 2/3:  11%|█         | 178/1625 [00:24<03:06,  7.77it/s, acc=67.9%, loss=0.739]
Epoch 2/3:  11%|█         | 178/1625 [00:24<03:06,  7.77it/s, acc=68.0%, loss=0.630]
Epoch 2/3:  11%|█         | 179/1625 [00:24<02:56,  8.20it/s, acc=68.0%, loss=0.630]
Epoch 2/3:  11%|█         | 179/1625 [00:24<02:56,  8.20it/s, acc=68.1%, loss=0.673]
Epoch 2/3:  11%|█         | 180/1625 [00:24<02:54,  8.30it/s, acc=68.1%, loss=0.673]
Epoch 2/3:  11%|█         | 180/1625 [00:24<02:54,  8.30it/s, acc=68.0%, loss=0.987]
Epoch 2/3:  11%|█         | 181/1625 [00:24<02:51,  8.44it/s, acc=68.0%, loss=0.987]
Epoch 2/3:  11%|█         | 181/1625 [00:24<02:51,  8.44it/s, acc=68.0%, loss=0.764]
Epoch 2/3:  11%|█         | 182/1625 [00:24<03:00,  7.98it/s, acc=68.0%, loss=0.764]
Epoch 2/3:  11%|█         | 182/1625 [00:25<03:00,  7.98it/s, acc=68.0%, loss=0.778]
Epoch 2/3:  11%|█▏        | 183/1625 [00:25<03:31,  6.81it/s, acc=68.0%, loss=0.778]
Epoch 2/3:  11%|█▏        | 183/1625 [00:25<03:31,  6.81it/s, acc=68.1%, loss=0.613]
Epoch 2/3:  11%|█▏        | 184/1625 [00:25<03:40,  6.52it/s, acc=68.1%, loss=0.613]
Epoch 2/3:  11%|█▏        | 184/1625 [00:25<03:40,  6.52it/s, acc=68.1%, loss=0.766]
Epoch 2/3:  11%|█▏        | 185/1625 [00:25<03:23,  7.07it/s, acc=68.1%, loss=0.766]
Epoch 2/3:  11%|█▏        | 185/1625 [00:25<03:23,  7.07it/s, acc=68.1%, loss=0.790]
Epoch 2/3:  11%|█▏        | 186/1625 [00:25<03:32,  6.77it/s, acc=68.1%, loss=0.790]
Epoch 2/3:  11%|█▏        | 186/1625 [00:25<03:32,  6.77it/s, acc=68.1%, loss=0.780]
Epoch 2/3:  12%|█▏        | 187/1625 [00:25<03:38,  6.58it/s, acc=68.1%, loss=0.780]
Epoch 2/3:  12%|█▏        | 187/1625 [00:25<03:38,  6.58it/s, acc=68.1%, loss=0.580]
Epoch 2/3:  12%|█▏        | 188/1625 [00:25<03:30,  6.82it/s, acc=68.1%, loss=0.580]
Epoch 2/3:  12%|█▏        | 188/1625 [00:26<03:30,  6.82it/s, acc=68.1%, loss=0.576]
Epoch 2/3:  12%|█▏        | 189/1625 [00:26<03:34,  6.69it/s, acc=68.1%, loss=0.576]
Epoch 2/3:  12%|█▏        | 189/1625 [00:26<03:34,  6.69it/s, acc=68.1%, loss=0.865]
Epoch 2/3:  12%|█▏        | 190/1625 [00:26<03:23,  7.06it/s, acc=68.1%, loss=0.865]
Epoch 2/3:  12%|█▏        | 190/1625 [00:26<03:23,  7.06it/s, acc=68.0%, loss=0.892]
Epoch 2/3:  12%|█▏        | 191/1625 [00:26<03:06,  7.70it/s, acc=68.0%, loss=0.892]
Epoch 2/3:  12%|█▏        | 191/1625 [00:26<03:06,  7.70it/s, acc=68.1%, loss=0.620]
Epoch 2/3:  12%|█▏        | 192/1625 [00:26<02:56,  8.11it/s, acc=68.1%, loss=0.620]
Epoch 2/3:  12%|█▏        | 192/1625 [00:26<02:56,  8.11it/s, acc=68.1%, loss=0.687]
Epoch 2/3:  12%|█▏        | 193/1625 [00:26<02:49,  8.45it/s, acc=68.1%, loss=0.687]
Epoch 2/3:  12%|█▏        | 193/1625 [00:26<02:49,  8.45it/s, acc=68.1%, loss=0.761]
Epoch 2/3:  12%|█▏        | 194/1625 [00:26<03:19,  7.18it/s, acc=68.1%, loss=0.761]
Epoch 2/3:  12%|█▏        | 194/1625 [00:26<03:19,  7.18it/s, acc=68.0%, loss=0.813]
Epoch 2/3:  12%|█▏        | 195/1625 [00:26<03:06,  7.69it/s, acc=68.0%, loss=0.813]
Epoch 2/3:  12%|█▏        | 195/1625 [00:26<03:06,  7.69it/s, acc=68.0%, loss=0.883]
Epoch 2/3:  12%|█▏        | 196/1625 [00:26<03:17,  7.22it/s, acc=68.0%, loss=0.883]
Epoch 2/3:  12%|█▏        | 196/1625 [00:27<03:17,  7.22it/s, acc=67.9%, loss=0.832]
Epoch 2/3:  12%|█▏        | 197/1625 [00:27<03:28,  6.86it/s, acc=67.9%, loss=0.832]
Epoch 2/3:  12%|█▏        | 197/1625 [00:27<03:28,  6.86it/s, acc=68.0%, loss=0.517]
Epoch 2/3:  12%|█▏        | 198/1625 [00:27<03:34,  6.66it/s, acc=68.0%, loss=0.517]
Epoch 2/3:  12%|█▏        | 198/1625 [00:27<03:34,  6.66it/s, acc=68.0%, loss=0.765]
Epoch 2/3:  12%|█▏        | 199/1625 [00:27<03:28,  6.84it/s, acc=68.0%, loss=0.765]
Epoch 2/3:  12%|█▏        | 199/1625 [00:27<03:28,  6.84it/s, acc=68.0%, loss=0.815]
Epoch 2/3:  12%|█▏        | 200/1625 [00:27<03:17,  7.21it/s, acc=68.0%, loss=0.815]
Epoch 2/3:  12%|█▏        | 200/1625 [00:27<03:17,  7.21it/s, acc=68.1%, loss=0.582]
Epoch 2/3:  12%|█▏        | 201/1625 [00:27<03:01,  7.85it/s, acc=68.1%, loss=0.582]
Epoch 2/3:  12%|█▏        | 201/1625 [00:27<03:01,  7.85it/s, acc=68.0%, loss=0.874]
Epoch 2/3:  12%|█▏        | 202/1625 [00:27<03:05,  7.66it/s, acc=68.0%, loss=0.874]
Epoch 2/3:  12%|█▏        | 202/1625 [00:27<03:05,  7.66it/s, acc=68.0%, loss=0.896]
Epoch 2/3:  12%|█▏        | 203/1625 [00:27<03:25,  6.91it/s, acc=68.0%, loss=0.896]
Epoch 2/3:  12%|█▏        | 203/1625 [00:28<03:25,  6.91it/s, acc=68.0%, loss=0.577]
Epoch 2/3:  13%|█▎        | 204/1625 [00:28<03:33,  6.65it/s, acc=68.0%, loss=0.577]
Epoch 2/3:  13%|█▎        | 204/1625 [00:28<03:33,  6.65it/s, acc=68.0%, loss=0.735]
Epoch 2/3:  13%|█▎        | 205/1625 [00:28<03:23,  6.97it/s, acc=68.0%, loss=0.735]
Epoch 2/3:  13%|█▎        | 205/1625 [00:28<03:23,  6.97it/s, acc=68.0%, loss=0.650]
Epoch 2/3:  13%|█▎        | 206/1625 [00:28<03:37,  6.52it/s, acc=68.0%, loss=0.650]
Epoch 2/3:  13%|█▎        | 206/1625 [00:28<03:37,  6.52it/s, acc=68.0%, loss=0.650]
Epoch 2/3:  13%|█▎        | 207/1625 [00:28<03:16,  7.22it/s, acc=68.0%, loss=0.650]
Epoch 2/3:  13%|█▎        | 207/1625 [00:28<03:16,  7.22it/s, acc=68.1%, loss=0.506]
Epoch 2/3:  13%|█▎        | 208/1625 [00:28<03:41,  6.41it/s, acc=68.1%, loss=0.506]
Epoch 2/3:  13%|█▎        | 208/1625 [00:28<03:41,  6.41it/s, acc=68.1%, loss=0.707]
Epoch 2/3:  13%|█▎        | 209/1625 [00:28<03:58,  5.94it/s, acc=68.1%, loss=0.707]
Epoch 2/3:  13%|█▎        | 209/1625 [00:29<03:58,  5.94it/s, acc=68.0%, loss=1.013]
Epoch 2/3:  13%|█▎        | 210/1625 [00:29<04:04,  5.78it/s, acc=68.0%, loss=1.013]
Epoch 2/3:  13%|█▎        | 210/1625 [00:29<04:04,  5.78it/s, acc=68.0%, loss=0.967]
Epoch 2/3:  13%|█▎        | 211/1625 [00:29<03:50,  6.14it/s, acc=68.0%, loss=0.967]
Epoch 2/3:  13%|█▎        | 211/1625 [00:29<03:50,  6.14it/s, acc=67.9%, loss=0.787]
Epoch 2/3:  13%|█▎        | 212/1625 [00:29<03:32,  6.66it/s, acc=67.9%, loss=0.787]
Epoch 2/3:  13%|█▎        | 212/1625 [00:29<03:32,  6.66it/s, acc=68.0%, loss=0.721]
Epoch 2/3:  13%|█▎        | 213/1625 [00:29<03:36,  6.52it/s, acc=68.0%, loss=0.721]
Epoch 2/3:  13%|█▎        | 213/1625 [00:29<03:36,  6.52it/s, acc=67.9%, loss=0.769]
Epoch 2/3:  13%|█▎        | 214/1625 [00:29<03:27,  6.80it/s, acc=67.9%, loss=0.769]
Epoch 2/3:  13%|█▎        | 214/1625 [00:29<03:27,  6.80it/s, acc=68.0%, loss=0.656]
Epoch 2/3:  13%|█▎        | 215/1625 [00:29<03:14,  7.26it/s, acc=68.0%, loss=0.656]
Epoch 2/3:  13%|█▎        | 215/1625 [00:29<03:14,  7.26it/s, acc=67.9%, loss=0.985]
Epoch 2/3:  13%|█▎        | 216/1625 [00:29<03:30,  6.68it/s, acc=67.9%, loss=0.985]
Epoch 2/3:  13%|█▎        | 216/1625 [00:30<03:30,  6.68it/s, acc=67.9%, loss=0.778]
Epoch 2/3:  13%|█▎        | 217/1625 [00:30<03:14,  7.23it/s, acc=67.9%, loss=0.778]
Epoch 2/3:  13%|█▎        | 217/1625 [00:30<03:14,  7.23it/s, acc=67.9%, loss=0.774]
Epoch 2/3:  13%|█▎        | 218/1625 [00:30<03:00,  7.81it/s, acc=67.9%, loss=0.774]
Epoch 2/3:  13%|█▎        | 218/1625 [00:30<03:00,  7.81it/s, acc=67.9%, loss=0.734]
Epoch 2/3:  13%|█▎        | 219/1625 [00:30<02:52,  8.14it/s, acc=67.9%, loss=0.734]
Epoch 2/3:  13%|█▎        | 219/1625 [00:30<02:52,  8.14it/s, acc=67.9%, loss=0.976]
Epoch 2/3:  13%|█▎        | 219/1625 [00:30<02:52,  8.14it/s, acc=67.9%, loss=0.557]
Epoch 2/3:  14%|█▎        | 221/1625 [00:30<02:49,  8.27it/s, acc=67.9%, loss=0.557]
Epoch 2/3:  14%|█▎        | 221/1625 [00:30<02:49,  8.27it/s, acc=67.9%, loss=0.786]
Epoch 2/3:  14%|█▎        | 222/1625 [00:30<03:00,  7.75it/s, acc=67.9%, loss=0.786]
Epoch 2/3:  14%|█▎        | 222/1625 [00:30<03:00,  7.75it/s, acc=68.0%, loss=0.524]
Epoch 2/3:  14%|█▎        | 223/1625 [00:30<03:02,  7.66it/s, acc=68.0%, loss=0.524]
Epoch 2/3:  14%|█▎        | 223/1625 [00:30<03:02,  7.66it/s, acc=68.0%, loss=0.597]
Epoch 2/3:  14%|█▍        | 224/1625 [00:30<03:10,  7.34it/s, acc=68.0%, loss=0.597]
Epoch 2/3:  14%|█▍        | 224/1625 [00:31<03:10,  7.34it/s, acc=68.1%, loss=0.715]
Epoch 2/3:  14%|█▍        | 225/1625 [00:31<03:24,  6.86it/s, acc=68.1%, loss=0.715]
Epoch 2/3:  14%|█▍        | 225/1625 [00:31<03:24,  6.86it/s, acc=68.0%, loss=0.834]
Epoch 2/3:  14%|█▍        | 226/1625 [00:31<03:09,  7.37it/s, acc=68.0%, loss=0.834]
Epoch 2/3:  14%|█▍        | 226/1625 [00:31<03:09,  7.37it/s, acc=68.1%, loss=0.639]
Epoch 2/3:  14%|█▍        | 226/1625 [00:31<03:09,  7.37it/s, acc=68.1%, loss=0.711]
Epoch 2/3:  14%|█▍        | 228/1625 [00:31<03:12,  7.26it/s, acc=68.1%, loss=0.711]
Epoch 2/3:  14%|█▍        | 228/1625 [00:31<03:12,  7.26it/s, acc=68.0%, loss=0.841]
Epoch 2/3:  14%|█▍        | 229/1625 [00:31<03:05,  7.54it/s, acc=68.0%, loss=0.841]
Epoch 2/3:  14%|█▍        | 229/1625 [00:31<03:05,  7.54it/s, acc=68.1%, loss=0.689]
Epoch 2/3:  14%|█▍        | 230/1625 [00:31<03:11,  7.30it/s, acc=68.1%, loss=0.689]
Epoch 2/3:  14%|█▍        | 230/1625 [00:31<03:11,  7.30it/s, acc=68.1%, loss=0.747]
Epoch 2/3:  14%|█▍        | 231/1625 [00:31<03:32,  6.55it/s, acc=68.1%, loss=0.747]
Epoch 2/3:  14%|█▍        | 231/1625 [00:32<03:32,  6.55it/s, acc=68.1%, loss=0.762]
Epoch 2/3:  14%|█▍        | 232/1625 [00:32<03:44,  6.20it/s, acc=68.1%, loss=0.762]
Epoch 2/3:  14%|█▍        | 232/1625 [00:32<03:44,  6.20it/s, acc=68.1%, loss=0.607]
Epoch 2/3:  14%|█▍        | 233/1625 [00:32<03:27,  6.70it/s, acc=68.1%, loss=0.607]
Epoch 2/3:  14%|█▍        | 233/1625 [00:32<03:27,  6.70it/s, acc=68.1%, loss=0.663]
Epoch 2/3:  14%|█▍        | 234/1625 [00:32<03:08,  7.37it/s, acc=68.1%, loss=0.663]
Epoch 2/3:  14%|█▍        | 234/1625 [00:32<03:08,  7.37it/s, acc=68.2%, loss=0.536]
Epoch 2/3:  14%|█▍        | 235/1625 [00:32<02:56,  7.90it/s, acc=68.2%, loss=0.536]
Epoch 2/3:  14%|█▍        | 235/1625 [00:32<02:56,  7.90it/s, acc=68.2%, loss=0.869]
Epoch 2/3:  15%|█▍        | 236/1625 [00:32<02:59,  7.74it/s, acc=68.2%, loss=0.869]
Epoch 2/3:  15%|█▍        | 236/1625 [00:32<02:59,  7.74it/s, acc=68.2%, loss=0.682]
Epoch 2/3:  15%|█▍        | 237/1625 [00:32<02:48,  8.22it/s, acc=68.2%, loss=0.682]
Epoch 2/3:  15%|█▍        | 237/1625 [00:32<02:48,  8.22it/s, acc=68.2%, loss=0.496]
Epoch 2/3:  15%|█▍        | 238/1625 [00:32<02:43,  8.46it/s, acc=68.2%, loss=0.496]
Epoch 2/3:  15%|█▍        | 238/1625 [00:32<02:43,  8.46it/s, acc=68.2%, loss=0.669]
Epoch 2/3:  15%|█▍        | 239/1625 [00:32<02:36,  8.85it/s, acc=68.2%, loss=0.669]
Epoch 2/3:  15%|█▍        | 239/1625 [00:33<02:36,  8.85it/s, acc=68.3%, loss=0.669]
Epoch 2/3:  15%|█▍        | 240/1625 [00:33<02:31,  9.17it/s, acc=68.3%, loss=0.669]
Epoch 2/3:  15%|█▍        | 240/1625 [00:33<02:31,  9.17it/s, acc=68.2%, loss=0.913]
Epoch 2/3:  15%|█▍        | 241/1625 [00:33<02:30,  9.20it/s, acc=68.2%, loss=0.913]
Epoch 2/3:  15%|█▍        | 241/1625 [00:33<02:30,  9.20it/s, acc=68.3%, loss=0.568]
Epoch 2/3:  15%|█▍        | 242/1625 [00:33<02:32,  9.08it/s, acc=68.3%, loss=0.568]
Epoch 2/3:  15%|█▍        | 242/1625 [00:33<02:32,  9.08it/s, acc=68.2%, loss=0.852]
Epoch 2/3:  15%|█▍        | 243/1625 [00:33<02:49,  8.17it/s, acc=68.2%, loss=0.852]
Epoch 2/3:  15%|█▍        | 243/1625 [00:33<02:49,  8.17it/s, acc=68.2%, loss=0.801]
Epoch 2/3:  15%|█▍        | 243/1625 [00:33<02:49,  8.17it/s, acc=68.3%, loss=0.620]
Epoch 2/3:  15%|█▌        | 245/1625 [00:33<03:05,  7.46it/s, acc=68.3%, loss=0.620]
Epoch 2/3:  15%|█▌        | 245/1625 [00:33<03:05,  7.46it/s, acc=68.2%, loss=0.890]
Epoch 2/3:  15%|█▌        | 246/1625 [00:33<03:31,  6.53it/s, acc=68.2%, loss=0.890]
Epoch 2/3:  15%|█▌        | 246/1625 [00:34<03:31,  6.53it/s, acc=68.2%, loss=0.756]
Epoch 2/3:  15%|█▌        | 247/1625 [00:34<03:30,  6.54it/s, acc=68.2%, loss=0.756]
Epoch 2/3:  15%|█▌        | 247/1625 [00:34<03:30,  6.54it/s, acc=68.2%, loss=0.709]
Epoch 2/3:  15%|█▌        | 248/1625 [00:34<03:15,  7.06it/s, acc=68.2%, loss=0.709]
Epoch 2/3:  15%|█▌        | 248/1625 [00:34<03:15,  7.06it/s, acc=68.2%, loss=0.728]
Epoch 2/3:  15%|█▌        | 249/1625 [00:34<03:01,  7.56it/s, acc=68.2%, loss=0.728]
Epoch 2/3:  15%|█▌        | 249/1625 [00:34<03:01,  7.56it/s, acc=68.2%, loss=0.831]
Epoch 2/3:  15%|█▌        | 250/1625 [00:34<02:54,  7.87it/s, acc=68.2%, loss=0.831]
Epoch 2/3:  15%|█▌        | 250/1625 [00:34<02:54,  7.87it/s, acc=68.2%, loss=0.907]
Epoch 2/3:  15%|█▌        | 251/1625 [00:34<02:50,  8.06it/s, acc=68.2%, loss=0.907]
Epoch 2/3:  15%|█▌        | 251/1625 [00:34<02:50,  8.06it/s, acc=68.2%, loss=0.923]
Epoch 2/3:  16%|█▌        | 252/1625 [00:34<02:56,  7.76it/s, acc=68.2%, loss=0.923]
Epoch 2/3:  16%|█▌        | 252/1625 [00:34<02:56,  7.76it/s, acc=68.2%, loss=0.856]
Epoch 2/3:  16%|█▌        | 253/1625 [00:34<02:57,  7.74it/s, acc=68.2%, loss=0.856]
Epoch 2/3:  16%|█▌        | 253/1625 [00:34<02:57,  7.74it/s, acc=68.1%, loss=0.792]
Epoch 2/3:  16%|█▌        | 253/1625 [00:35<02:57,  7.74it/s, acc=68.1%, loss=0.815]
Epoch 2/3:  16%|█▌        | 255/1625 [00:35<02:53,  7.89it/s, acc=68.1%, loss=0.815]
Epoch 2/3:  16%|█▌        | 255/1625 [00:35<02:53,  7.89it/s, acc=68.2%, loss=0.572]
Epoch 2/3:  16%|█▌        | 256/1625 [00:35<03:11,  7.17it/s, acc=68.2%, loss=0.572]
Epoch 2/3:  16%|█▌        | 256/1625 [00:35<03:11,  7.17it/s, acc=68.2%, loss=0.654]
Epoch 2/3:  16%|█▌        | 257/1625 [00:35<03:27,  6.58it/s, acc=68.2%, loss=0.654]
Epoch 2/3:  16%|█▌        | 257/1625 [00:35<03:27,  6.58it/s, acc=68.1%, loss=0.842]
Epoch 2/3:  16%|█▌        | 258/1625 [00:35<03:20,  6.83it/s, acc=68.1%, loss=0.842]
Epoch 2/3:  16%|█▌        | 258/1625 [00:35<03:20,  6.83it/s, acc=68.1%, loss=0.771]
Epoch 2/3:  16%|█▌        | 259/1625 [00:35<03:05,  7.38it/s, acc=68.1%, loss=0.771]
Epoch 2/3:  16%|█▌        | 259/1625 [00:35<03:05,  7.38it/s, acc=68.1%, loss=0.758]
Epoch 2/3:  16%|█▌        | 260/1625 [00:35<03:22,  6.73it/s, acc=68.1%, loss=0.758]
Epoch 2/3:  16%|█▌        | 260/1625 [00:35<03:22,  6.73it/s, acc=68.1%, loss=0.825]
Epoch 2/3:  16%|█▌        | 261/1625 [00:35<03:29,  6.50it/s, acc=68.1%, loss=0.825]
Epoch 2/3:  16%|█▌        | 261/1625 [00:36<03:29,  6.50it/s, acc=68.1%, loss=0.794]
Epoch 2/3:  16%|█▌        | 262/1625 [00:36<03:12,  7.08it/s, acc=68.1%, loss=0.794]
Epoch 2/3:  16%|█▌        | 262/1625 [00:36<03:12,  7.08it/s, acc=68.1%, loss=0.656]
Epoch 2/3:  16%|█▌        | 263/1625 [00:36<03:00,  7.53it/s, acc=68.1%, loss=0.656]
Epoch 2/3:  16%|█▌        | 263/1625 [00:36<03:00,  7.53it/s, acc=68.1%, loss=0.699]
Epoch 2/3:  16%|█▌        | 264/1625 [00:36<02:51,  7.92it/s, acc=68.1%, loss=0.699]
Epoch 2/3:  16%|█▌        | 264/1625 [00:36<02:51,  7.92it/s, acc=68.1%, loss=0.647]
Epoch 2/3:  16%|█▋        | 265/1625 [00:36<02:45,  8.23it/s, acc=68.1%, loss=0.647]
Epoch 2/3:  16%|█▋        | 265/1625 [00:36<02:45,  8.23it/s, acc=68.1%, loss=0.787]
Epoch 2/3:  16%|█▋        | 266/1625 [00:36<02:38,  8.60it/s, acc=68.1%, loss=0.787]
Epoch 2/3:  16%|█▋        | 266/1625 [00:36<02:38,  8.60it/s, acc=68.1%, loss=0.867]
Epoch 2/3:  16%|█▋        | 267/1625 [00:36<02:39,  8.53it/s, acc=68.1%, loss=0.867]
Epoch 2/3:  16%|█▋        | 267/1625 [00:36<02:39,  8.53it/s, acc=68.1%, loss=0.830]
Epoch 2/3:  16%|█▋        | 268/1625 [00:36<02:37,  8.59it/s, acc=68.1%, loss=0.830]
Epoch 2/3:  16%|█▋        | 268/1625 [00:36<02:37,  8.59it/s, acc=68.0%, loss=0.852]
Epoch 2/3:  17%|█▋        | 269/1625 [00:36<02:37,  8.59it/s, acc=68.0%, loss=0.852]
Epoch 2/3:  17%|█▋        | 269/1625 [00:37<02:37,  8.59it/s, acc=68.0%, loss=0.638]
Epoch 2/3:  17%|█▋        | 270/1625 [00:37<02:36,  8.66it/s, acc=68.0%, loss=0.638]
Epoch 2/3:  17%|█▋        | 270/1625 [00:37<02:36,  8.66it/s, acc=68.0%, loss=0.696]
Epoch 2/3:  17%|█▋        | 271/1625 [00:37<02:41,  8.39it/s, acc=68.0%, loss=0.696]
Epoch 2/3:  17%|█▋        | 271/1625 [00:37<02:41,  8.39it/s, acc=68.0%, loss=0.922]
Epoch 2/3:  17%|█▋        | 272/1625 [00:37<02:43,  8.28it/s, acc=68.0%, loss=0.922]
Epoch 2/3:  17%|█▋        | 272/1625 [00:37<02:43,  8.28it/s, acc=68.0%, loss=0.567]
Epoch 2/3:  17%|█▋        | 273/1625 [00:37<02:39,  8.50it/s, acc=68.0%, loss=0.567]
Epoch 2/3:  17%|█▋        | 273/1625 [00:37<02:39,  8.50it/s, acc=68.0%, loss=0.833]
Epoch 2/3:  17%|█▋        | 274/1625 [00:37<02:40,  8.42it/s, acc=68.0%, loss=0.833]
Epoch 2/3:  17%|█▋        | 274/1625 [00:37<02:40,  8.42it/s, acc=68.0%, loss=0.683]
Epoch 2/3:  17%|█▋        | 275/1625 [00:37<02:58,  7.58it/s, acc=68.0%, loss=0.683]
Epoch 2/3:  17%|█▋        | 275/1625 [00:37<02:58,  7.58it/s, acc=68.0%, loss=0.958]
Epoch 2/3:  17%|█▋        | 276/1625 [00:37<03:03,  7.35it/s, acc=68.0%, loss=0.958]
Epoch 2/3:  17%|█▋        | 276/1625 [00:37<03:03,  7.35it/s, acc=68.0%, loss=0.638]
Epoch 2/3:  17%|█▋        | 277/1625 [00:37<03:00,  7.45it/s, acc=68.0%, loss=0.638]
Epoch 2/3:  17%|█▋        | 277/1625 [00:38<03:00,  7.45it/s, acc=68.0%, loss=0.710]
Epoch 2/3:  17%|█▋        | 278/1625 [00:38<02:54,  7.72it/s, acc=68.0%, loss=0.710]
Epoch 2/3:  17%|█▋        | 278/1625 [00:38<02:54,  7.72it/s, acc=68.0%, loss=0.674]
Epoch 2/3:  17%|█▋        | 279/1625 [00:38<02:49,  7.95it/s, acc=68.0%, loss=0.674]
Epoch 2/3:  17%|█▋        | 279/1625 [00:38<02:49,  7.95it/s, acc=68.0%, loss=0.738]
Epoch 2/3:  17%|█▋        | 280/1625 [00:38<02:48,  8.01it/s, acc=68.0%, loss=0.738]
Epoch 2/3:  17%|█▋        | 280/1625 [00:38<02:48,  8.01it/s, acc=67.9%, loss=0.782]
Epoch 2/3:  17%|█▋        | 281/1625 [00:38<02:44,  8.16it/s, acc=67.9%, loss=0.782]
Epoch 2/3:  17%|█▋        | 281/1625 [00:38<02:44,  8.16it/s, acc=68.0%, loss=0.693]
Epoch 2/3:  17%|█▋        | 281/1625 [00:38<02:44,  8.16it/s, acc=68.0%, loss=0.464]
Epoch 2/3:  17%|█▋        | 283/1625 [00:38<02:34,  8.70it/s, acc=68.0%, loss=0.464]
Epoch 2/3:  17%|█▋        | 283/1625 [00:38<02:34,  8.70it/s, acc=68.0%, loss=0.826]
Epoch 2/3:  17%|█▋        | 284/1625 [00:38<02:45,  8.11it/s, acc=68.0%, loss=0.826]
Epoch 2/3:  17%|█▋        | 284/1625 [00:38<02:45,  8.11it/s, acc=68.0%, loss=0.556]
Epoch 2/3:  18%|█▊        | 285/1625 [00:38<02:38,  8.48it/s, acc=68.0%, loss=0.556]
Epoch 2/3:  18%|█▊        | 285/1625 [00:38<02:38,  8.48it/s, acc=68.1%, loss=0.686]
Epoch 2/3:  18%|█▊        | 285/1625 [00:39<02:38,  8.48it/s, acc=68.1%, loss=0.642]
Epoch 2/3:  18%|█▊        | 287/1625 [00:39<02:30,  8.90it/s, acc=68.1%, loss=0.642]
Epoch 2/3:  18%|█▊        | 287/1625 [00:39<02:30,  8.90it/s, acc=68.1%, loss=0.621]
Epoch 2/3:  18%|█▊        | 287/1625 [00:39<02:30,  8.90it/s, acc=68.1%, loss=0.817]
Epoch 2/3:  18%|█▊        | 289/1625 [00:39<02:39,  8.38it/s, acc=68.1%, loss=0.817]
Epoch 2/3:  18%|█▊        | 289/1625 [00:39<02:39,  8.38it/s, acc=68.1%, loss=1.002]
Epoch 2/3:  18%|█▊        | 290/1625 [00:39<02:40,  8.30it/s, acc=68.1%, loss=1.002]
Epoch 2/3:  18%|█▊        | 290/1625 [00:39<02:40,  8.30it/s, acc=68.1%, loss=0.747]
Epoch 2/3:  18%|█▊        | 291/1625 [00:39<02:36,  8.55it/s, acc=68.1%, loss=0.747]
Epoch 2/3:  18%|█▊        | 291/1625 [00:39<02:36,  8.55it/s, acc=68.1%, loss=0.786]
Epoch 2/3:  18%|█▊        | 292/1625 [00:39<02:34,  8.62it/s, acc=68.1%, loss=0.786]
Epoch 2/3:  18%|█▊        | 292/1625 [00:39<02:34,  8.62it/s, acc=68.0%, loss=0.963]
Epoch 2/3:  18%|█▊        | 292/1625 [00:39<02:34,  8.62it/s, acc=68.0%, loss=0.840]
Epoch 2/3:  18%|█▊        | 294/1625 [00:39<02:31,  8.77it/s, acc=68.0%, loss=0.840]
Epoch 2/3:  18%|█▊        | 294/1625 [00:40<02:31,  8.77it/s, acc=68.1%, loss=0.593]
Epoch 2/3:  18%|█▊        | 295/1625 [00:40<02:48,  7.91it/s, acc=68.1%, loss=0.593]
Epoch 2/3:  18%|█▊        | 295/1625 [00:40<02:48,  7.91it/s, acc=68.1%, loss=0.720]
Epoch 2/3:  18%|█▊        | 296/1625 [00:40<02:43,  8.15it/s, acc=68.1%, loss=0.720]
Epoch 2/3:  18%|█▊        | 296/1625 [00:40<02:43,  8.15it/s, acc=68.0%, loss=1.126]
Epoch 2/3:  18%|█▊        | 297/1625 [00:40<03:01,  7.32it/s, acc=68.0%, loss=1.126]
Epoch 2/3:  18%|█▊        | 297/1625 [00:40<03:01,  7.32it/s, acc=68.0%, loss=0.538]
Epoch 2/3:  18%|█▊        | 298/1625 [00:40<03:40,  6.02it/s, acc=68.0%, loss=0.538]
Epoch 2/3:  18%|█▊        | 298/1625 [00:40<03:40,  6.02it/s, acc=68.0%, loss=0.672]
Epoch 2/3:  18%|█▊        | 299/1625 [00:40<04:05,  5.41it/s, acc=68.0%, loss=0.672]
Epoch 2/3:  18%|█▊        | 299/1625 [00:41<04:05,  5.41it/s, acc=68.0%, loss=0.640]
Epoch 2/3:  18%|█▊        | 300/1625 [00:41<04:07,  5.36it/s, acc=68.0%, loss=0.640]
Epoch 2/3:  18%|█▊        | 300/1625 [00:41<04:07,  5.36it/s, acc=68.0%, loss=0.731]
Epoch 2/3:  19%|█▊        | 301/1625 [00:41<04:04,  5.41it/s, acc=68.0%, loss=0.731]
Epoch 2/3:  19%|█▊        | 301/1625 [00:41<04:04,  5.41it/s, acc=68.0%, loss=0.721]
Epoch 2/3:  19%|█▊        | 302/1625 [00:41<03:35,  6.14it/s, acc=68.0%, loss=0.721]
Epoch 2/3:  19%|█▊        | 302/1625 [00:41<03:35,  6.14it/s, acc=68.1%, loss=0.589]
Epoch 2/3:  19%|█▊        | 303/1625 [00:41<03:18,  6.67it/s, acc=68.1%, loss=0.589]
Epoch 2/3:  19%|█▊        | 303/1625 [00:41<03:18,  6.67it/s, acc=68.1%, loss=0.546]
Epoch 2/3:  19%|█▊        | 304/1625 [00:41<03:24,  6.44it/s, acc=68.1%, loss=0.546]
Epoch 2/3:  19%|█▊        | 304/1625 [00:41<03:24,  6.44it/s, acc=68.1%, loss=0.654]
Epoch 2/3:  19%|█▉        | 305/1625 [00:41<03:24,  6.44it/s, acc=68.1%, loss=0.654]
Epoch 2/3:  19%|█▉        | 305/1625 [00:41<03:24,  6.44it/s, acc=68.1%, loss=0.795]
Epoch 2/3:  19%|█▉        | 305/1625 [00:41<03:24,  6.44it/s, acc=68.1%, loss=0.749]
Epoch 2/3:  19%|█▉        | 307/1625 [00:41<02:58,  7.39it/s, acc=68.1%, loss=0.749]
Epoch 2/3:  19%|█▉        | 307/1625 [00:42<02:58,  7.39it/s, acc=68.2%, loss=0.763]
Epoch 2/3:  19%|█▉        | 308/1625 [00:42<02:48,  7.80it/s, acc=68.2%, loss=0.763]
Epoch 2/3:  19%|█▉        | 308/1625 [00:42<02:48,  7.80it/s, acc=68.1%, loss=1.135]
Epoch 2/3:  19%|█▉        | 309/1625 [00:42<02:40,  8.20it/s, acc=68.1%, loss=1.135]
Epoch 2/3:  19%|█▉        | 309/1625 [00:42<02:40,  8.20it/s, acc=68.1%, loss=0.617]
Epoch 2/3:  19%|█▉        | 310/1625 [00:42<02:56,  7.44it/s, acc=68.1%, loss=0.617]
Epoch 2/3:  19%|█▉        | 310/1625 [00:42<02:56,  7.44it/s, acc=68.1%, loss=0.845]
Epoch 2/3:  19%|█▉        | 311/1625 [00:42<03:24,  6.44it/s, acc=68.1%, loss=0.845]
Epoch 2/3:  19%|█▉        | 311/1625 [00:42<03:24,  6.44it/s, acc=68.1%, loss=0.924]
Epoch 2/3:  19%|█▉        | 312/1625 [00:42<03:20,  6.54it/s, acc=68.1%, loss=0.924]
Epoch 2/3:  19%|█▉        | 312/1625 [00:42<03:20,  6.54it/s, acc=68.1%, loss=0.570]
Epoch 2/3:  19%|█▉        | 313/1625 [00:42<03:30,  6.23it/s, acc=68.1%, loss=0.570]
Epoch 2/3:  19%|█▉        | 313/1625 [00:43<03:30,  6.23it/s, acc=68.2%, loss=0.525]
Epoch 2/3:  19%|█▉        | 314/1625 [00:43<03:13,  6.77it/s, acc=68.2%, loss=0.525]
Epoch 2/3:  19%|█▉        | 314/1625 [00:43<03:13,  6.77it/s, acc=68.2%, loss=0.639]
Epoch 2/3:  19%|█▉        | 315/1625 [00:43<02:59,  7.30it/s, acc=68.2%, loss=0.639]
Epoch 2/3:  19%|█▉        | 315/1625 [00:43<02:59,  7.30it/s, acc=68.2%, loss=0.711]
Epoch 2/3:  19%|█▉        | 316/1625 [00:43<02:48,  7.76it/s, acc=68.2%, loss=0.711]
Epoch 2/3:  19%|█▉        | 316/1625 [00:43<02:48,  7.76it/s, acc=68.2%, loss=0.697]
Epoch 2/3:  19%|█▉        | 316/1625 [00:43<02:48,  7.76it/s, acc=68.2%, loss=0.488]
Epoch 2/3:  20%|█▉        | 318/1625 [00:43<02:33,  8.52it/s, acc=68.2%, loss=0.488]
Epoch 2/3:  20%|█▉        | 318/1625 [00:43<02:33,  8.52it/s, acc=68.2%, loss=0.751]
Epoch 2/3:  20%|█▉        | 319/1625 [00:43<02:28,  8.79it/s, acc=68.2%, loss=0.751]
Epoch 2/3:  20%|█▉        | 319/1625 [00:43<02:28,  8.79it/s, acc=68.2%, loss=0.837]
Epoch 2/3:  20%|█▉        | 319/1625 [00:43<02:28,  8.79it/s, acc=68.1%, loss=0.955]
Epoch 2/3:  20%|█▉        | 321/1625 [00:43<02:43,  7.98it/s, acc=68.1%, loss=0.955]
Epoch 2/3:  20%|█▉        | 321/1625 [00:43<02:43,  7.98it/s, acc=68.1%, loss=0.691]
Epoch 2/3:  20%|█▉        | 322/1625 [00:43<02:49,  7.69it/s, acc=68.1%, loss=0.691]
Epoch 2/3:  20%|█▉        | 322/1625 [00:44<02:49,  7.69it/s, acc=68.2%, loss=0.656]
Epoch 2/3:  20%|█▉        | 323/1625 [00:44<02:43,  7.97it/s, acc=68.2%, loss=0.656]
Epoch 2/3:  20%|█▉        | 323/1625 [00:44<02:43,  7.97it/s, acc=68.1%, loss=0.910]
Epoch 2/3:  20%|█▉        | 323/1625 [00:44<02:43,  7.97it/s, acc=68.1%, loss=0.827]
Epoch 2/3:  20%|██        | 325/1625 [00:44<02:30,  8.67it/s, acc=68.1%, loss=0.827]
Epoch 2/3:  20%|██        | 325/1625 [00:44<02:30,  8.67it/s, acc=68.1%, loss=0.866]
Epoch 2/3:  20%|██        | 326/1625 [00:44<02:35,  8.33it/s, acc=68.1%, loss=0.866]
Epoch 2/3:  20%|██        | 326/1625 [00:44<02:35,  8.33it/s, acc=68.1%, loss=0.804]
Epoch 2/3:  20%|██        | 327/1625 [00:44<02:45,  7.83it/s, acc=68.1%, loss=0.804]
Epoch 2/3:  20%|██        | 327/1625 [00:44<02:45,  7.83it/s, acc=68.1%, loss=0.788]
Epoch 2/3:  20%|██        | 328/1625 [00:44<02:39,  8.15it/s, acc=68.1%, loss=0.788]
Epoch 2/3:  20%|██        | 328/1625 [00:44<02:39,  8.15it/s, acc=68.1%, loss=0.718]
Epoch 2/3:  20%|██        | 329/1625 [00:44<02:34,  8.38it/s, acc=68.1%, loss=0.718]
Epoch 2/3:  20%|██        | 329/1625 [00:44<02:34,  8.38it/s, acc=68.0%, loss=0.980]
Epoch 2/3:  20%|██        | 330/1625 [00:44<02:44,  7.86it/s, acc=68.0%, loss=0.980]
Epoch 2/3:  20%|██        | 330/1625 [00:45<02:44,  7.86it/s, acc=68.0%, loss=0.748]
Epoch 2/3:  20%|██        | 331/1625 [00:45<02:36,  8.28it/s, acc=68.0%, loss=0.748]
Epoch 2/3:  20%|██        | 331/1625 [00:45<02:36,  8.28it/s, acc=68.0%, loss=0.880]
Epoch 2/3:  20%|██        | 332/1625 [00:45<02:31,  8.51it/s, acc=68.0%, loss=0.880]
Epoch 2/3:  20%|██        | 332/1625 [00:45<02:31,  8.51it/s, acc=68.0%, loss=0.621]
Epoch 2/3:  20%|██        | 333/1625 [00:45<02:29,  8.65it/s, acc=68.0%, loss=0.621]
Epoch 2/3:  20%|██        | 333/1625 [00:45<02:29,  8.65it/s, acc=68.1%, loss=0.496]
Epoch 2/3:  20%|██        | 333/1625 [00:45<02:29,  8.65it/s, acc=68.0%, loss=0.976]
Epoch 2/3:  21%|██        | 335/1625 [00:45<02:24,  8.94it/s, acc=68.0%, loss=0.976]
Epoch 2/3:  21%|██        | 335/1625 [00:45<02:24,  8.94it/s, acc=68.1%, loss=0.646]
Epoch 2/3:  21%|██        | 336/1625 [00:45<02:24,  8.90it/s, acc=68.1%, loss=0.646]
Epoch 2/3:  21%|██        | 336/1625 [00:45<02:24,  8.90it/s, acc=68.0%, loss=0.737]
Epoch 2/3:  21%|██        | 337/1625 [00:45<02:32,  8.42it/s, acc=68.0%, loss=0.737]
Epoch 2/3:  21%|██        | 337/1625 [00:45<02:32,  8.42it/s, acc=68.0%, loss=0.687]
Epoch 2/3:  21%|██        | 338/1625 [00:45<02:32,  8.44it/s, acc=68.0%, loss=0.687]
Epoch 2/3:  21%|██        | 338/1625 [00:45<02:32,  8.44it/s, acc=68.0%, loss=0.809]
Epoch 2/3:  21%|██        | 339/1625 [00:45<02:32,  8.46it/s, acc=68.0%, loss=0.809]
Epoch 2/3:  21%|██        | 339/1625 [00:46<02:32,  8.46it/s, acc=68.0%, loss=0.845]
Epoch 2/3:  21%|██        | 340/1625 [00:46<02:30,  8.54it/s, acc=68.0%, loss=0.845]
Epoch 2/3:  21%|██        | 340/1625 [00:46<02:30,  8.54it/s, acc=68.0%, loss=0.727]
Epoch 2/3:  21%|██        | 341/1625 [00:46<02:26,  8.77it/s, acc=68.0%, loss=0.727]
Epoch 2/3:  21%|██        | 341/1625 [00:46<02:26,  8.77it/s, acc=68.1%, loss=0.628]
Epoch 2/3:  21%|██        | 342/1625 [00:46<02:35,  8.24it/s, acc=68.1%, loss=0.628]
Epoch 2/3:  21%|██        | 342/1625 [00:46<02:35,  8.24it/s, acc=68.0%, loss=0.779]
Epoch 2/3:  21%|██        | 343/1625 [00:46<02:28,  8.63it/s, acc=68.0%, loss=0.779]
Epoch 2/3:  21%|██        | 343/1625 [00:46<02:28,  8.63it/s, acc=68.0%, loss=0.767]
Epoch 2/3:  21%|██        | 344/1625 [00:46<02:23,  8.91it/s, acc=68.0%, loss=0.767]
Epoch 2/3:  21%|██        | 344/1625 [00:46<02:23,  8.91it/s, acc=68.0%, loss=0.804]
Epoch 2/3:  21%|██        | 345/1625 [00:46<02:29,  8.54it/s, acc=68.0%, loss=0.804]
Epoch 2/3:  21%|██        | 345/1625 [00:46<02:29,  8.54it/s, acc=68.0%, loss=0.777]
Epoch 2/3:  21%|██▏       | 346/1625 [00:46<02:32,  8.38it/s, acc=68.0%, loss=0.777]
Epoch 2/3:  21%|██▏       | 346/1625 [00:46<02:32,  8.38it/s, acc=68.0%, loss=0.816]
Epoch 2/3:  21%|██▏       | 347/1625 [00:46<02:29,  8.53it/s, acc=68.0%, loss=0.816]
Epoch 2/3:  21%|██▏       | 347/1625 [00:47<02:29,  8.53it/s, acc=68.1%, loss=0.477]
Epoch 2/3:  21%|██▏       | 348/1625 [00:47<02:32,  8.36it/s, acc=68.1%, loss=0.477]
Epoch 2/3:  21%|██▏       | 348/1625 [00:47<02:32,  8.36it/s, acc=68.1%, loss=0.657]
Epoch 2/3:  21%|██▏       | 349/1625 [00:47<02:51,  7.43it/s, acc=68.1%, loss=0.657]
Epoch 2/3:  21%|██▏       | 349/1625 [00:47<02:51,  7.43it/s, acc=68.0%, loss=0.819]
Epoch 2/3:  22%|██▏       | 350/1625 [00:47<03:00,  7.06it/s, acc=68.0%, loss=0.819]
Epoch 2/3:  22%|██▏       | 350/1625 [00:47<03:00,  7.06it/s, acc=68.0%, loss=0.714]
Epoch 2/3:  22%|██▏       | 351/1625 [00:47<03:04,  6.91it/s, acc=68.0%, loss=0.714]
Epoch 2/3:  22%|██▏       | 351/1625 [00:47<03:04,  6.91it/s, acc=68.0%, loss=0.789]
Epoch 2/3:  22%|██▏       | 352/1625 [00:47<02:50,  7.48it/s, acc=68.0%, loss=0.789]
Epoch 2/3:  22%|██▏       | 352/1625 [00:47<02:50,  7.48it/s, acc=68.0%, loss=0.800]
Epoch 2/3:  22%|██▏       | 353/1625 [00:47<02:46,  7.62it/s, acc=68.0%, loss=0.800]
Epoch 2/3:  22%|██▏       | 353/1625 [00:47<02:46,  7.62it/s, acc=68.0%, loss=0.515]
Epoch 2/3:  22%|██▏       | 354/1625 [00:47<02:38,  8.01it/s, acc=68.0%, loss=0.515]
Epoch 2/3:  22%|██▏       | 354/1625 [00:47<02:38,  8.01it/s, acc=68.1%, loss=0.572]
Epoch 2/3:  22%|██▏       | 355/1625 [00:47<02:44,  7.72it/s, acc=68.1%, loss=0.572]
Epoch 2/3:  22%|██▏       | 355/1625 [00:48<02:44,  7.72it/s, acc=68.1%, loss=0.744]
Epoch 2/3:  22%|██▏       | 356/1625 [00:48<02:39,  7.96it/s, acc=68.1%, loss=0.744]
Epoch 2/3:  22%|██▏       | 356/1625 [00:48<02:39,  7.96it/s, acc=68.1%, loss=0.779]
Epoch 2/3:  22%|██▏       | 357/1625 [00:48<02:33,  8.24it/s, acc=68.1%, loss=0.779]
Epoch 2/3:  22%|██▏       | 357/1625 [00:48<02:33,  8.24it/s, acc=68.0%, loss=1.130]
Epoch 2/3:  22%|██▏       | 358/1625 [00:48<02:30,  8.43it/s, acc=68.0%, loss=1.130]
Epoch 2/3:  22%|██▏       | 358/1625 [00:48<02:30,  8.43it/s, acc=68.0%, loss=0.681]
Epoch 2/3:  22%|██▏       | 359/1625 [00:48<02:47,  7.55it/s, acc=68.0%, loss=0.681]
Epoch 2/3:  22%|██▏       | 359/1625 [00:48<02:47,  7.55it/s, acc=68.0%, loss=0.682]
Epoch 2/3:  22%|██▏       | 360/1625 [00:48<02:36,  8.11it/s, acc=68.0%, loss=0.682]
Epoch 2/3:  22%|██▏       | 360/1625 [00:48<02:36,  8.11it/s, acc=68.1%, loss=0.490]
Epoch 2/3:  22%|██▏       | 361/1625 [00:48<02:27,  8.55it/s, acc=68.1%, loss=0.490]
Epoch 2/3:  22%|██▏       | 361/1625 [00:48<02:27,  8.55it/s, acc=68.1%, loss=0.749]
Epoch 2/3:  22%|██▏       | 362/1625 [00:48<02:22,  8.88it/s, acc=68.1%, loss=0.749]
Epoch 2/3:  22%|██▏       | 362/1625 [00:48<02:22,  8.88it/s, acc=68.1%, loss=0.705]
Epoch 2/3:  22%|██▏       | 362/1625 [00:49<02:22,  8.88it/s, acc=68.1%, loss=0.803]
Epoch 2/3:  22%|██▏       | 364/1625 [00:49<02:14,  9.39it/s, acc=68.1%, loss=0.803]
Epoch 2/3:  22%|██▏       | 364/1625 [00:49<02:14,  9.39it/s, acc=68.1%, loss=0.737]
Epoch 2/3:  22%|██▏       | 365/1625 [00:49<02:15,  9.29it/s, acc=68.1%, loss=0.737]
Epoch 2/3:  22%|██▏       | 365/1625 [00:49<02:15,  9.29it/s, acc=68.1%, loss=0.581]
Epoch 2/3:  23%|██▎       | 366/1625 [00:49<02:19,  9.05it/s, acc=68.1%, loss=0.581]
Epoch 2/3:  23%|██▎       | 366/1625 [00:49<02:19,  9.05it/s, acc=68.1%, loss=0.476]
Epoch 2/3:  23%|██▎       | 367/1625 [00:49<02:25,  8.66it/s, acc=68.1%, loss=0.476]
Epoch 2/3:  23%|██▎       | 367/1625 [00:49<02:25,  8.66it/s, acc=68.1%, loss=0.623]
Epoch 2/3:  23%|██▎       | 368/1625 [00:49<02:29,  8.41it/s, acc=68.1%, loss=0.623]
Epoch 2/3:  23%|██▎       | 368/1625 [00:49<02:29,  8.41it/s, acc=68.1%, loss=0.716]
Epoch 2/3:  23%|██▎       | 368/1625 [00:49<02:29,  8.41it/s, acc=68.1%, loss=0.704]
Epoch 2/3:  23%|██▎       | 370/1625 [00:49<02:22,  8.81it/s, acc=68.1%, loss=0.704]
Epoch 2/3:  23%|██▎       | 370/1625 [00:49<02:22,  8.81it/s, acc=68.1%, loss=0.728]
Epoch 2/3:  23%|██▎       | 371/1625 [00:49<02:22,  8.82it/s, acc=68.1%, loss=0.728]
Epoch 2/3:  23%|██▎       | 371/1625 [00:49<02:22,  8.82it/s, acc=68.1%, loss=0.883]
Epoch 2/3:  23%|██▎       | 372/1625 [00:49<02:18,  9.04it/s, acc=68.1%, loss=0.883]
Epoch 2/3:  23%|██▎       | 372/1625 [00:50<02:18,  9.04it/s, acc=68.2%, loss=0.555]
Epoch 2/3:  23%|██▎       | 373/1625 [00:50<02:16,  9.19it/s, acc=68.2%, loss=0.555]
Epoch 2/3:  23%|██▎       | 373/1625 [00:50<02:16,  9.19it/s, acc=68.2%, loss=0.690]
Epoch 2/3:  23%|██▎       | 374/1625 [00:50<02:20,  8.91it/s, acc=68.2%, loss=0.690]
Epoch 2/3:  23%|██▎       | 374/1625 [00:50<02:20,  8.91it/s, acc=68.2%, loss=0.666]
Epoch 2/3:  23%|██▎       | 375/1625 [00:50<02:47,  7.48it/s, acc=68.2%, loss=0.666]
Epoch 2/3:  23%|██▎       | 375/1625 [00:50<02:47,  7.48it/s, acc=68.2%, loss=0.757]
Epoch 2/3:  23%|██▎       | 376/1625 [00:50<03:08,  6.62it/s, acc=68.2%, loss=0.757]
Epoch 2/3:  23%|██▎       | 376/1625 [00:50<03:08,  6.62it/s, acc=68.2%, loss=0.607]
Epoch 2/3:  23%|██▎       | 377/1625 [00:50<03:27,  6.02it/s, acc=68.2%, loss=0.607]
Epoch 2/3:  23%|██▎       | 377/1625 [00:50<03:27,  6.02it/s, acc=68.2%, loss=0.644]
Epoch 2/3:  23%|██▎       | 378/1625 [00:50<03:38,  5.70it/s, acc=68.2%, loss=0.644]
Epoch 2/3:  23%|██▎       | 378/1625 [00:51<03:38,  5.70it/s, acc=68.2%, loss=0.599]
Epoch 2/3:  23%|██▎       | 379/1625 [00:51<03:48,  5.45it/s, acc=68.2%, loss=0.599]
Epoch 2/3:  23%|██▎       | 379/1625 [00:51<03:48,  5.45it/s, acc=68.2%, loss=0.679]
Epoch 2/3:  23%|██▎       | 380/1625 [00:51<03:54,  5.30it/s, acc=68.2%, loss=0.679]
Epoch 2/3:  23%|██▎       | 380/1625 [00:51<03:54,  5.30it/s, acc=68.2%, loss=0.659]
Epoch 2/3:  23%|██▎       | 381/1625 [00:51<04:17,  4.83it/s, acc=68.2%, loss=0.659]
Epoch 2/3:  23%|██▎       | 381/1625 [00:51<04:17,  4.83it/s, acc=68.2%, loss=0.872]
Epoch 2/3:  23%|██▎       | 381/1625 [00:51<04:17,  4.83it/s, acc=68.2%, loss=0.762]
Epoch 2/3:  24%|██▎       | 383/1625 [00:51<03:29,  5.93it/s, acc=68.2%, loss=0.762]
Epoch 2/3:  24%|██▎       | 383/1625 [00:51<03:29,  5.93it/s, acc=68.2%, loss=0.578]
Epoch 2/3:  24%|██▎       | 383/1625 [00:52<03:29,  5.93it/s, acc=68.2%, loss=0.799]
Epoch 2/3:  24%|██▎       | 385/1625 [00:52<02:58,  6.94it/s, acc=68.2%, loss=0.799]
Epoch 2/3:  24%|██▎       | 385/1625 [00:52<02:58,  6.94it/s, acc=68.2%, loss=0.763]
Epoch 2/3:  24%|██▍       | 386/1625 [00:52<02:57,  6.97it/s, acc=68.2%, loss=0.763]
Epoch 2/3:  24%|██▍       | 386/1625 [00:52<02:57,  6.97it/s, acc=68.2%, loss=0.870]
Epoch 2/3:  24%|██▍       | 387/1625 [00:52<02:46,  7.42it/s, acc=68.2%, loss=0.870]
Epoch 2/3:  24%|██▍       | 387/1625 [00:52<02:46,  7.42it/s, acc=68.2%, loss=0.717]
Epoch 2/3:  24%|██▍       | 388/1625 [00:52<03:02,  6.80it/s, acc=68.2%, loss=0.717]
Epoch 2/3:  24%|██▍       | 388/1625 [00:52<03:02,  6.80it/s, acc=68.2%, loss=0.848]
Epoch 2/3:  24%|██▍       | 389/1625 [00:52<03:21,  6.13it/s, acc=68.2%, loss=0.848]
Epoch 2/3:  24%|██▍       | 389/1625 [00:52<03:21,  6.13it/s, acc=68.2%, loss=0.730]
Epoch 2/3:  24%|██▍       | 390/1625 [00:52<03:18,  6.22it/s, acc=68.2%, loss=0.730]
Epoch 2/3:  24%|██▍       | 390/1625 [00:52<03:18,  6.22it/s, acc=68.2%, loss=0.903]
Epoch 2/3:  24%|██▍       | 391/1625 [00:52<03:02,  6.74it/s, acc=68.2%, loss=0.903]
Epoch 2/3:  24%|██▍       | 391/1625 [00:53<03:02,  6.74it/s, acc=68.2%, loss=0.713]
Epoch 2/3:  24%|██▍       | 392/1625 [00:53<02:49,  7.27it/s, acc=68.2%, loss=0.713]
Epoch 2/3:  24%|██▍       | 392/1625 [00:53<02:49,  7.27it/s, acc=68.2%, loss=0.765]
Epoch 2/3:  24%|██▍       | 392/1625 [00:53<02:49,  7.27it/s, acc=68.2%, loss=0.669]
Epoch 2/3:  24%|██▍       | 394/1625 [00:53<02:31,  8.10it/s, acc=68.2%, loss=0.669]
Epoch 2/3:  24%|██▍       | 394/1625 [00:53<02:31,  8.10it/s, acc=68.2%, loss=0.767]
Epoch 2/3:  24%|██▍       | 395/1625 [00:53<02:25,  8.43it/s, acc=68.2%, loss=0.767]
Epoch 2/3:  24%|██▍       | 395/1625 [00:53<02:25,  8.43it/s, acc=68.2%, loss=0.745]
Epoch 2/3:  24%|██▍       | 396/1625 [00:53<02:47,  7.35it/s, acc=68.2%, loss=0.745]
Epoch 2/3:  24%|██▍       | 396/1625 [00:53<02:47,  7.35it/s, acc=68.2%, loss=0.815]
Epoch 2/3:  24%|██▍       | 397/1625 [00:53<02:39,  7.68it/s, acc=68.2%, loss=0.815]
Epoch 2/3:  24%|██▍       | 397/1625 [00:53<02:39,  7.68it/s, acc=68.2%, loss=0.656]
Epoch 2/3:  24%|██▍       | 398/1625 [00:53<02:39,  7.70it/s, acc=68.2%, loss=0.656]
Epoch 2/3:  24%|██▍       | 398/1625 [00:53<02:39,  7.70it/s, acc=68.1%, loss=0.809]
Epoch 2/3:  25%|██▍       | 399/1625 [00:53<02:36,  7.81it/s, acc=68.1%, loss=0.809]
Epoch 2/3:  25%|██▍       | 399/1625 [00:54<02:36,  7.81it/s, acc=68.1%, loss=0.903]
Epoch 2/3:  25%|██▍       | 400/1625 [00:54<02:56,  6.93it/s, acc=68.1%, loss=0.903]
Epoch 2/3:  25%|██▍       | 400/1625 [00:54<02:56,  6.93it/s, acc=68.1%, loss=0.952]
Epoch 2/3:  25%|██▍       | 401/1625 [00:54<03:14,  6.29it/s, acc=68.1%, loss=0.952]
Epoch 2/3:  25%|██▍       | 401/1625 [00:54<03:14,  6.29it/s, acc=68.1%, loss=0.776]
Epoch 2/3:  25%|██▍       | 402/1625 [00:54<03:22,  6.03it/s, acc=68.1%, loss=0.776]
Epoch 2/3:  25%|██▍       | 402/1625 [00:54<03:22,  6.03it/s, acc=68.1%, loss=0.977]
Epoch 2/3:  25%|██▍       | 403/1625 [00:54<03:06,  6.57it/s, acc=68.1%, loss=0.977]
Epoch 2/3:  25%|██▍       | 403/1625 [00:54<03:06,  6.57it/s, acc=68.1%, loss=1.096]
Epoch 2/3:  25%|██▍       | 404/1625 [00:54<03:08,  6.47it/s, acc=68.1%, loss=1.096]
Epoch 2/3:  25%|██▍       | 404/1625 [00:54<03:08,  6.47it/s, acc=68.1%, loss=0.773]
Epoch 2/3:  25%|██▍       | 405/1625 [00:54<03:28,  5.86it/s, acc=68.1%, loss=0.773]
Epoch 2/3:  25%|██▍       | 405/1625 [00:55<03:28,  5.86it/s, acc=68.1%, loss=0.744]
Epoch 2/3:  25%|██▍       | 406/1625 [00:55<03:59,  5.09it/s, acc=68.1%, loss=0.744]
Epoch 2/3:  25%|██▍       | 406/1625 [00:55<03:59,  5.09it/s, acc=68.1%, loss=0.619]
Epoch 2/3:  25%|██▌       | 407/1625 [00:55<04:08,  4.91it/s, acc=68.1%, loss=0.619]
Epoch 2/3:  25%|██▌       | 407/1625 [00:55<04:08,  4.91it/s, acc=68.1%, loss=0.874]
Epoch 2/3:  25%|██▌       | 408/1625 [00:55<03:43,  5.44it/s, acc=68.1%, loss=0.874]
Epoch 2/3:  25%|██▌       | 408/1625 [00:55<03:43,  5.44it/s, acc=68.0%, loss=0.705]
Epoch 2/3:  25%|██▌       | 409/1625 [00:55<03:36,  5.61it/s, acc=68.0%, loss=0.705]
Epoch 2/3:  25%|██▌       | 409/1625 [00:55<03:36,  5.61it/s, acc=68.0%, loss=0.915]
Epoch 2/3:  25%|██▌       | 410/1625 [00:55<03:31,  5.74it/s, acc=68.0%, loss=0.915]
Epoch 2/3:  25%|██▌       | 410/1625 [00:56<03:31,  5.74it/s, acc=68.0%, loss=0.648]
Epoch 2/3:  25%|██▌       | 411/1625 [00:56<03:29,  5.81it/s, acc=68.0%, loss=0.648]
Epoch 2/3:  25%|██▌       | 411/1625 [00:56<03:29,  5.81it/s, acc=68.0%, loss=0.935]
Epoch 2/3:  25%|██▌       | 412/1625 [00:56<03:05,  6.55it/s, acc=68.0%, loss=0.935]
Epoch 2/3:  25%|██▌       | 412/1625 [00:56<03:05,  6.55it/s, acc=68.0%, loss=0.662]
Epoch 2/3:  25%|██▌       | 413/1625 [00:56<02:53,  7.00it/s, acc=68.0%, loss=0.662]
Epoch 2/3:  25%|██▌       | 413/1625 [00:56<02:53,  7.00it/s, acc=68.0%, loss=0.646]
Epoch 2/3:  25%|██▌       | 414/1625 [00:56<02:46,  7.29it/s, acc=68.0%, loss=0.646]
Epoch 2/3:  25%|██▌       | 414/1625 [00:56<02:46,  7.29it/s, acc=68.0%, loss=0.793]
Epoch 2/3:  26%|██▌       | 415/1625 [00:56<02:38,  7.62it/s, acc=68.0%, loss=0.793]
Epoch 2/3:  26%|██▌       | 415/1625 [00:56<02:38,  7.62it/s, acc=68.0%, loss=0.695]
Epoch 2/3:  26%|██▌       | 416/1625 [00:56<02:32,  7.94it/s, acc=68.0%, loss=0.695]
Epoch 2/3:  26%|██▌       | 416/1625 [00:56<02:32,  7.94it/s, acc=68.0%, loss=0.716]
Epoch 2/3:  26%|██▌       | 417/1625 [00:56<02:51,  7.03it/s, acc=68.0%, loss=0.716]
Epoch 2/3:  26%|██▌       | 417/1625 [00:56<02:51,  7.03it/s, acc=68.0%, loss=0.698]
Epoch 2/3:  26%|██▌       | 417/1625 [00:57<02:51,  7.03it/s, acc=68.0%, loss=0.699]
Epoch 2/3:  26%|██▌       | 419/1625 [00:57<02:27,  8.20it/s, acc=68.0%, loss=0.699]
Epoch 2/3:  26%|██▌       | 419/1625 [00:57<02:27,  8.20it/s, acc=68.1%, loss=0.593]
Epoch 2/3:  26%|██▌       | 420/1625 [00:57<02:20,  8.56it/s, acc=68.1%, loss=0.593]
Epoch 2/3:  26%|██▌       | 420/1625 [00:57<02:20,  8.56it/s, acc=68.1%, loss=0.745]
Epoch 2/3:  26%|██▌       | 421/1625 [00:57<02:17,  8.77it/s, acc=68.1%, loss=0.745]
Epoch 2/3:  26%|██▌       | 421/1625 [00:57<02:17,  8.77it/s, acc=68.1%, loss=0.717]
Epoch 2/3:  26%|██▌       | 422/1625 [00:57<02:28,  8.11it/s, acc=68.1%, loss=0.717]
Epoch 2/3:  26%|██▌       | 422/1625 [00:57<02:28,  8.11it/s, acc=68.1%, loss=0.625]
Epoch 2/3:  26%|██▌       | 423/1625 [00:57<02:42,  7.40it/s, acc=68.1%, loss=0.625]
Epoch 2/3:  26%|██▌       | 423/1625 [00:57<02:42,  7.40it/s, acc=68.1%, loss=0.864]
Epoch 2/3:  26%|██▌       | 424/1625 [00:57<02:51,  7.00it/s, acc=68.1%, loss=0.864]
Epoch 2/3:  26%|██▌       | 424/1625 [00:57<02:51,  7.00it/s, acc=68.1%, loss=0.478]
Epoch 2/3:  26%|██▌       | 425/1625 [00:57<03:03,  6.55it/s, acc=68.1%, loss=0.478]
Epoch 2/3:  26%|██▌       | 425/1625 [00:58<03:03,  6.55it/s, acc=68.1%, loss=0.578]
Epoch 2/3:  26%|██▌       | 426/1625 [00:58<03:11,  6.27it/s, acc=68.1%, loss=0.578]
Epoch 2/3:  26%|██▌       | 426/1625 [00:58<03:11,  6.27it/s, acc=68.1%, loss=0.648]
Epoch 2/3:  26%|██▋       | 427/1625 [00:58<03:09,  6.31it/s, acc=68.1%, loss=0.648]
Epoch 2/3:  26%|██▋       | 427/1625 [00:58<03:09,  6.31it/s, acc=68.1%, loss=0.853]
Epoch 2/3:  26%|██▋       | 428/1625 [00:58<03:07,  6.37it/s, acc=68.1%, loss=0.853]
Epoch 2/3:  26%|██▋       | 428/1625 [00:58<03:07,  6.37it/s, acc=68.2%, loss=0.588]
Epoch 2/3:  26%|██▋       | 429/1625 [00:58<03:09,  6.30it/s, acc=68.2%, loss=0.588]
Epoch 2/3:  26%|██▋       | 429/1625 [00:58<03:09,  6.30it/s, acc=68.2%, loss=0.593]
Epoch 2/3:  26%|██▋       | 430/1625 [00:58<02:53,  6.87it/s, acc=68.2%, loss=0.593]
Epoch 2/3:  26%|██▋       | 430/1625 [00:58<02:53,  6.87it/s, acc=68.1%, loss=0.692]
Epoch 2/3:  27%|██▋       | 431/1625 [00:58<02:41,  7.38it/s, acc=68.1%, loss=0.692]
Epoch 2/3:  27%|██▋       | 431/1625 [00:58<02:41,  7.38it/s, acc=68.1%, loss=0.711]
Epoch 2/3:  27%|██▋       | 432/1625 [00:58<02:32,  7.84it/s, acc=68.1%, loss=0.711]
Epoch 2/3:  27%|██▋       | 432/1625 [00:59<02:32,  7.84it/s, acc=68.1%, loss=0.924]
Epoch 2/3:  27%|██▋       | 433/1625 [00:59<02:29,  7.95it/s, acc=68.1%, loss=0.924]
Epoch 2/3:  27%|██▋       | 433/1625 [00:59<02:29,  7.95it/s, acc=68.1%, loss=0.780]
Epoch 2/3:  27%|██▋       | 434/1625 [00:59<02:34,  7.71it/s, acc=68.1%, loss=0.780]
Epoch 2/3:  27%|██▋       | 434/1625 [00:59<02:34,  7.71it/s, acc=68.1%, loss=1.079]
Epoch 2/3:  27%|██▋       | 435/1625 [00:59<02:41,  7.36it/s, acc=68.1%, loss=1.079]
Epoch 2/3:  27%|██▋       | 435/1625 [00:59<02:41,  7.36it/s, acc=68.1%, loss=0.461]
Epoch 2/3:  27%|██▋       | 436/1625 [00:59<02:47,  7.09it/s, acc=68.1%, loss=0.461]
Epoch 2/3:  27%|██▋       | 436/1625 [00:59<02:47,  7.09it/s, acc=68.1%, loss=0.751]
Epoch 2/3:  27%|██▋       | 437/1625 [00:59<02:44,  7.24it/s, acc=68.1%, loss=0.751]
Epoch 2/3:  27%|██▋       | 437/1625 [00:59<02:44,  7.24it/s, acc=68.1%, loss=0.736]
Epoch 2/3:  27%|██▋       | 438/1625 [00:59<02:37,  7.54it/s, acc=68.1%, loss=0.736]
Epoch 2/3:  27%|██▋       | 438/1625 [00:59<02:37,  7.54it/s, acc=68.1%, loss=0.591]
Epoch 2/3:  27%|██▋       | 439/1625 [00:59<02:35,  7.60it/s, acc=68.1%, loss=0.591]
Epoch 2/3:  27%|██▋       | 439/1625 [00:59<02:35,  7.60it/s, acc=68.1%, loss=1.070]
Epoch 2/3:  27%|██▋       | 440/1625 [00:59<02:29,  7.94it/s, acc=68.1%, loss=1.070]
Epoch 2/3:  27%|██▋       | 440/1625 [01:00<02:29,  7.94it/s, acc=68.1%, loss=0.663]
Epoch 2/3:  27%|██▋       | 441/1625 [01:00<02:31,  7.83it/s, acc=68.1%, loss=0.663]
Epoch 2/3:  27%|██▋       | 441/1625 [01:00<02:31,  7.83it/s, acc=68.1%, loss=0.622]
Epoch 2/3:  27%|██▋       | 442/1625 [01:00<02:24,  8.20it/s, acc=68.1%, loss=0.622]
Epoch 2/3:  27%|██▋       | 442/1625 [01:00<02:24,  8.20it/s, acc=68.1%, loss=0.665]
Epoch 2/3:  27%|██▋       | 443/1625 [01:00<02:21,  8.33it/s, acc=68.1%, loss=0.665]
Epoch 2/3:  27%|██▋       | 443/1625 [01:00<02:21,  8.33it/s, acc=68.1%, loss=0.776]
Epoch 2/3:  27%|██▋       | 444/1625 [01:00<02:25,  8.14it/s, acc=68.1%, loss=0.776]
Epoch 2/3:  27%|██▋       | 444/1625 [01:00<02:25,  8.14it/s, acc=68.1%, loss=0.550]
Epoch 2/3:  27%|██▋       | 445/1625 [01:00<02:25,  8.10it/s, acc=68.1%, loss=0.550]
Epoch 2/3:  27%|██▋       | 445/1625 [01:00<02:25,  8.10it/s, acc=68.1%, loss=1.018]
Epoch 2/3:  27%|██▋       | 446/1625 [01:00<02:27,  7.99it/s, acc=68.1%, loss=1.018]
Epoch 2/3:  27%|██▋       | 446/1625 [01:00<02:27,  7.99it/s, acc=68.1%, loss=0.549]
Epoch 2/3:  28%|██▊       | 447/1625 [01:00<02:23,  8.20it/s, acc=68.1%, loss=0.549]
Epoch 2/3:  28%|██▊       | 447/1625 [01:00<02:23,  8.20it/s, acc=68.1%, loss=0.817]
Epoch 2/3:  28%|██▊       | 448/1625 [01:00<02:24,  8.16it/s, acc=68.1%, loss=0.817]
Epoch 2/3:  28%|██▊       | 448/1625 [01:01<02:24,  8.16it/s, acc=68.1%, loss=0.585]
Epoch 2/3:  28%|██▊       | 449/1625 [01:01<02:26,  8.02it/s, acc=68.1%, loss=0.585]
Epoch 2/3:  28%|██▊       | 449/1625 [01:01<02:26,  8.02it/s, acc=68.1%, loss=0.528]
Epoch 2/3:  28%|██▊       | 450/1625 [01:01<02:26,  8.03it/s, acc=68.1%, loss=0.528]
Epoch 2/3:  28%|██▊       | 450/1625 [01:01<02:26,  8.03it/s, acc=68.1%, loss=0.840]
Epoch 2/3:  28%|██▊       | 451/1625 [01:01<02:22,  8.25it/s, acc=68.1%, loss=0.840]
Epoch 2/3:  28%|██▊       | 451/1625 [01:01<02:22,  8.25it/s, acc=68.1%, loss=0.775]
Epoch 2/3:  28%|██▊       | 452/1625 [01:01<02:27,  7.94it/s, acc=68.1%, loss=0.775]
Epoch 2/3:  28%|██▊       | 452/1625 [01:01<02:27,  7.94it/s, acc=68.1%, loss=0.655]
Epoch 2/3:  28%|██▊       | 453/1625 [01:01<02:25,  8.04it/s, acc=68.1%, loss=0.655]
Epoch 2/3:  28%|██▊       | 453/1625 [01:01<02:25,  8.04it/s, acc=68.1%, loss=0.651]
Epoch 2/3:  28%|██▊       | 454/1625 [01:01<02:30,  7.80it/s, acc=68.1%, loss=0.651]
Epoch 2/3:  28%|██▊       | 454/1625 [01:01<02:30,  7.80it/s, acc=68.1%, loss=0.748]
Epoch 2/3:  28%|██▊       | 455/1625 [01:01<02:34,  7.55it/s, acc=68.1%, loss=0.748]
Epoch 2/3:  28%|██▊       | 455/1625 [01:01<02:34,  7.55it/s, acc=68.1%, loss=0.739]
Epoch 2/3:  28%|██▊       | 456/1625 [01:01<02:35,  7.53it/s, acc=68.1%, loss=0.739]
Epoch 2/3:  28%|██▊       | 456/1625 [01:02<02:35,  7.53it/s, acc=68.1%, loss=0.744]
Epoch 2/3:  28%|██▊       | 457/1625 [01:02<02:37,  7.42it/s, acc=68.1%, loss=0.744]
Epoch 2/3:  28%|██▊       | 457/1625 [01:02<02:37,  7.42it/s, acc=68.1%, loss=0.833]
Epoch 2/3:  28%|██▊       | 458/1625 [01:02<02:30,  7.74it/s, acc=68.1%, loss=0.833]
Epoch 2/3:  28%|██▊       | 458/1625 [01:02<02:30,  7.74it/s, acc=68.1%, loss=0.956]
Epoch 2/3:  28%|██▊       | 459/1625 [01:02<02:27,  7.90it/s, acc=68.1%, loss=0.956]
Epoch 2/3:  28%|██▊       | 459/1625 [01:02<02:27,  7.90it/s, acc=68.1%, loss=0.888]
Epoch 2/3:  28%|██▊       | 460/1625 [01:02<02:28,  7.86it/s, acc=68.1%, loss=0.888]
Epoch 2/3:  28%|██▊       | 460/1625 [01:02<02:28,  7.86it/s, acc=68.1%, loss=0.642]
Epoch 2/3:  28%|██▊       | 461/1625 [01:02<02:27,  7.88it/s, acc=68.1%, loss=0.642]
Epoch 2/3:  28%|██▊       | 461/1625 [01:02<02:27,  7.88it/s, acc=68.0%, loss=1.170]
Epoch 2/3:  28%|██▊       | 462/1625 [01:02<02:28,  7.81it/s, acc=68.0%, loss=1.170]
Epoch 2/3:  28%|██▊       | 462/1625 [01:02<02:28,  7.81it/s, acc=68.0%, loss=0.779]
Epoch 2/3:  28%|██▊       | 463/1625 [01:02<02:32,  7.63it/s, acc=68.0%, loss=0.779]
Epoch 2/3:  28%|██▊       | 463/1625 [01:02<02:32,  7.63it/s, acc=68.0%, loss=0.919]
Epoch 2/3:  29%|██▊       | 464/1625 [01:02<02:26,  7.93it/s, acc=68.0%, loss=0.919]
Epoch 2/3:  29%|██▊       | 464/1625 [01:03<02:26,  7.93it/s, acc=68.0%, loss=0.565]
Epoch 2/3:  29%|██▊       | 465/1625 [01:03<02:30,  7.71it/s, acc=68.0%, loss=0.565]
Epoch 2/3:  29%|██▊       | 465/1625 [01:03<02:30,  7.71it/s, acc=68.0%, loss=0.673]
Epoch 2/3:  29%|██▊       | 466/1625 [01:03<02:25,  7.94it/s, acc=68.0%, loss=0.673]
Epoch 2/3:  29%|██▊       | 466/1625 [01:03<02:25,  7.94it/s, acc=68.0%, loss=0.916]
Epoch 2/3:  29%|██▊       | 467/1625 [01:03<02:29,  7.76it/s, acc=68.0%, loss=0.916]
Epoch 2/3:  29%|██▊       | 467/1625 [01:03<02:29,  7.76it/s, acc=68.0%, loss=0.643]
Epoch 2/3:  29%|██▉       | 468/1625 [01:03<02:23,  8.05it/s, acc=68.0%, loss=0.643]
Epoch 2/3:  29%|██▉       | 468/1625 [01:03<02:23,  8.05it/s, acc=68.0%, loss=0.825]
Epoch 2/3:  29%|██▉       | 469/1625 [01:03<02:28,  7.78it/s, acc=68.0%, loss=0.825]
Epoch 2/3:  29%|██▉       | 469/1625 [01:03<02:28,  7.78it/s, acc=68.0%, loss=0.641]
Epoch 2/3:  29%|██▉       | 470/1625 [01:03<02:25,  7.91it/s, acc=68.0%, loss=0.641]
Epoch 2/3:  29%|██▉       | 470/1625 [01:03<02:25,  7.91it/s, acc=68.0%, loss=0.585]
Epoch 2/3:  29%|██▉       | 471/1625 [01:03<02:27,  7.81it/s, acc=68.0%, loss=0.585]
Epoch 2/3:  29%|██▉       | 471/1625 [01:04<02:27,  7.81it/s, acc=68.0%, loss=0.788]
Epoch 2/3:  29%|██▉       | 472/1625 [01:04<02:35,  7.43it/s, acc=68.0%, loss=0.788]
Epoch 2/3:  29%|██▉       | 472/1625 [01:04<02:35,  7.43it/s, acc=68.0%, loss=0.905]
Epoch 2/3:  29%|██▉       | 473/1625 [01:04<02:32,  7.55it/s, acc=68.0%, loss=0.905]
Epoch 2/3:  29%|██▉       | 473/1625 [01:04<02:32,  7.55it/s, acc=67.9%, loss=0.973]
Epoch 2/3:  29%|██▉       | 474/1625 [01:04<02:27,  7.78it/s, acc=67.9%, loss=0.973]
Epoch 2/3:  29%|██▉       | 474/1625 [01:04<02:27,  7.78it/s, acc=67.9%, loss=0.729]
Epoch 2/3:  29%|██▉       | 475/1625 [01:04<02:28,  7.77it/s, acc=67.9%, loss=0.729]
Epoch 2/3:  29%|██▉       | 475/1625 [01:04<02:28,  7.77it/s, acc=67.9%, loss=0.653]
Epoch 2/3:  29%|██▉       | 476/1625 [01:04<02:22,  8.09it/s, acc=67.9%, loss=0.653]
Epoch 2/3:  29%|██▉       | 476/1625 [01:04<02:22,  8.09it/s, acc=67.9%, loss=0.637]
Epoch 2/3:  29%|██▉       | 477/1625 [01:04<02:24,  7.93it/s, acc=67.9%, loss=0.637]
Epoch 2/3:  29%|██▉       | 477/1625 [01:04<02:24,  7.93it/s, acc=68.0%, loss=0.780]
Epoch 2/3:  29%|██▉       | 478/1625 [01:04<02:18,  8.28it/s, acc=68.0%, loss=0.780]
Epoch 2/3:  29%|██▉       | 478/1625 [01:04<02:18,  8.28it/s, acc=68.0%, loss=0.708]
Epoch 2/3:  29%|██▉       | 479/1625 [01:04<02:16,  8.38it/s, acc=68.0%, loss=0.708]
Epoch 2/3:  29%|██▉       | 479/1625 [01:04<02:16,  8.38it/s, acc=68.0%, loss=0.792]
Epoch 2/3:  30%|██▉       | 480/1625 [01:04<02:19,  8.18it/s, acc=68.0%, loss=0.792]
Epoch 2/3:  30%|██▉       | 480/1625 [01:05<02:19,  8.18it/s, acc=68.0%, loss=0.571]
Epoch 2/3:  30%|██▉       | 481/1625 [01:05<02:20,  8.16it/s, acc=68.0%, loss=0.571]
Epoch 2/3:  30%|██▉       | 481/1625 [01:05<02:20,  8.16it/s, acc=68.0%, loss=0.785]
Epoch 2/3:  30%|██▉       | 482/1625 [01:05<02:22,  8.03it/s, acc=68.0%, loss=0.785]
Epoch 2/3:  30%|██▉       | 482/1625 [01:05<02:22,  8.03it/s, acc=68.0%, loss=0.625]
Epoch 2/3:  30%|██▉       | 483/1625 [01:05<02:22,  8.01it/s, acc=68.0%, loss=0.625]
Epoch 2/3:  30%|██▉       | 483/1625 [01:05<02:22,  8.01it/s, acc=68.0%, loss=0.769]
Epoch 2/3:  30%|██▉       | 484/1625 [01:05<02:24,  7.89it/s, acc=68.0%, loss=0.769]
Epoch 2/3:  30%|██▉       | 484/1625 [01:05<02:24,  7.89it/s, acc=68.0%, loss=0.771]
Epoch 2/3:  30%|██▉       | 485/1625 [01:05<02:24,  7.89it/s, acc=68.0%, loss=0.771]
Epoch 2/3:  30%|██▉       | 485/1625 [01:05<02:24,  7.89it/s, acc=68.0%, loss=0.788]
Epoch 2/3:  30%|██▉       | 486/1625 [01:05<02:25,  7.83it/s, acc=68.0%, loss=0.788]
Epoch 2/3:  30%|██▉       | 486/1625 [01:05<02:25,  7.83it/s, acc=68.0%, loss=0.535]
Epoch 2/3:  30%|██▉       | 487/1625 [01:05<02:28,  7.64it/s, acc=68.0%, loss=0.535]
Epoch 2/3:  30%|██▉       | 487/1625 [01:06<02:28,  7.64it/s, acc=68.0%, loss=0.774]
Epoch 2/3:  30%|███       | 488/1625 [01:06<02:28,  7.67it/s, acc=68.0%, loss=0.774]
Epoch 2/3:  30%|███       | 488/1625 [01:06<02:28,  7.67it/s, acc=68.0%, loss=0.616]
Epoch 2/3:  30%|███       | 489/1625 [01:06<02:31,  7.49it/s, acc=68.0%, loss=0.616]
Epoch 2/3:  30%|███       | 489/1625 [01:06<02:31,  7.49it/s, acc=68.0%, loss=0.682]
Epoch 2/3:  30%|███       | 490/1625 [01:06<02:36,  7.23it/s, acc=68.0%, loss=0.682]
Epoch 2/3:  30%|███       | 490/1625 [01:06<02:36,  7.23it/s, acc=68.0%, loss=0.915]
Epoch 2/3:  30%|███       | 491/1625 [01:06<02:41,  7.04it/s, acc=68.0%, loss=0.915]
Epoch 2/3:  30%|███       | 491/1625 [01:06<02:41,  7.04it/s, acc=68.0%, loss=0.755]
Epoch 2/3:  30%|███       | 492/1625 [01:06<02:47,  6.78it/s, acc=68.0%, loss=0.755]
Epoch 2/3:  30%|███       | 492/1625 [01:06<02:47,  6.78it/s, acc=68.0%, loss=0.705]
Epoch 2/3:  30%|███       | 493/1625 [01:06<02:47,  6.76it/s, acc=68.0%, loss=0.705]
Epoch 2/3:  30%|███       | 493/1625 [01:06<02:47,  6.76it/s, acc=68.0%, loss=0.721]
Epoch 2/3:  30%|███       | 494/1625 [01:06<02:44,  6.86it/s, acc=68.0%, loss=0.721]
Epoch 2/3:  30%|███       | 494/1625 [01:07<02:44,  6.86it/s, acc=68.0%, loss=0.645]
Epoch 2/3:  30%|███       | 495/1625 [01:07<02:34,  7.32it/s, acc=68.0%, loss=0.645]
Epoch 2/3:  30%|███       | 495/1625 [01:07<02:34,  7.32it/s, acc=68.0%, loss=0.915]
Epoch 2/3:  31%|███       | 496/1625 [01:07<02:32,  7.40it/s, acc=68.0%, loss=0.915]
Epoch 2/3:  31%|███       | 496/1625 [01:07<02:32,  7.40it/s, acc=68.0%, loss=0.829]
Epoch 2/3:  31%|███       | 497/1625 [01:07<02:28,  7.61it/s, acc=68.0%, loss=0.829]
Epoch 2/3:  31%|███       | 497/1625 [01:07<02:28,  7.61it/s, acc=68.0%, loss=0.648]
Epoch 2/3:  31%|███       | 498/1625 [01:07<02:29,  7.53it/s, acc=68.0%, loss=0.648]
Epoch 2/3:  31%|███       | 498/1625 [01:07<02:29,  7.53it/s, acc=68.1%, loss=0.653]
Epoch 2/3:  31%|███       | 499/1625 [01:07<02:29,  7.54it/s, acc=68.1%, loss=0.653]
Epoch 2/3:  31%|███       | 499/1625 [01:07<02:29,  7.54it/s, acc=68.0%, loss=0.951]
Epoch 2/3:  31%|███       | 500/1625 [01:07<02:28,  7.60it/s, acc=68.0%, loss=0.951]
Epoch 2/3:  31%|███       | 500/1625 [01:07<02:28,  7.60it/s, acc=68.0%, loss=0.740]
Epoch 2/3:  31%|███       | 501/1625 [01:07<02:26,  7.69it/s, acc=68.0%, loss=0.740]
Epoch 2/3:  31%|███       | 501/1625 [01:07<02:26,  7.69it/s, acc=68.0%, loss=0.702]
Epoch 2/3:  31%|███       | 502/1625 [01:07<02:25,  7.70it/s, acc=68.0%, loss=0.702]
Epoch 2/3:  31%|███       | 502/1625 [01:08<02:25,  7.70it/s, acc=68.0%, loss=0.693]
Epoch 2/3:  31%|███       | 503/1625 [01:08<02:24,  7.79it/s, acc=68.0%, loss=0.693]
Epoch 2/3:  31%|███       | 503/1625 [01:08<02:24,  7.79it/s, acc=68.0%, loss=0.659]
Epoch 2/3:  31%|███       | 504/1625 [01:08<02:18,  8.10it/s, acc=68.0%, loss=0.659]
Epoch 2/3:  31%|███       | 504/1625 [01:08<02:18,  8.10it/s, acc=68.0%, loss=0.723]
Epoch 2/3:  31%|███       | 505/1625 [01:08<02:23,  7.79it/s, acc=68.0%, loss=0.723]
Epoch 2/3:  31%|███       | 505/1625 [01:08<02:23,  7.79it/s, acc=68.0%, loss=0.656]
Epoch 2/3:  31%|███       | 506/1625 [01:08<02:19,  8.00it/s, acc=68.0%, loss=0.656]
Epoch 2/3:  31%|███       | 506/1625 [01:08<02:19,  8.00it/s, acc=68.0%, loss=0.787]
Epoch 2/3:  31%|███       | 507/1625 [01:08<02:23,  7.78it/s, acc=68.0%, loss=0.787]
Epoch 2/3:  31%|███       | 507/1625 [01:08<02:23,  7.78it/s, acc=68.0%, loss=1.100]
Epoch 2/3:  31%|███▏      | 508/1625 [01:08<02:21,  7.87it/s, acc=68.0%, loss=1.100]
Epoch 2/3:  31%|███▏      | 508/1625 [01:08<02:21,  7.87it/s, acc=68.0%, loss=0.786]
Epoch 2/3:  31%|███▏      | 509/1625 [01:08<02:25,  7.66it/s, acc=68.0%, loss=0.786]
Epoch 2/3:  31%|███▏      | 509/1625 [01:08<02:25,  7.66it/s, acc=68.0%, loss=0.722]
Epoch 2/3:  31%|███▏      | 510/1625 [01:08<02:29,  7.45it/s, acc=68.0%, loss=0.722]
Epoch 2/3:  31%|███▏      | 510/1625 [01:09<02:29,  7.45it/s, acc=68.0%, loss=0.733]
Epoch 2/3:  31%|███▏      | 511/1625 [01:09<02:27,  7.57it/s, acc=68.0%, loss=0.733]
Epoch 2/3:  31%|███▏      | 511/1625 [01:09<02:27,  7.57it/s, acc=67.9%, loss=0.869]
Epoch 2/3:  32%|███▏      | 512/1625 [01:09<02:22,  7.82it/s, acc=67.9%, loss=0.869]
Epoch 2/3:  32%|███▏      | 512/1625 [01:09<02:22,  7.82it/s, acc=68.0%, loss=0.530]
Epoch 2/3:  32%|███▏      | 513/1625 [01:09<02:16,  8.12it/s, acc=68.0%, loss=0.530]
Epoch 2/3:  32%|███▏      | 513/1625 [01:09<02:16,  8.12it/s, acc=68.0%, loss=0.742]
Epoch 2/3:  32%|███▏      | 514/1625 [01:09<02:15,  8.20it/s, acc=68.0%, loss=0.742]
Epoch 2/3:  32%|███▏      | 514/1625 [01:09<02:15,  8.20it/s, acc=68.0%, loss=0.922]
Epoch 2/3:  32%|███▏      | 515/1625 [01:09<02:17,  8.06it/s, acc=68.0%, loss=0.922]
Epoch 2/3:  32%|███▏      | 515/1625 [01:09<02:17,  8.06it/s, acc=68.0%, loss=0.860]
Epoch 2/3:  32%|███▏      | 516/1625 [01:09<02:17,  8.08it/s, acc=68.0%, loss=0.860]
Epoch 2/3:  32%|███▏      | 516/1625 [01:09<02:17,  8.08it/s, acc=67.9%, loss=0.925]
Epoch 2/3:  32%|███▏      | 517/1625 [01:09<02:19,  7.97it/s, acc=67.9%, loss=0.925]
Epoch 2/3:  32%|███▏      | 517/1625 [01:09<02:19,  7.97it/s, acc=67.9%, loss=0.742]
Epoch 2/3:  32%|███▏      | 518/1625 [01:09<02:18,  7.97it/s, acc=67.9%, loss=0.742]
Epoch 2/3:  32%|███▏      | 518/1625 [01:10<02:18,  7.97it/s, acc=67.9%, loss=0.810]
Epoch 2/3:  32%|███▏      | 519/1625 [01:10<02:19,  7.91it/s, acc=67.9%, loss=0.810]
Epoch 2/3:  32%|███▏      | 519/1625 [01:10<02:19,  7.91it/s, acc=67.9%, loss=0.939]
Epoch 2/3:  32%|███▏      | 520/1625 [01:10<02:18,  7.95it/s, acc=67.9%, loss=0.939]
Epoch 2/3:  32%|███▏      | 520/1625 [01:10<02:18,  7.95it/s, acc=67.9%, loss=0.642]
Epoch 2/3:  32%|███▏      | 521/1625 [01:10<02:19,  7.89it/s, acc=67.9%, loss=0.642]
Epoch 2/3:  32%|███▏      | 521/1625 [01:10<02:19,  7.89it/s, acc=67.9%, loss=0.629]
Epoch 2/3:  32%|███▏      | 522/1625 [01:10<02:14,  8.18it/s, acc=67.9%, loss=0.629]
Epoch 2/3:  32%|███▏      | 522/1625 [01:10<02:14,  8.18it/s, acc=67.9%, loss=0.743]
Epoch 2/3:  32%|███▏      | 523/1625 [01:10<02:15,  8.15it/s, acc=67.9%, loss=0.743]
Epoch 2/3:  32%|███▏      | 523/1625 [01:10<02:15,  8.15it/s, acc=67.9%, loss=0.718]
Epoch 2/3:  32%|███▏      | 524/1625 [01:10<02:17,  8.01it/s, acc=67.9%, loss=0.718]
Epoch 2/3:  32%|███▏      | 524/1625 [01:10<02:17,  8.01it/s, acc=67.9%, loss=0.734]
Epoch 2/3:  32%|███▏      | 525/1625 [01:10<02:18,  7.96it/s, acc=67.9%, loss=0.734]
Epoch 2/3:  32%|███▏      | 525/1625 [01:10<02:18,  7.96it/s, acc=68.0%, loss=0.506]
Epoch 2/3:  32%|███▏      | 526/1625 [01:10<02:27,  7.45it/s, acc=68.0%, loss=0.506]
Epoch 2/3:  32%|███▏      | 526/1625 [01:11<02:27,  7.45it/s, acc=68.0%, loss=0.740]
Epoch 2/3:  32%|███▏      | 527/1625 [01:11<02:32,  7.21it/s, acc=68.0%, loss=0.740]
Epoch 2/3:  32%|███▏      | 527/1625 [01:11<02:32,  7.21it/s, acc=68.0%, loss=0.732]
Epoch 2/3:  32%|███▏      | 528/1625 [01:11<02:26,  7.48it/s, acc=68.0%, loss=0.732]
Epoch 2/3:  32%|███▏      | 528/1625 [01:11<02:26,  7.48it/s, acc=68.0%, loss=0.616]
Epoch 2/3:  33%|███▎      | 529/1625 [01:11<02:24,  7.56it/s, acc=68.0%, loss=0.616]
Epoch 2/3:  33%|███▎      | 529/1625 [01:11<02:24,  7.56it/s, acc=68.0%, loss=0.526]
Epoch 2/3:  33%|███▎      | 530/1625 [01:11<02:25,  7.54it/s, acc=68.0%, loss=0.526]
Epoch 2/3:  33%|███▎      | 530/1625 [01:11<02:25,  7.54it/s, acc=68.0%, loss=0.829]
Epoch 2/3:  33%|███▎      | 531/1625 [01:11<02:20,  7.77it/s, acc=68.0%, loss=0.829]
Epoch 2/3:  33%|███▎      | 531/1625 [01:11<02:20,  7.77it/s, acc=68.0%, loss=0.610]
Epoch 2/3:  33%|███▎      | 532/1625 [01:11<02:17,  7.97it/s, acc=68.0%, loss=0.610]
Epoch 2/3:  33%|███▎      | 532/1625 [01:11<02:17,  7.97it/s, acc=68.0%, loss=0.637]
Epoch 2/3:  33%|███▎      | 533/1625 [01:11<02:18,  7.90it/s, acc=68.0%, loss=0.637]
Epoch 2/3:  33%|███▎      | 533/1625 [01:12<02:18,  7.90it/s, acc=68.0%, loss=0.586]
Epoch 2/3:  33%|███▎      | 534/1625 [01:12<02:14,  8.12it/s, acc=68.0%, loss=0.586]
Epoch 2/3:  33%|███▎      | 534/1625 [01:12<02:14,  8.12it/s, acc=68.0%, loss=0.696]
Epoch 2/3:  33%|███▎      | 535/1625 [01:12<02:11,  8.29it/s, acc=68.0%, loss=0.696]
Epoch 2/3:  33%|███▎      | 535/1625 [01:12<02:11,  8.29it/s, acc=68.0%, loss=0.786]
Epoch 2/3:  33%|███▎      | 536/1625 [01:12<02:11,  8.28it/s, acc=68.0%, loss=0.786]
Epoch 2/3:  33%|███▎      | 536/1625 [01:12<02:11,  8.28it/s, acc=68.0%, loss=0.762]
Epoch 2/3:  33%|███▎      | 537/1625 [01:12<02:13,  8.12it/s, acc=68.0%, loss=0.762]
Epoch 2/3:  33%|███▎      | 537/1625 [01:12<02:13,  8.12it/s, acc=68.0%, loss=0.663]
Epoch 2/3:  33%|███▎      | 538/1625 [01:12<02:14,  8.08it/s, acc=68.0%, loss=0.663]
Epoch 2/3:  33%|███▎      | 538/1625 [01:12<02:14,  8.08it/s, acc=68.0%, loss=0.799]
Epoch 2/3:  33%|███▎      | 539/1625 [01:12<02:16,  7.97it/s, acc=68.0%, loss=0.799]
Epoch 2/3:  33%|███▎      | 539/1625 [01:12<02:16,  7.97it/s, acc=68.0%, loss=0.892]
Epoch 2/3:  33%|███▎      | 540/1625 [01:12<02:16,  7.97it/s, acc=68.0%, loss=0.892]
Epoch 2/3:  33%|███▎      | 540/1625 [01:12<02:16,  7.97it/s, acc=68.0%, loss=0.619]
Epoch 2/3:  33%|███▎      | 541/1625 [01:12<02:17,  7.90it/s, acc=68.0%, loss=0.619]
Epoch 2/3:  33%|███▎      | 541/1625 [01:13<02:17,  7.90it/s, acc=68.0%, loss=0.709]
Epoch 2/3:  33%|███▎      | 542/1625 [01:13<02:16,  7.93it/s, acc=68.0%, loss=0.709]
Epoch 2/3:  33%|███▎      | 542/1625 [01:13<02:16,  7.93it/s, acc=68.0%, loss=0.768]
Epoch 2/3:  33%|███▎      | 543/1625 [01:13<02:19,  7.74it/s, acc=68.0%, loss=0.768]
Epoch 2/3:  33%|███▎      | 543/1625 [01:13<02:19,  7.74it/s, acc=68.0%, loss=0.637]
Epoch 2/3:  33%|███▎      | 544/1625 [01:13<02:28,  7.26it/s, acc=68.0%, loss=0.637]
Epoch 2/3:  33%|███▎      | 544/1625 [01:13<02:28,  7.26it/s, acc=68.0%, loss=0.741]
Epoch 2/3:  34%|███▎      | 545/1625 [01:13<02:33,  7.02it/s, acc=68.0%, loss=0.741]
Epoch 2/3:  34%|███▎      | 545/1625 [01:13<02:33,  7.02it/s, acc=68.0%, loss=0.742]
Epoch 2/3:  34%|███▎      | 546/1625 [01:13<02:35,  6.95it/s, acc=68.0%, loss=0.742]
Epoch 2/3:  34%|███▎      | 546/1625 [01:13<02:35,  6.95it/s, acc=68.0%, loss=0.691]
Epoch 2/3:  34%|███▎      | 547/1625 [01:13<02:39,  6.77it/s, acc=68.0%, loss=0.691]
Epoch 2/3:  34%|███▎      | 547/1625 [01:13<02:39,  6.77it/s, acc=68.1%, loss=0.705]
Epoch 2/3:  34%|███▎      | 548/1625 [01:13<02:32,  7.08it/s, acc=68.1%, loss=0.705]
Epoch 2/3:  34%|███▎      | 548/1625 [01:14<02:32,  7.08it/s, acc=68.0%, loss=0.993]
Epoch 2/3:  34%|███▍      | 549/1625 [01:14<02:28,  7.27it/s, acc=68.0%, loss=0.993]
Epoch 2/3:  34%|███▍      | 549/1625 [01:14<02:28,  7.27it/s, acc=68.1%, loss=0.540]
Epoch 2/3:  34%|███▍      | 550/1625 [01:14<02:23,  7.50it/s, acc=68.1%, loss=0.540]
Epoch 2/3:  34%|███▍      | 550/1625 [01:14<02:23,  7.50it/s, acc=68.1%, loss=0.769]
Epoch 2/3:  34%|███▍      | 551/1625 [01:14<02:21,  7.57it/s, acc=68.1%, loss=0.769]
Epoch 2/3:  34%|███▍      | 551/1625 [01:14<02:21,  7.57it/s, acc=68.1%, loss=0.760]
Epoch 2/3:  34%|███▍      | 552/1625 [01:14<02:20,  7.63it/s, acc=68.1%, loss=0.760]
Epoch 2/3:  34%|███▍      | 552/1625 [01:14<02:20,  7.63it/s, acc=68.1%, loss=0.456]
Epoch 2/3:  34%|███▍      | 553/1625 [01:14<02:20,  7.65it/s, acc=68.1%, loss=0.456]
Epoch 2/3:  34%|███▍      | 553/1625 [01:14<02:20,  7.65it/s, acc=68.1%, loss=0.605]
Epoch 2/3:  34%|███▍      | 554/1625 [01:14<02:18,  7.74it/s, acc=68.1%, loss=0.605]
Epoch 2/3:  34%|███▍      | 554/1625 [01:14<02:18,  7.74it/s, acc=68.2%, loss=0.617]
Epoch 2/3:  34%|███▍      | 555/1625 [01:14<02:18,  7.74it/s, acc=68.2%, loss=0.617]
Epoch 2/3:  34%|███▍      | 555/1625 [01:14<02:18,  7.74it/s, acc=68.1%, loss=0.780]
Epoch 2/3:  34%|███▍      | 556/1625 [01:14<02:13,  8.00it/s, acc=68.1%, loss=0.780]
Epoch 2/3:  34%|███▍      | 556/1625 [01:15<02:13,  8.00it/s, acc=68.1%, loss=0.702]
Epoch 2/3:  34%|███▍      | 557/1625 [01:15<02:12,  8.07it/s, acc=68.1%, loss=0.702]
Epoch 2/3:  34%|███▍      | 557/1625 [01:15<02:12,  8.07it/s, acc=68.2%, loss=0.521]
Epoch 2/3:  34%|███▍      | 558/1625 [01:15<02:14,  7.96it/s, acc=68.2%, loss=0.521]
Epoch 2/3:  34%|███▍      | 558/1625 [01:15<02:14,  7.96it/s, acc=68.2%, loss=0.570]
Epoch 2/3:  34%|███▍      | 559/1625 [01:15<02:21,  7.52it/s, acc=68.2%, loss=0.570]
Epoch 2/3:  34%|███▍      | 559/1625 [01:15<02:21,  7.52it/s, acc=68.2%, loss=0.825]
Epoch 2/3:  34%|███▍      | 560/1625 [01:15<02:23,  7.44it/s, acc=68.2%, loss=0.825]
Epoch 2/3:  34%|███▍      | 560/1625 [01:15<02:23,  7.44it/s, acc=68.1%, loss=0.966]
Epoch 2/3:  35%|███▍      | 561/1625 [01:15<02:24,  7.34it/s, acc=68.1%, loss=0.966]
Epoch 2/3:  35%|███▍      | 561/1625 [01:15<02:24,  7.34it/s, acc=68.1%, loss=0.848]
Epoch 2/3:  35%|███▍      | 562/1625 [01:15<02:26,  7.24it/s, acc=68.1%, loss=0.848]
Epoch 2/3:  35%|███▍      | 562/1625 [01:15<02:26,  7.24it/s, acc=68.1%, loss=0.830]
Epoch 2/3:  35%|███▍      | 563/1625 [01:15<02:19,  7.61it/s, acc=68.1%, loss=0.830]
Epoch 2/3:  35%|███▍      | 563/1625 [01:15<02:19,  7.61it/s, acc=68.1%, loss=0.787]
Epoch 2/3:  35%|███▍      | 564/1625 [01:15<02:15,  7.82it/s, acc=68.1%, loss=0.787]
Epoch 2/3:  35%|███▍      | 564/1625 [01:16<02:15,  7.82it/s, acc=68.1%, loss=0.793]
Epoch 2/3:  35%|███▍      | 565/1625 [01:16<02:14,  7.89it/s, acc=68.1%, loss=0.793]
Epoch 2/3:  35%|███▍      | 565/1625 [01:16<02:14,  7.89it/s, acc=68.1%, loss=0.670]
Epoch 2/3:  35%|███▍      | 566/1625 [01:16<02:13,  7.91it/s, acc=68.1%, loss=0.670]
Epoch 2/3:  35%|███▍      | 566/1625 [01:16<02:13,  7.91it/s, acc=68.2%, loss=0.613]
Epoch 2/3:  35%|███▍      | 567/1625 [01:16<02:12,  7.96it/s, acc=68.2%, loss=0.613]
Epoch 2/3:  35%|███▍      | 567/1625 [01:16<02:12,  7.96it/s, acc=68.1%, loss=0.896]
Epoch 2/3:  35%|███▍      | 568/1625 [01:16<02:16,  7.74it/s, acc=68.1%, loss=0.896]
Epoch 2/3:  35%|███▍      | 568/1625 [01:16<02:16,  7.74it/s, acc=68.1%, loss=1.009]
Epoch 2/3:  35%|███▌      | 569/1625 [01:16<02:12,  7.96it/s, acc=68.1%, loss=1.009]
Epoch 2/3:  35%|███▌      | 569/1625 [01:16<02:12,  7.96it/s, acc=68.1%, loss=0.750]
Epoch 2/3:  35%|███▌      | 570/1625 [01:16<02:12,  7.98it/s, acc=68.1%, loss=0.750]
Epoch 2/3:  35%|███▌      | 570/1625 [01:16<02:12,  7.98it/s, acc=68.1%, loss=0.570]
Epoch 2/3:  35%|███▌      | 571/1625 [01:16<02:11,  8.03it/s, acc=68.1%, loss=0.570]
Epoch 2/3:  35%|███▌      | 571/1625 [01:16<02:11,  8.03it/s, acc=68.1%, loss=0.758]
Epoch 2/3:  35%|███▌      | 572/1625 [01:16<02:15,  7.78it/s, acc=68.1%, loss=0.758]
Epoch 2/3:  35%|███▌      | 572/1625 [01:17<02:15,  7.78it/s, acc=68.1%, loss=0.847]
Epoch 2/3:  35%|███▌      | 573/1625 [01:17<02:13,  7.90it/s, acc=68.1%, loss=0.847]
Epoch 2/3:  35%|███▌      | 573/1625 [01:17<02:13,  7.90it/s, acc=68.1%, loss=0.571]
Epoch 2/3:  35%|███▌      | 574/1625 [01:17<02:17,  7.66it/s, acc=68.1%, loss=0.571]
Epoch 2/3:  35%|███▌      | 574/1625 [01:17<02:17,  7.66it/s, acc=68.1%, loss=0.725]
Epoch 2/3:  35%|███▌      | 575/1625 [01:17<02:16,  7.71it/s, acc=68.1%, loss=0.725]
Epoch 2/3:  35%|███▌      | 575/1625 [01:17<02:16,  7.71it/s, acc=68.1%, loss=0.867]
Epoch 2/3:  35%|███▌      | 576/1625 [01:17<02:19,  7.51it/s, acc=68.1%, loss=0.867]
Epoch 2/3:  35%|███▌      | 576/1625 [01:17<02:19,  7.51it/s, acc=68.1%, loss=0.755]
Epoch 2/3:  36%|███▌      | 577/1625 [01:17<02:28,  7.05it/s, acc=68.1%, loss=0.755]
Epoch 2/3:  36%|███▌      | 577/1625 [01:17<02:28,  7.05it/s, acc=68.1%, loss=0.877]
Epoch 2/3:  36%|███▌      | 578/1625 [01:17<02:27,  7.08it/s, acc=68.1%, loss=0.877]
Epoch 2/3:  36%|███▌      | 578/1625 [01:17<02:27,  7.08it/s, acc=68.1%, loss=0.872]
Epoch 2/3:  36%|███▌      | 579/1625 [01:17<02:23,  7.28it/s, acc=68.1%, loss=0.872]
Epoch 2/3:  36%|███▌      | 579/1625 [01:18<02:23,  7.28it/s, acc=68.1%, loss=0.786]
Epoch 2/3:  36%|███▌      | 580/1625 [01:18<02:18,  7.57it/s, acc=68.1%, loss=0.786]
Epoch 2/3:  36%|███▌      | 580/1625 [01:18<02:18,  7.57it/s, acc=68.1%, loss=0.778]
Epoch 2/3:  36%|███▌      | 581/1625 [01:18<02:16,  7.62it/s, acc=68.1%, loss=0.778]
Epoch 2/3:  36%|███▌      | 581/1625 [01:18<02:16,  7.62it/s, acc=68.1%, loss=0.893]
Epoch 2/3:  36%|███▌      | 582/1625 [01:18<02:11,  7.94it/s, acc=68.1%, loss=0.893]
Epoch 2/3:  36%|███▌      | 582/1625 [01:18<02:11,  7.94it/s, acc=68.1%, loss=0.949]
Epoch 2/3:  36%|███▌      | 583/1625 [01:18<02:09,  8.04it/s, acc=68.1%, loss=0.949]
Epoch 2/3:  36%|███▌      | 583/1625 [01:18<02:09,  8.04it/s, acc=68.0%, loss=0.748]
Epoch 2/3:  36%|███▌      | 584/1625 [01:18<02:10,  7.95it/s, acc=68.0%, loss=0.748]
Epoch 2/3:  36%|███▌      | 584/1625 [01:18<02:10,  7.95it/s, acc=68.0%, loss=0.707]
Epoch 2/3:  36%|███▌      | 585/1625 [01:18<02:10,  7.99it/s, acc=68.0%, loss=0.707]
Epoch 2/3:  36%|███▌      | 585/1625 [01:18<02:10,  7.99it/s, acc=68.1%, loss=0.656]
Epoch 2/3:  36%|███▌      | 586/1625 [01:18<02:11,  7.90it/s, acc=68.1%, loss=0.656]
Epoch 2/3:  36%|███▌      | 586/1625 [01:18<02:11,  7.90it/s, acc=68.1%, loss=0.905]
Epoch 2/3:  36%|███▌      | 587/1625 [01:18<02:10,  7.98it/s, acc=68.1%, loss=0.905]
Epoch 2/3:  36%|███▌      | 587/1625 [01:19<02:10,  7.98it/s, acc=68.1%, loss=0.636]
Epoch 2/3:  36%|███▌      | 588/1625 [01:19<02:11,  7.90it/s, acc=68.1%, loss=0.636]
Epoch 2/3:  36%|███▌      | 588/1625 [01:19<02:11,  7.90it/s, acc=68.1%, loss=0.623]
Epoch 2/3:  36%|███▌      | 589/1625 [01:19<02:09,  7.99it/s, acc=68.1%, loss=0.623]
Epoch 2/3:  36%|███▌      | 589/1625 [01:19<02:09,  7.99it/s, acc=68.1%, loss=0.668]
Epoch 2/3:  36%|███▋      | 590/1625 [01:19<02:10,  7.93it/s, acc=68.1%, loss=0.668]
Epoch 2/3:  36%|███▋      | 590/1625 [01:19<02:10,  7.93it/s, acc=68.1%, loss=0.657]
Epoch 2/3:  36%|███▋      | 591/1625 [01:19<02:10,  7.93it/s, acc=68.1%, loss=0.657]
Epoch 2/3:  36%|███▋      | 591/1625 [01:19<02:10,  7.93it/s, acc=68.1%, loss=0.648]
Epoch 2/3:  36%|███▋      | 592/1625 [01:19<02:11,  7.86it/s, acc=68.1%, loss=0.648]
Epoch 2/3:  36%|███▋      | 592/1625 [01:19<02:11,  7.86it/s, acc=68.1%, loss=0.838]
Epoch 2/3:  36%|███▋      | 593/1625 [01:19<02:17,  7.51it/s, acc=68.1%, loss=0.838]
Epoch 2/3:  36%|███▋      | 593/1625 [01:19<02:17,  7.51it/s, acc=68.1%, loss=0.757]
Epoch 2/3:  37%|███▋      | 594/1625 [01:19<02:13,  7.71it/s, acc=68.1%, loss=0.757]
Epoch 2/3:  37%|███▋      | 594/1625 [01:19<02:13,  7.71it/s, acc=68.1%, loss=0.728]
Epoch 2/3:  37%|███▋      | 595/1625 [01:19<02:15,  7.63it/s, acc=68.1%, loss=0.728]
Epoch 2/3:  37%|███▋      | 595/1625 [01:20<02:15,  7.63it/s, acc=68.1%, loss=0.490]
Epoch 2/3:  37%|███▋      | 596/1625 [01:20<02:14,  7.65it/s, acc=68.1%, loss=0.490]
Epoch 2/3:  37%|███▋      | 596/1625 [01:20<02:14,  7.65it/s, acc=68.1%, loss=0.803]
Epoch 2/3:  37%|███▋      | 597/1625 [01:20<02:20,  7.31it/s, acc=68.1%, loss=0.803]
Epoch 2/3:  37%|███▋      | 597/1625 [01:20<02:20,  7.31it/s, acc=68.1%, loss=0.668]
Epoch 2/3:  37%|███▋      | 598/1625 [01:20<02:19,  7.38it/s, acc=68.1%, loss=0.668]
Epoch 2/3:  37%|███▋      | 598/1625 [01:20<02:19,  7.38it/s, acc=68.1%, loss=0.655]
Epoch 2/3:  37%|███▋      | 599/1625 [01:20<03:12,  5.33it/s, acc=68.1%, loss=0.655]
Epoch 2/3:  37%|███▋      | 599/1625 [01:20<03:12,  5.33it/s, acc=68.1%, loss=1.135]
Epoch 2/3:  37%|███▋      | 600/1625 [01:20<02:53,  5.91it/s, acc=68.1%, loss=1.135]
Epoch 2/3:  37%|███▋      | 600/1625 [01:20<02:53,  5.91it/s, acc=68.1%, loss=0.716]
Epoch 2/3:  37%|███▋      | 601/1625 [01:20<02:42,  6.30it/s, acc=68.1%, loss=0.716]
Epoch 2/3:  37%|███▋      | 601/1625 [01:21<02:42,  6.30it/s, acc=68.1%, loss=0.786]
Epoch 2/3:  37%|███▋      | 602/1625 [01:21<02:31,  6.77it/s, acc=68.1%, loss=0.786]
Epoch 2/3:  37%|███▋      | 602/1625 [01:21<02:31,  6.77it/s, acc=68.1%, loss=0.580]
Epoch 2/3:  37%|███▋      | 603/1625 [01:21<02:28,  6.89it/s, acc=68.1%, loss=0.580]
Epoch 2/3:  37%|███▋      | 603/1625 [01:21<02:28,  6.89it/s, acc=68.1%, loss=0.798]
Epoch 2/3:  37%|███▋      | 604/1625 [01:21<02:20,  7.25it/s, acc=68.1%, loss=0.798]
Epoch 2/3:  37%|███▋      | 604/1625 [01:21<02:20,  7.25it/s, acc=68.1%, loss=0.736]
Epoch 2/3:  37%|███▋      | 605/1625 [01:21<02:21,  7.22it/s, acc=68.1%, loss=0.736]
Epoch 2/3:  37%|███▋      | 605/1625 [01:21<02:21,  7.22it/s, acc=68.1%, loss=0.613]
Epoch 2/3:  37%|███▋      | 606/1625 [01:21<02:17,  7.44it/s, acc=68.1%, loss=0.613]
Epoch 2/3:  37%|███▋      | 606/1625 [01:21<02:17,  7.44it/s, acc=68.1%, loss=0.704]
Epoch 2/3:  37%|███▋      | 607/1625 [01:21<02:17,  7.42it/s, acc=68.1%, loss=0.704]
Epoch 2/3:  37%|███▋      | 607/1625 [01:21<02:17,  7.42it/s, acc=68.1%, loss=0.564]
Epoch 2/3:  37%|███▋      | 608/1625 [01:21<02:16,  7.43it/s, acc=68.1%, loss=0.564]
Epoch 2/3:  37%|███▋      | 608/1625 [01:21<02:16,  7.43it/s, acc=68.1%, loss=0.587]
Epoch 2/3:  37%|███▋      | 609/1625 [01:21<02:15,  7.51it/s, acc=68.1%, loss=0.587]
Epoch 2/3:  37%|███▋      | 609/1625 [01:22<02:15,  7.51it/s, acc=68.2%, loss=0.588]
Epoch 2/3:  38%|███▊      | 610/1625 [01:22<02:14,  7.55it/s, acc=68.2%, loss=0.588]
Epoch 2/3:  38%|███▊      | 610/1625 [01:22<02:14,  7.55it/s, acc=68.2%, loss=0.788]
Epoch 2/3:  38%|███▊      | 611/1625 [01:22<02:13,  7.59it/s, acc=68.2%, loss=0.788]
Epoch 2/3:  38%|███▊      | 611/1625 [01:22<02:13,  7.59it/s, acc=68.2%, loss=0.809]
Epoch 2/3:  38%|███▊      | 612/1625 [01:22<02:20,  7.19it/s, acc=68.2%, loss=0.809]
Epoch 2/3:  38%|███▊      | 612/1625 [01:22<02:20,  7.19it/s, acc=68.2%, loss=0.620]
Epoch 2/3:  38%|███▊      | 613/1625 [01:22<02:15,  7.46it/s, acc=68.2%, loss=0.620]
Epoch 2/3:  38%|███▊      | 613/1625 [01:22<02:15,  7.46it/s, acc=68.2%, loss=0.804]
Epoch 2/3:  38%|███▊      | 614/1625 [01:22<02:16,  7.43it/s, acc=68.2%, loss=0.804]
Epoch 2/3:  38%|███▊      | 614/1625 [01:22<02:16,  7.43it/s, acc=68.2%, loss=0.767]
Epoch 2/3:  38%|███▊      | 615/1625 [01:22<02:10,  7.71it/s, acc=68.2%, loss=0.767]
Epoch 2/3:  38%|███▊      | 615/1625 [01:22<02:10,  7.71it/s, acc=68.2%, loss=0.575]
Epoch 2/3:  38%|███▊      | 616/1625 [01:22<02:12,  7.60it/s, acc=68.2%, loss=0.575]
Epoch 2/3:  38%|███▊      | 616/1625 [01:23<02:12,  7.60it/s, acc=68.2%, loss=0.822]
Epoch 2/3:  38%|███▊      | 617/1625 [01:23<02:12,  7.60it/s, acc=68.2%, loss=0.822]
Epoch 2/3:  38%|███▊      | 617/1625 [01:23<02:12,  7.60it/s, acc=68.2%, loss=0.617]
Epoch 2/3:  38%|███▊      | 618/1625 [01:23<02:11,  7.64it/s, acc=68.2%, loss=0.617]
Epoch 2/3:  38%|███▊      | 618/1625 [01:23<02:11,  7.64it/s, acc=68.2%, loss=0.749]
Epoch 2/3:  38%|███▊      | 619/1625 [01:23<02:09,  7.75it/s, acc=68.2%, loss=0.749]
Epoch 2/3:  38%|███▊      | 619/1625 [01:23<02:09,  7.75it/s, acc=68.2%, loss=0.790]
Epoch 2/3:  38%|███▊      | 620/1625 [01:23<02:09,  7.74it/s, acc=68.2%, loss=0.790]
Epoch 2/3:  38%|███▊      | 620/1625 [01:23<02:09,  7.74it/s, acc=68.2%, loss=0.651]
Epoch 2/3:  38%|███▊      | 621/1625 [01:23<02:08,  7.80it/s, acc=68.2%, loss=0.651]
Epoch 2/3:  38%|███▊      | 621/1625 [01:23<02:08,  7.80it/s, acc=68.2%, loss=0.603]
Epoch 2/3:  38%|███▊      | 622/1625 [01:23<02:08,  7.78it/s, acc=68.2%, loss=0.603]
Epoch 2/3:  38%|███▊      | 622/1625 [01:23<02:08,  7.78it/s, acc=68.2%, loss=0.766]
Epoch 2/3:  38%|███▊      | 623/1625 [01:23<02:07,  7.84it/s, acc=68.2%, loss=0.766]
Epoch 2/3:  38%|███▊      | 623/1625 [01:23<02:07,  7.84it/s, acc=68.2%, loss=0.601]
Epoch 2/3:  38%|███▊      | 624/1625 [01:23<02:08,  7.80it/s, acc=68.2%, loss=0.601]
Epoch 2/3:  38%|███▊      | 624/1625 [01:24<02:08,  7.80it/s, acc=68.2%, loss=0.654]
Epoch 2/3:  38%|███▊      | 625/1625 [01:24<02:08,  7.77it/s, acc=68.2%, loss=0.654]
Epoch 2/3:  38%|███▊      | 625/1625 [01:24<02:08,  7.77it/s, acc=68.2%, loss=0.399]
Epoch 2/3:  39%|███▊      | 626/1625 [01:24<02:15,  7.35it/s, acc=68.2%, loss=0.399]
Epoch 2/3:  39%|███▊      | 626/1625 [01:24<02:15,  7.35it/s, acc=68.2%, loss=0.792]
Epoch 2/3:  39%|███▊      | 627/1625 [01:24<02:17,  7.28it/s, acc=68.2%, loss=0.792]
Epoch 2/3:  39%|███▊      | 627/1625 [01:24<02:17,  7.28it/s, acc=68.3%, loss=0.366]
Epoch 2/3:  39%|███▊      | 628/1625 [01:24<02:23,  6.94it/s, acc=68.3%, loss=0.366]
Epoch 2/3:  39%|███▊      | 628/1625 [01:24<02:23,  6.94it/s, acc=68.2%, loss=0.990]
Epoch 2/3:  39%|███▊      | 629/1625 [01:24<02:22,  6.98it/s, acc=68.2%, loss=0.990]
Epoch 2/3:  39%|███▊      | 629/1625 [01:24<02:22,  6.98it/s, acc=68.2%, loss=0.950]
Epoch 2/3:  39%|███▉      | 630/1625 [01:24<02:22,  6.96it/s, acc=68.2%, loss=0.950]
Epoch 2/3:  39%|███▉      | 630/1625 [01:24<02:22,  6.96it/s, acc=68.2%, loss=0.796]
Epoch 2/3:  39%|███▉      | 631/1625 [01:24<02:13,  7.47it/s, acc=68.2%, loss=0.796]
Epoch 2/3:  39%|███▉      | 631/1625 [01:25<02:13,  7.47it/s, acc=68.2%, loss=0.539]
Epoch 2/3:  39%|███▉      | 632/1625 [01:25<02:11,  7.53it/s, acc=68.2%, loss=0.539]
Epoch 2/3:  39%|███▉      | 632/1625 [01:25<02:11,  7.53it/s, acc=68.3%, loss=0.633]
Epoch 2/3:  39%|███▉      | 633/1625 [01:25<02:06,  7.85it/s, acc=68.3%, loss=0.633]
Epoch 2/3:  39%|███▉      | 633/1625 [01:25<02:06,  7.85it/s, acc=68.3%, loss=0.856]
Epoch 2/3:  39%|███▉      | 634/1625 [01:25<02:07,  7.79it/s, acc=68.3%, loss=0.856]
Epoch 2/3:  39%|███▉      | 634/1625 [01:25<02:07,  7.79it/s, acc=68.3%, loss=0.608]
Epoch 2/3:  39%|███▉      | 635/1625 [01:25<02:01,  8.18it/s, acc=68.3%, loss=0.608]
Epoch 2/3:  39%|███▉      | 635/1625 [01:25<02:01,  8.18it/s, acc=68.3%, loss=0.903]
Epoch 2/3:  39%|███▉      | 636/1625 [01:25<01:58,  8.34it/s, acc=68.3%, loss=0.903]
Epoch 2/3:  39%|███▉      | 636/1625 [01:25<01:58,  8.34it/s, acc=68.3%, loss=0.640]
Epoch 2/3:  39%|███▉      | 637/1625 [01:25<01:55,  8.52it/s, acc=68.3%, loss=0.640]
Epoch 2/3:  39%|███▉      | 637/1625 [01:25<01:55,  8.52it/s, acc=68.3%, loss=0.644]
Epoch 2/3:  39%|███▉      | 638/1625 [01:25<01:56,  8.48it/s, acc=68.3%, loss=0.644]
Epoch 2/3:  39%|███▉      | 638/1625 [01:25<01:56,  8.48it/s, acc=68.3%, loss=0.709]
Epoch 2/3:  39%|███▉      | 639/1625 [01:25<01:54,  8.62it/s, acc=68.3%, loss=0.709]
Epoch 2/3:  39%|███▉      | 639/1625 [01:25<01:54,  8.62it/s, acc=68.3%, loss=0.469]
Epoch 2/3:  39%|███▉      | 640/1625 [01:25<01:55,  8.50it/s, acc=68.3%, loss=0.469]
Epoch 2/3:  39%|███▉      | 640/1625 [01:26<01:55,  8.50it/s, acc=68.3%, loss=0.598]
Epoch 2/3:  39%|███▉      | 641/1625 [01:26<01:59,  8.26it/s, acc=68.3%, loss=0.598]
Epoch 2/3:  39%|███▉      | 641/1625 [01:26<01:59,  8.26it/s, acc=68.3%, loss=0.694]
Epoch 2/3:  40%|███▉      | 642/1625 [01:26<02:00,  8.17it/s, acc=68.3%, loss=0.694]
Epoch 2/3:  40%|███▉      | 642/1625 [01:26<02:00,  8.17it/s, acc=68.3%, loss=0.984]
Epoch 2/3:  40%|███▉      | 643/1625 [01:26<02:02,  8.04it/s, acc=68.3%, loss=0.984]
Epoch 2/3:  40%|███▉      | 643/1625 [01:26<02:02,  8.04it/s, acc=68.3%, loss=0.861]
Epoch 2/3:  40%|███▉      | 644/1625 [01:26<02:02,  8.02it/s, acc=68.3%, loss=0.861]
Epoch 2/3:  40%|███▉      | 644/1625 [01:26<02:02,  8.02it/s, acc=68.3%, loss=0.748]
Epoch 2/3:  40%|███▉      | 645/1625 [01:26<02:03,  7.92it/s, acc=68.3%, loss=0.748]
Epoch 2/3:  40%|███▉      | 645/1625 [01:26<02:03,  7.92it/s, acc=68.3%, loss=0.542]
Epoch 2/3:  40%|███▉      | 646/1625 [01:26<02:00,  8.15it/s, acc=68.3%, loss=0.542]
Epoch 2/3:  40%|███▉      | 646/1625 [01:26<02:00,  8.15it/s, acc=68.3%, loss=0.576]
Epoch 2/3:  40%|███▉      | 647/1625 [01:26<02:10,  7.49it/s, acc=68.3%, loss=0.576]
Epoch 2/3:  40%|███▉      | 647/1625 [01:27<02:10,  7.49it/s, acc=68.3%, loss=0.713]
Epoch 2/3:  40%|███▉      | 648/1625 [01:27<02:10,  7.47it/s, acc=68.3%, loss=0.713]
Epoch 2/3:  40%|███▉      | 648/1625 [01:27<02:10,  7.47it/s, acc=68.3%, loss=0.790]
Epoch 2/3:  40%|███▉      | 649/1625 [01:27<02:11,  7.42it/s, acc=68.3%, loss=0.790]
Epoch 2/3:  40%|███▉      | 649/1625 [01:27<02:11,  7.42it/s, acc=68.3%, loss=0.696]
Epoch 2/3:  40%|████      | 650/1625 [01:27<02:16,  7.15it/s, acc=68.3%, loss=0.696]
Epoch 2/3:  40%|████      | 650/1625 [01:27<02:16,  7.15it/s, acc=68.3%, loss=0.851]
Epoch 2/3:  40%|████      | 651/1625 [01:27<02:16,  7.13it/s, acc=68.3%, loss=0.851]
Epoch 2/3:  40%|████      | 651/1625 [01:27<02:16,  7.13it/s, acc=68.3%, loss=0.722]
Epoch 2/3:  40%|████      | 652/1625 [01:27<02:13,  7.31it/s, acc=68.3%, loss=0.722]
Epoch 2/3:  40%|████      | 652/1625 [01:27<02:13,  7.31it/s, acc=68.3%, loss=0.885]
Epoch 2/3:  40%|████      | 653/1625 [01:27<02:10,  7.42it/s, acc=68.3%, loss=0.885]
Epoch 2/3:  40%|████      | 653/1625 [01:27<02:10,  7.42it/s, acc=68.3%, loss=0.882]
Epoch 2/3:  40%|████      | 654/1625 [01:27<02:09,  7.49it/s, acc=68.3%, loss=0.882]
Epoch 2/3:  40%|████      | 654/1625 [01:27<02:09,  7.49it/s, acc=68.3%, loss=0.886]
Epoch 2/3:  40%|████      | 655/1625 [01:27<02:10,  7.41it/s, acc=68.3%, loss=0.886]
Epoch 2/3:  40%|████      | 655/1625 [01:28<02:10,  7.41it/s, acc=68.3%, loss=0.436]
Epoch 2/3:  40%|████      | 656/1625 [01:28<02:08,  7.53it/s, acc=68.3%, loss=0.436]
Epoch 2/3:  40%|████      | 656/1625 [01:28<02:08,  7.53it/s, acc=68.3%, loss=0.679]
Epoch 2/3:  40%|████      | 657/1625 [01:28<02:09,  7.46it/s, acc=68.3%, loss=0.679]
Epoch 2/3:  40%|████      | 657/1625 [01:28<02:09,  7.46it/s, acc=68.3%, loss=0.794]
Epoch 2/3:  40%|████      | 658/1625 [01:28<02:09,  7.49it/s, acc=68.3%, loss=0.794]
Epoch 2/3:  40%|████      | 658/1625 [01:28<02:09,  7.49it/s, acc=68.3%, loss=0.658]
Epoch 2/3:  41%|████      | 659/1625 [01:28<02:05,  7.72it/s, acc=68.3%, loss=0.658]
Epoch 2/3:  41%|████      | 659/1625 [01:28<02:05,  7.72it/s, acc=68.3%, loss=0.815]
Epoch 2/3:  41%|████      | 660/1625 [01:28<02:07,  7.55it/s, acc=68.3%, loss=0.815]
Epoch 2/3:  41%|████      | 660/1625 [01:28<02:07,  7.55it/s, acc=68.2%, loss=0.783]
Epoch 2/3:  41%|████      | 661/1625 [01:28<02:06,  7.65it/s, acc=68.2%, loss=0.783]
Epoch 2/3:  41%|████      | 661/1625 [01:28<02:06,  7.65it/s, acc=68.2%, loss=0.901]
Epoch 2/3:  41%|████      | 662/1625 [01:28<02:07,  7.58it/s, acc=68.2%, loss=0.901]
Epoch 2/3:  41%|████      | 662/1625 [01:29<02:07,  7.58it/s, acc=68.2%, loss=0.921]
Epoch 2/3:  41%|████      | 663/1625 [01:29<02:07,  7.53it/s, acc=68.2%, loss=0.921]
Epoch 2/3:  41%|████      | 663/1625 [01:29<02:07,  7.53it/s, acc=68.2%, loss=0.645]
Epoch 2/3:  41%|████      | 664/1625 [01:29<02:07,  7.54it/s, acc=68.2%, loss=0.645]
Epoch 2/3:  41%|████      | 664/1625 [01:29<02:07,  7.54it/s, acc=68.2%, loss=0.603]
Epoch 2/3:  41%|████      | 665/1625 [01:29<02:09,  7.43it/s, acc=68.2%, loss=0.603]
Epoch 2/3:  41%|████      | 665/1625 [01:29<02:09,  7.43it/s, acc=68.2%, loss=0.983]
Epoch 2/3:  41%|████      | 666/1625 [01:29<02:08,  7.48it/s, acc=68.2%, loss=0.983]
Epoch 2/3:  41%|████      | 666/1625 [01:29<02:08,  7.48it/s, acc=68.2%, loss=0.551]
Epoch 2/3:  41%|████      | 667/1625 [01:29<02:06,  7.56it/s, acc=68.2%, loss=0.551]
Epoch 2/3:  41%|████      | 667/1625 [01:29<02:06,  7.56it/s, acc=68.2%, loss=1.018]
Epoch 2/3:  41%|████      | 668/1625 [01:29<02:07,  7.52it/s, acc=68.2%, loss=1.018]
Epoch 2/3:  41%|████      | 668/1625 [01:29<02:07,  7.52it/s, acc=68.2%, loss=0.764]
Epoch 2/3:  41%|████      | 669/1625 [01:29<02:03,  7.75it/s, acc=68.2%, loss=0.764]
Epoch 2/3:  41%|████      | 669/1625 [01:29<02:03,  7.75it/s, acc=68.2%, loss=0.810]
Epoch 2/3:  41%|████      | 670/1625 [01:29<02:02,  7.78it/s, acc=68.2%, loss=0.810]
Epoch 2/3:  41%|████      | 670/1625 [01:30<02:02,  7.78it/s, acc=68.2%, loss=0.673]
Epoch 2/3:  41%|████▏     | 671/1625 [01:30<02:01,  7.85it/s, acc=68.2%, loss=0.673]
Epoch 2/3:  41%|████▏     | 671/1625 [01:30<02:01,  7.85it/s, acc=68.2%, loss=0.714]
Epoch 2/3:  41%|████▏     | 672/1625 [01:30<02:01,  7.82it/s, acc=68.2%, loss=0.714]
Epoch 2/3:  41%|████▏     | 672/1625 [01:30<02:01,  7.82it/s, acc=68.2%, loss=0.721]
Epoch 2/3:  41%|████▏     | 673/1625 [01:30<01:59,  7.95it/s, acc=68.2%, loss=0.721]
Epoch 2/3:  41%|████▏     | 673/1625 [01:30<01:59,  7.95it/s, acc=68.2%, loss=0.918]
Epoch 2/3:  41%|████▏     | 674/1625 [01:30<02:00,  7.92it/s, acc=68.2%, loss=0.918]
Epoch 2/3:  41%|████▏     | 674/1625 [01:30<02:00,  7.92it/s, acc=68.2%, loss=0.768]
Epoch 2/3:  42%|████▏     | 675/1625 [01:30<02:00,  7.86it/s, acc=68.2%, loss=0.768]
Epoch 2/3:  42%|████▏     | 675/1625 [01:30<02:00,  7.86it/s, acc=68.1%, loss=0.826]
Epoch 2/3:  42%|████▏     | 676/1625 [01:30<02:00,  7.85it/s, acc=68.1%, loss=0.826]
Epoch 2/3:  42%|████▏     | 676/1625 [01:30<02:00,  7.85it/s, acc=68.2%, loss=0.596]
Epoch 2/3:  42%|████▏     | 677/1625 [01:30<02:00,  7.84it/s, acc=68.2%, loss=0.596]
Epoch 2/3:  42%|████▏     | 677/1625 [01:30<02:00,  7.84it/s, acc=68.2%, loss=0.748]
Epoch 2/3:  42%|████▏     | 678/1625 [01:30<02:00,  7.87it/s, acc=68.2%, loss=0.748]
Epoch 2/3:  42%|████▏     | 678/1625 [01:31<02:00,  7.87it/s, acc=68.1%, loss=0.704]
Epoch 2/3:  42%|████▏     | 679/1625 [01:31<02:00,  7.86it/s, acc=68.1%, loss=0.704]
Epoch 2/3:  42%|████▏     | 679/1625 [01:31<02:00,  7.86it/s, acc=68.1%, loss=0.758]
Epoch 2/3:  42%|████▏     | 680/1625 [01:31<01:59,  7.88it/s, acc=68.1%, loss=0.758]
Epoch 2/3:  42%|████▏     | 680/1625 [01:31<01:59,  7.88it/s, acc=68.1%, loss=0.715]
Epoch 2/3:  42%|████▏     | 681/1625 [01:31<02:00,  7.82it/s, acc=68.1%, loss=0.715]
Epoch 2/3:  42%|████▏     | 681/1625 [01:31<02:00,  7.82it/s, acc=68.1%, loss=0.769]
Epoch 2/3:  42%|████▏     | 682/1625 [01:31<01:58,  7.98it/s, acc=68.1%, loss=0.769]
Epoch 2/3:  42%|████▏     | 682/1625 [01:31<01:58,  7.98it/s, acc=68.1%, loss=0.856]
Epoch 2/3:  42%|████▏     | 683/1625 [01:31<01:59,  7.91it/s, acc=68.1%, loss=0.856]
Epoch 2/3:  42%|████▏     | 683/1625 [01:31<01:59,  7.91it/s, acc=68.1%, loss=0.663]
Epoch 2/3:  42%|████▏     | 684/1625 [01:31<01:59,  7.90it/s, acc=68.1%, loss=0.663]
Epoch 2/3:  42%|████▏     | 684/1625 [01:31<01:59,  7.90it/s, acc=68.1%, loss=0.762]
Epoch 2/3:  42%|████▏     | 685/1625 [01:31<01:58,  7.96it/s, acc=68.1%, loss=0.762]
Epoch 2/3:  42%|████▏     | 685/1625 [01:32<01:58,  7.96it/s, acc=68.1%, loss=0.817]
Epoch 2/3:  42%|████▏     | 686/1625 [01:32<02:07,  7.36it/s, acc=68.1%, loss=0.817]
Epoch 2/3:  42%|████▏     | 686/1625 [01:32<02:07,  7.36it/s, acc=68.1%, loss=0.679]
Epoch 2/3:  42%|████▏     | 687/1625 [01:32<02:17,  6.83it/s, acc=68.1%, loss=0.679]
Epoch 2/3:  42%|████▏     | 687/1625 [01:32<02:17,  6.83it/s, acc=68.1%, loss=0.869]
Epoch 2/3:  42%|████▏     | 688/1625 [01:32<02:12,  7.10it/s, acc=68.1%, loss=0.869]
Epoch 2/3:  42%|████▏     | 688/1625 [01:32<02:12,  7.10it/s, acc=68.1%, loss=0.694]
Epoch 2/3:  42%|████▏     | 689/1625 [01:32<02:05,  7.48it/s, acc=68.1%, loss=0.694]
Epoch 2/3:  42%|████▏     | 689/1625 [01:32<02:05,  7.48it/s, acc=68.1%, loss=0.769]
Epoch 2/3:  42%|████▏     | 690/1625 [01:32<02:05,  7.45it/s, acc=68.1%, loss=0.769]
Epoch 2/3:  42%|████▏     | 690/1625 [01:32<02:05,  7.45it/s, acc=68.1%, loss=0.930]
Epoch 2/3:  43%|████▎     | 691/1625 [01:32<01:59,  7.82it/s, acc=68.1%, loss=0.930]
Epoch 2/3:  43%|████▎     | 691/1625 [01:32<01:59,  7.82it/s, acc=68.1%, loss=0.725]
Epoch 2/3:  43%|████▎     | 692/1625 [01:32<01:58,  7.91it/s, acc=68.1%, loss=0.725]
Epoch 2/3:  43%|████▎     | 692/1625 [01:32<01:58,  7.91it/s, acc=68.1%, loss=0.543]
Epoch 2/3:  43%|████▎     | 693/1625 [01:32<02:00,  7.73it/s, acc=68.1%, loss=0.543]
Epoch 2/3:  43%|████▎     | 693/1625 [01:33<02:00,  7.73it/s, acc=68.1%, loss=0.743]
Epoch 2/3:  43%|████▎     | 694/1625 [01:33<02:01,  7.68it/s, acc=68.1%, loss=0.743]
Epoch 2/3:  43%|████▎     | 694/1625 [01:33<02:01,  7.68it/s, acc=68.1%, loss=0.544]
Epoch 2/3:  43%|████▎     | 695/1625 [01:33<02:00,  7.69it/s, acc=68.1%, loss=0.544]
Epoch 2/3:  43%|████▎     | 695/1625 [01:33<02:00,  7.69it/s, acc=68.1%, loss=0.508]
Epoch 2/3:  43%|████▎     | 696/1625 [01:33<01:59,  7.76it/s, acc=68.1%, loss=0.508]
Epoch 2/3:  43%|████▎     | 696/1625 [01:33<01:59,  7.76it/s, acc=68.2%, loss=0.580]
Epoch 2/3:  43%|████▎     | 697/1625 [01:33<01:59,  7.75it/s, acc=68.2%, loss=0.580]
Epoch 2/3:  43%|████▎     | 697/1625 [01:33<01:59,  7.75it/s, acc=68.2%, loss=0.774]
Epoch 2/3:  43%|████▎     | 698/1625 [01:33<01:59,  7.77it/s, acc=68.2%, loss=0.774]
Epoch 2/3:  43%|████▎     | 698/1625 [01:33<01:59,  7.77it/s, acc=68.2%, loss=0.807]
Epoch 2/3:  43%|████▎     | 699/1625 [01:33<01:58,  7.80it/s, acc=68.2%, loss=0.807]
Epoch 2/3:  43%|████▎     | 699/1625 [01:33<01:58,  7.80it/s, acc=68.2%, loss=0.631]
Epoch 2/3:  43%|████▎     | 700/1625 [01:33<01:59,  7.73it/s, acc=68.2%, loss=0.631]
Epoch 2/3:  43%|████▎     | 700/1625 [01:33<01:59,  7.73it/s, acc=68.2%, loss=0.598]
Epoch 2/3:  43%|████▎     | 701/1625 [01:33<01:59,  7.75it/s, acc=68.2%, loss=0.598]
Epoch 2/3:  43%|████▎     | 701/1625 [01:34<01:59,  7.75it/s, acc=68.2%, loss=0.865]
Epoch 2/3:  43%|████▎     | 702/1625 [01:34<01:56,  7.91it/s, acc=68.2%, loss=0.865]
Epoch 2/3:  43%|████▎     | 702/1625 [01:34<01:56,  7.91it/s, acc=68.2%, loss=0.685]
Epoch 2/3:  43%|████▎     | 703/1625 [01:34<01:59,  7.68it/s, acc=68.2%, loss=0.685]
Epoch 2/3:  43%|████▎     | 703/1625 [01:34<01:59,  7.68it/s, acc=68.2%, loss=0.755]
Epoch 2/3:  43%|████▎     | 704/1625 [01:34<02:08,  7.15it/s, acc=68.2%, loss=0.755]
Epoch 2/3:  43%|████▎     | 704/1625 [01:34<02:08,  7.15it/s, acc=68.2%, loss=0.617]
Epoch 2/3:  43%|████▎     | 705/1625 [01:34<02:07,  7.20it/s, acc=68.2%, loss=0.617]
Epoch 2/3:  43%|████▎     | 705/1625 [01:34<02:07,  7.20it/s, acc=68.2%, loss=0.714]
Epoch 2/3:  43%|████▎     | 706/1625 [01:34<02:00,  7.61it/s, acc=68.2%, loss=0.714]
Epoch 2/3:  43%|████▎     | 706/1625 [01:34<02:00,  7.61it/s, acc=68.2%, loss=0.826]
Epoch 2/3:  44%|████▎     | 707/1625 [01:34<01:57,  7.80it/s, acc=68.2%, loss=0.826]
Epoch 2/3:  44%|████▎     | 707/1625 [01:34<01:57,  7.80it/s, acc=68.2%, loss=0.746]
Epoch 2/3:  44%|████▎     | 708/1625 [01:34<01:58,  7.75it/s, acc=68.2%, loss=0.746]
Epoch 2/3:  44%|████▎     | 708/1625 [01:35<01:58,  7.75it/s, acc=68.2%, loss=0.750]
Epoch 2/3:  44%|████▎     | 709/1625 [01:35<02:00,  7.60it/s, acc=68.2%, loss=0.750]
Epoch 2/3:  44%|████▎     | 709/1625 [01:35<02:00,  7.60it/s, acc=68.2%, loss=0.838]
Epoch 2/3:  44%|████▎     | 710/1625 [01:35<01:57,  7.81it/s, acc=68.2%, loss=0.838]
Epoch 2/3:  44%|████▎     | 710/1625 [01:35<01:57,  7.81it/s, acc=68.2%, loss=0.924]
Epoch 2/3:  44%|████▍     | 711/1625 [01:35<01:52,  8.12it/s, acc=68.2%, loss=0.924]
Epoch 2/3:  44%|████▍     | 711/1625 [01:35<01:52,  8.12it/s, acc=68.2%, loss=0.756]
Epoch 2/3:  44%|████▍     | 712/1625 [01:35<01:52,  8.11it/s, acc=68.2%, loss=0.756]
Epoch 2/3:  44%|████▍     | 712/1625 [01:35<01:52,  8.11it/s, acc=68.2%, loss=0.717]
Epoch 2/3:  44%|████▍     | 713/1625 [01:35<01:52,  8.11it/s, acc=68.2%, loss=0.717]
Epoch 2/3:  44%|████▍     | 713/1625 [01:35<01:52,  8.11it/s, acc=68.2%, loss=0.586]
Epoch 2/3:  44%|████▍     | 714/1625 [01:35<01:56,  7.85it/s, acc=68.2%, loss=0.586]
Epoch 2/3:  44%|████▍     | 714/1625 [01:35<01:56,  7.85it/s, acc=68.2%, loss=0.702]
Epoch 2/3:  44%|████▍     | 715/1625 [01:35<01:53,  8.04it/s, acc=68.2%, loss=0.702]
Epoch 2/3:  44%|████▍     | 715/1625 [01:35<01:53,  8.04it/s, acc=68.2%, loss=0.861]
Epoch 2/3:  44%|████▍     | 716/1625 [01:35<01:56,  7.77it/s, acc=68.2%, loss=0.861]
Epoch 2/3:  44%|████▍     | 716/1625 [01:36<01:56,  7.77it/s, acc=68.2%, loss=0.646]
Epoch 2/3:  44%|████▍     | 717/1625 [01:36<01:52,  8.10it/s, acc=68.2%, loss=0.646]
Epoch 2/3:  44%|████▍     | 717/1625 [01:36<01:52,  8.10it/s, acc=68.2%, loss=0.806]
Epoch 2/3:  44%|████▍     | 718/1625 [01:36<01:51,  8.15it/s, acc=68.2%, loss=0.806]
Epoch 2/3:  44%|████▍     | 718/1625 [01:36<01:51,  8.15it/s, acc=68.2%, loss=0.624]
Epoch 2/3:  44%|████▍     | 719/1625 [01:36<01:52,  8.02it/s, acc=68.2%, loss=0.624]
Epoch 2/3:  44%|████▍     | 719/1625 [01:36<01:52,  8.02it/s, acc=68.2%, loss=0.897]
Epoch 2/3:  44%|████▍     | 720/1625 [01:36<01:58,  7.66it/s, acc=68.2%, loss=0.897]
Epoch 2/3:  44%|████▍     | 720/1625 [01:36<01:58,  7.66it/s, acc=68.2%, loss=0.559]
Epoch 2/3:  44%|████▍     | 721/1625 [01:36<01:59,  7.58it/s, acc=68.2%, loss=0.559]
Epoch 2/3:  44%|████▍     | 721/1625 [01:36<01:59,  7.58it/s, acc=68.2%, loss=0.645]
Epoch 2/3:  44%|████▍     | 722/1625 [01:36<02:00,  7.49it/s, acc=68.2%, loss=0.645]
Epoch 2/3:  44%|████▍     | 722/1625 [01:36<02:00,  7.49it/s, acc=68.2%, loss=0.639]
Epoch 2/3:  44%|████▍     | 723/1625 [01:36<01:59,  7.57it/s, acc=68.2%, loss=0.639]
Epoch 2/3:  44%|████▍     | 723/1625 [01:36<01:59,  7.57it/s, acc=68.2%, loss=0.788]
Epoch 2/3:  45%|████▍     | 724/1625 [01:36<01:51,  8.06it/s, acc=68.2%, loss=0.788]
Epoch 2/3:  45%|████▍     | 724/1625 [01:37<01:51,  8.06it/s, acc=68.2%, loss=0.700]
Epoch 2/3:  45%|████▍     | 725/1625 [01:37<01:53,  7.90it/s, acc=68.2%, loss=0.700]
Epoch 2/3:  45%|████▍     | 725/1625 [01:37<01:53,  7.90it/s, acc=68.2%, loss=0.774]
Epoch 2/3:  45%|████▍     | 726/1625 [01:37<01:54,  7.85it/s, acc=68.2%, loss=0.774]
Epoch 2/3:  45%|████▍     | 726/1625 [01:37<01:54,  7.85it/s, acc=68.2%, loss=1.000]
Epoch 2/3:  45%|████▍     | 727/1625 [01:37<01:53,  7.92it/s, acc=68.2%, loss=1.000]
Epoch 2/3:  45%|████▍     | 727/1625 [01:37<01:53,  7.92it/s, acc=68.2%, loss=0.738]
Epoch 2/3:  45%|████▍     | 728/1625 [01:37<01:53,  7.87it/s, acc=68.2%, loss=0.738]
Epoch 2/3:  45%|████▍     | 728/1625 [01:37<01:53,  7.87it/s, acc=68.2%, loss=0.690]
Epoch 2/3:  45%|████▍     | 729/1625 [01:37<01:52,  7.93it/s, acc=68.2%, loss=0.690]
Epoch 2/3:  45%|████▍     | 729/1625 [01:37<01:52,  7.93it/s, acc=68.2%, loss=0.695]
Epoch 2/3:  45%|████▍     | 730/1625 [01:37<01:53,  7.87it/s, acc=68.2%, loss=0.695]
Epoch 2/3:  45%|████▍     | 730/1625 [01:37<01:53,  7.87it/s, acc=68.2%, loss=0.682]
Epoch 2/3:  45%|████▍     | 731/1625 [01:37<01:53,  7.91it/s, acc=68.2%, loss=0.682]
Epoch 2/3:  45%|████▍     | 731/1625 [01:37<01:53,  7.91it/s, acc=68.2%, loss=0.904]
Epoch 2/3:  45%|████▌     | 732/1625 [01:37<01:54,  7.82it/s, acc=68.2%, loss=0.904]
Epoch 2/3:  45%|████▌     | 732/1625 [01:38<01:54,  7.82it/s, acc=68.1%, loss=1.018]
Epoch 2/3:  45%|████▌     | 733/1625 [01:38<01:53,  7.86it/s, acc=68.1%, loss=1.018]
Epoch 2/3:  45%|████▌     | 733/1625 [01:38<01:53,  7.86it/s, acc=68.1%, loss=0.630]
Epoch 2/3:  45%|████▌     | 734/1625 [01:38<01:54,  7.78it/s, acc=68.1%, loss=0.630]
Epoch 2/3:  45%|████▌     | 734/1625 [01:38<01:54,  7.78it/s, acc=68.2%, loss=0.647]
Epoch 2/3:  45%|████▌     | 735/1625 [01:38<01:56,  7.62it/s, acc=68.2%, loss=0.647]
Epoch 2/3:  45%|████▌     | 735/1625 [01:38<01:56,  7.62it/s, acc=68.2%, loss=0.713]
Epoch 2/3:  45%|████▌     | 736/1625 [01:38<01:53,  7.81it/s, acc=68.2%, loss=0.713]
Epoch 2/3:  45%|████▌     | 736/1625 [01:38<01:53,  7.81it/s, acc=68.2%, loss=0.625]
Epoch 2/3:  45%|████▌     | 737/1625 [01:38<01:58,  7.48it/s, acc=68.2%, loss=0.625]
Epoch 2/3:  45%|████▌     | 737/1625 [01:38<01:58,  7.48it/s, acc=68.2%, loss=1.020]
Epoch 2/3:  45%|████▌     | 738/1625 [01:38<02:01,  7.30it/s, acc=68.2%, loss=1.020]
Epoch 2/3:  45%|████▌     | 738/1625 [01:38<02:01,  7.30it/s, acc=68.2%, loss=0.615]
Epoch 2/3:  45%|████▌     | 739/1625 [01:38<01:59,  7.40it/s, acc=68.2%, loss=0.615]
Epoch 2/3:  45%|████▌     | 739/1625 [01:38<01:59,  7.40it/s, acc=68.2%, loss=0.614]
Epoch 2/3:  46%|████▌     | 740/1625 [01:38<01:55,  7.70it/s, acc=68.2%, loss=0.614]
Epoch 2/3:  46%|████▌     | 740/1625 [01:39<01:55,  7.70it/s, acc=68.2%, loss=0.747]
Epoch 2/3:  46%|████▌     | 741/1625 [01:39<01:54,  7.70it/s, acc=68.2%, loss=0.747]
Epoch 2/3:  46%|████▌     | 741/1625 [01:39<01:54,  7.70it/s, acc=68.2%, loss=0.703]
Epoch 2/3:  46%|████▌     | 742/1625 [01:39<01:53,  7.80it/s, acc=68.2%, loss=0.703]
Epoch 2/3:  46%|████▌     | 742/1625 [01:39<01:53,  7.80it/s, acc=68.2%, loss=0.819]
Epoch 2/3:  46%|████▌     | 743/1625 [01:39<01:53,  7.78it/s, acc=68.2%, loss=0.819]
Epoch 2/3:  46%|████▌     | 743/1625 [01:39<01:53,  7.78it/s, acc=68.1%, loss=1.062]
Epoch 2/3:  46%|████▌     | 744/1625 [01:39<01:52,  7.82it/s, acc=68.1%, loss=1.062]
Epoch 2/3:  46%|████▌     | 744/1625 [01:39<01:52,  7.82it/s, acc=68.2%, loss=0.718]
Epoch 2/3:  46%|████▌     | 745/1625 [01:39<01:53,  7.79it/s, acc=68.2%, loss=0.718]
Epoch 2/3:  46%|████▌     | 745/1625 [01:39<01:53,  7.79it/s, acc=68.2%, loss=0.502]
Epoch 2/3:  46%|████▌     | 746/1625 [01:39<01:51,  7.86it/s, acc=68.2%, loss=0.502]
Epoch 2/3:  46%|████▌     | 746/1625 [01:39<01:51,  7.86it/s, acc=68.2%, loss=0.560]
Epoch 2/3:  46%|████▌     | 747/1625 [01:39<01:52,  7.82it/s, acc=68.2%, loss=0.560]
Epoch 2/3:  46%|████▌     | 747/1625 [01:40<01:52,  7.82it/s, acc=68.2%, loss=0.542]
Epoch 2/3:  46%|████▌     | 748/1625 [01:40<01:51,  7.88it/s, acc=68.2%, loss=0.542]
Epoch 2/3:  46%|████▌     | 748/1625 [01:40<01:51,  7.88it/s, acc=68.2%, loss=0.742]
Epoch 2/3:  46%|████▌     | 749/1625 [01:40<01:51,  7.84it/s, acc=68.2%, loss=0.742]
Epoch 2/3:  46%|████▌     | 749/1625 [01:40<01:51,  7.84it/s, acc=68.2%, loss=0.571]
Epoch 2/3:  46%|████▌     | 750/1625 [01:40<01:49,  8.02it/s, acc=68.2%, loss=0.571]
Epoch 2/3:  46%|████▌     | 750/1625 [01:40<01:49,  8.02it/s, acc=68.2%, loss=0.783]
Epoch 2/3:  46%|████▌     | 751/1625 [01:40<01:50,  7.88it/s, acc=68.2%, loss=0.783]
Epoch 2/3:  46%|████▌     | 751/1625 [01:40<01:50,  7.88it/s, acc=68.2%, loss=0.705]
Epoch 2/3:  46%|████▋     | 752/1625 [01:40<01:51,  7.83it/s, acc=68.2%, loss=0.705]
Epoch 2/3:  46%|████▋     | 752/1625 [01:40<01:51,  7.83it/s, acc=68.2%, loss=0.664]
Epoch 2/3:  46%|████▋     | 753/1625 [01:40<01:57,  7.45it/s, acc=68.2%, loss=0.664]
Epoch 2/3:  46%|████▋     | 753/1625 [01:40<01:57,  7.45it/s, acc=68.2%, loss=0.828]
Epoch 2/3:  46%|████▋     | 754/1625 [01:40<02:00,  7.23it/s, acc=68.2%, loss=0.828]
Epoch 2/3:  46%|████▋     | 754/1625 [01:40<02:00,  7.23it/s, acc=68.2%, loss=0.713]
Epoch 2/3:  46%|████▋     | 755/1625 [01:40<02:02,  7.08it/s, acc=68.2%, loss=0.713]
Epoch 2/3:  46%|████▋     | 755/1625 [01:41<02:02,  7.08it/s, acc=68.2%, loss=0.874]
Epoch 2/3:  47%|████▋     | 756/1625 [01:41<02:09,  6.71it/s, acc=68.2%, loss=0.874]
Epoch 2/3:  47%|████▋     | 756/1625 [01:41<02:09,  6.71it/s, acc=68.2%, loss=0.606]
Epoch 2/3:  47%|████▋     | 757/1625 [01:41<02:07,  6.83it/s, acc=68.2%, loss=0.606]
Epoch 2/3:  47%|████▋     | 757/1625 [01:41<02:07,  6.83it/s, acc=68.2%, loss=0.673]
Epoch 2/3:  47%|████▋     | 758/1625 [01:41<02:00,  7.20it/s, acc=68.2%, loss=0.673]
Epoch 2/3:  47%|████▋     | 758/1625 [01:41<02:00,  7.20it/s, acc=68.2%, loss=0.718]
Epoch 2/3:  47%|████▋     | 759/1625 [01:41<01:57,  7.34it/s, acc=68.2%, loss=0.718]
Epoch 2/3:  47%|████▋     | 759/1625 [01:41<01:57,  7.34it/s, acc=68.2%, loss=0.629]
Epoch 2/3:  47%|████▋     | 760/1625 [01:41<01:52,  7.69it/s, acc=68.2%, loss=0.629]
Epoch 2/3:  47%|████▋     | 760/1625 [01:41<01:52,  7.69it/s, acc=68.2%, loss=0.666]
Epoch 2/3:  47%|████▋     | 761/1625 [01:41<01:54,  7.52it/s, acc=68.2%, loss=0.666]
Epoch 2/3:  47%|████▋     | 761/1625 [01:41<01:54,  7.52it/s, acc=68.2%, loss=0.674]
Epoch 2/3:  47%|████▋     | 762/1625 [01:41<01:52,  7.69it/s, acc=68.2%, loss=0.674]
Epoch 2/3:  47%|████▋     | 762/1625 [01:42<01:52,  7.69it/s, acc=68.2%, loss=0.676]
Epoch 2/3:  47%|████▋     | 763/1625 [01:42<01:54,  7.52it/s, acc=68.2%, loss=0.676]
Epoch 2/3:  47%|████▋     | 763/1625 [01:42<01:54,  7.52it/s, acc=68.2%, loss=0.788]
Epoch 2/3:  47%|████▋     | 764/1625 [01:42<01:48,  7.93it/s, acc=68.2%, loss=0.788]
Epoch 2/3:  47%|████▋     | 764/1625 [01:42<01:48,  7.93it/s, acc=68.2%, loss=0.607]
Epoch 2/3:  47%|████▋     | 765/1625 [01:42<01:51,  7.73it/s, acc=68.2%, loss=0.607]
Epoch 2/3:  47%|████▋     | 765/1625 [01:42<01:51,  7.73it/s, acc=68.3%, loss=0.709]
Epoch 2/3:  47%|████▋     | 766/1625 [01:42<01:49,  7.88it/s, acc=68.3%, loss=0.709]
Epoch 2/3:  47%|████▋     | 766/1625 [01:42<01:49,  7.88it/s, acc=68.3%, loss=0.762]
Epoch 2/3:  47%|████▋     | 767/1625 [01:42<01:49,  7.83it/s, acc=68.3%, loss=0.762]
Epoch 2/3:  47%|████▋     | 767/1625 [01:42<01:49,  7.83it/s, acc=68.2%, loss=0.782]
Epoch 2/3:  47%|████▋     | 768/1625 [01:42<01:48,  7.87it/s, acc=68.2%, loss=0.782]
Epoch 2/3:  47%|████▋     | 768/1625 [01:42<01:48,  7.87it/s, acc=68.2%, loss=0.941]
Epoch 2/3:  47%|████▋     | 769/1625 [01:42<01:52,  7.59it/s, acc=68.2%, loss=0.941]
Epoch 2/3:  47%|████▋     | 769/1625 [01:42<01:52,  7.59it/s, acc=68.2%, loss=0.534]
Epoch 2/3:  47%|████▋     | 770/1625 [01:42<01:55,  7.37it/s, acc=68.2%, loss=0.534]
Epoch 2/3:  47%|████▋     | 770/1625 [01:43<01:55,  7.37it/s, acc=68.2%, loss=0.880]
Epoch 2/3:  47%|████▋     | 771/1625 [01:43<01:54,  7.43it/s, acc=68.2%, loss=0.880]
Epoch 2/3:  47%|████▋     | 771/1625 [01:43<01:54,  7.43it/s, acc=68.2%, loss=0.649]
Epoch 2/3:  48%|████▊     | 772/1625 [01:43<01:55,  7.36it/s, acc=68.2%, loss=0.649]
Epoch 2/3:  48%|████▊     | 772/1625 [01:43<01:55,  7.36it/s, acc=68.2%, loss=0.696]
Epoch 2/3:  48%|████▊     | 773/1625 [01:43<01:52,  7.58it/s, acc=68.2%, loss=0.696]
Epoch 2/3:  48%|████▊     | 773/1625 [01:43<01:52,  7.58it/s, acc=68.2%, loss=0.861]
Epoch 2/3:  48%|████▊     | 774/1625 [01:43<01:53,  7.52it/s, acc=68.2%, loss=0.861]
Epoch 2/3:  48%|████▊     | 774/1625 [01:43<01:53,  7.52it/s, acc=68.2%, loss=0.604]
Epoch 2/3:  48%|████▊     | 775/1625 [01:43<01:50,  7.72it/s, acc=68.2%, loss=0.604]
Epoch 2/3:  48%|████▊     | 775/1625 [01:43<01:50,  7.72it/s, acc=68.2%, loss=0.736]
Epoch 2/3:  48%|████▊     | 776/1625 [01:43<01:51,  7.61it/s, acc=68.2%, loss=0.736]
Epoch 2/3:  48%|████▊     | 776/1625 [01:43<01:51,  7.61it/s, acc=68.2%, loss=0.680]
Epoch 2/3:  48%|████▊     | 777/1625 [01:43<01:48,  7.82it/s, acc=68.2%, loss=0.680]
Epoch 2/3:  48%|████▊     | 777/1625 [01:43<01:48,  7.82it/s, acc=68.2%, loss=0.997]
Epoch 2/3:  48%|████▊     | 778/1625 [01:43<01:50,  7.68it/s, acc=68.2%, loss=0.997]
Epoch 2/3:  48%|████▊     | 778/1625 [01:44<01:50,  7.68it/s, acc=68.2%, loss=0.974]
Epoch 2/3:  48%|████▊     | 779/1625 [01:44<01:51,  7.62it/s, acc=68.2%, loss=0.974]
Epoch 2/3:  48%|████▊     | 779/1625 [01:44<01:51,  7.62it/s, acc=68.2%, loss=0.664]
Epoch 2/3:  48%|████▊     | 780/1625 [01:44<01:50,  7.66it/s, acc=68.2%, loss=0.664]
Epoch 2/3:  48%|████▊     | 780/1625 [01:44<01:50,  7.66it/s, acc=68.2%, loss=0.761]
Epoch 2/3:  48%|████▊     | 781/1625 [01:44<01:49,  7.73it/s, acc=68.2%, loss=0.761]
Epoch 2/3:  48%|████▊     | 781/1625 [01:44<01:49,  7.73it/s, acc=68.2%, loss=0.824]
Epoch 2/3:  48%|████▊     | 782/1625 [01:44<01:49,  7.72it/s, acc=68.2%, loss=0.824]
Epoch 2/3:  48%|████▊     | 782/1625 [01:44<01:49,  7.72it/s, acc=68.2%, loss=0.595]
Epoch 2/3:  48%|████▊     | 783/1625 [01:44<01:48,  7.74it/s, acc=68.2%, loss=0.595]
Epoch 2/3:  48%|████▊     | 783/1625 [01:44<01:48,  7.74it/s, acc=68.3%, loss=0.550]
Epoch 2/3:  48%|████▊     | 784/1625 [01:44<01:49,  7.68it/s, acc=68.3%, loss=0.550]
Epoch 2/3:  48%|████▊     | 784/1625 [01:44<01:49,  7.68it/s, acc=68.2%, loss=0.977]
Epoch 2/3:  48%|████▊     | 785/1625 [01:44<01:51,  7.53it/s, acc=68.2%, loss=0.977]
Epoch 2/3:  48%|████▊     | 785/1625 [01:45<01:51,  7.53it/s, acc=68.2%, loss=0.802]
Epoch 2/3:  48%|████▊     | 786/1625 [01:45<01:49,  7.67it/s, acc=68.2%, loss=0.802]
Epoch 2/3:  48%|████▊     | 786/1625 [01:45<01:49,  7.67it/s, acc=68.2%, loss=0.800]
Epoch 2/3:  48%|████▊     | 787/1625 [01:45<01:51,  7.55it/s, acc=68.2%, loss=0.800]
Epoch 2/3:  48%|████▊     | 787/1625 [01:45<01:51,  7.55it/s, acc=68.2%, loss=0.787]
Epoch 2/3:  48%|████▊     | 788/1625 [01:45<01:49,  7.64it/s, acc=68.2%, loss=0.787]
Epoch 2/3:  48%|████▊     | 788/1625 [01:45<01:49,  7.64it/s, acc=68.2%, loss=0.735]
Epoch 2/3:  49%|████▊     | 789/1625 [01:45<01:52,  7.45it/s, acc=68.2%, loss=0.735]
Epoch 2/3:  49%|████▊     | 789/1625 [01:45<01:52,  7.45it/s, acc=68.2%, loss=0.789]
Epoch 2/3:  49%|████▊     | 790/1625 [01:45<01:56,  7.17it/s, acc=68.2%, loss=0.789]
Epoch 2/3:  49%|████▊     | 790/1625 [01:45<01:56,  7.17it/s, acc=68.2%, loss=0.924]
Epoch 2/3:  49%|████▊     | 791/1625 [01:45<01:58,  7.06it/s, acc=68.2%, loss=0.924]
Epoch 2/3:  49%|████▊     | 791/1625 [01:45<01:58,  7.06it/s, acc=68.2%, loss=0.509]
Epoch 2/3:  49%|████▊     | 792/1625 [01:45<01:54,  7.25it/s, acc=68.2%, loss=0.509]
Epoch 2/3:  49%|████▊     | 792/1625 [01:45<01:54,  7.25it/s, acc=68.2%, loss=0.812]
Epoch 2/3:  49%|████▉     | 793/1625 [01:45<01:51,  7.48it/s, acc=68.2%, loss=0.812]
Epoch 2/3:  49%|████▉     | 793/1625 [01:46<01:51,  7.48it/s, acc=68.3%, loss=0.514]
Epoch 2/3:  49%|████▉     | 794/1625 [01:46<01:50,  7.55it/s, acc=68.3%, loss=0.514]
Epoch 2/3:  49%|████▉     | 794/1625 [01:46<01:50,  7.55it/s, acc=68.3%, loss=0.668]
Epoch 2/3:  49%|████▉     | 795/1625 [01:46<01:48,  7.62it/s, acc=68.3%, loss=0.668]
Epoch 2/3:  49%|████▉     | 795/1625 [01:46<01:48,  7.62it/s, acc=68.3%, loss=0.853]
Epoch 2/3:  49%|████▉     | 796/1625 [01:46<01:48,  7.64it/s, acc=68.3%, loss=0.853]
Epoch 2/3:  49%|████▉     | 796/1625 [01:46<01:48,  7.64it/s, acc=68.3%, loss=0.574]
Epoch 2/3:  49%|████▉     | 797/1625 [01:46<01:47,  7.73it/s, acc=68.3%, loss=0.574]
Epoch 2/3:  49%|████▉     | 797/1625 [01:46<01:47,  7.73it/s, acc=68.3%, loss=0.545]
Epoch 2/3:  49%|████▉     | 798/1625 [01:46<01:46,  7.76it/s, acc=68.3%, loss=0.545]
Epoch 2/3:  49%|████▉     | 798/1625 [01:46<01:46,  7.76it/s, acc=68.3%, loss=0.750]
Epoch 2/3:  49%|████▉     | 799/1625 [01:46<01:45,  7.82it/s, acc=68.3%, loss=0.750]
Epoch 2/3:  49%|████▉     | 799/1625 [01:46<01:45,  7.82it/s, acc=68.3%, loss=0.694]
Epoch 2/3:  49%|████▉     | 800/1625 [01:46<01:45,  7.79it/s, acc=68.3%, loss=0.694]
Epoch 2/3:  49%|████▉     | 800/1625 [01:47<01:45,  7.79it/s, acc=68.3%, loss=0.649]
Epoch 2/3:  49%|████▉     | 801/1625 [01:47<01:44,  7.87it/s, acc=68.3%, loss=0.649]
Epoch 2/3:  49%|████▉     | 801/1625 [01:47<01:44,  7.87it/s, acc=68.3%, loss=0.615]
Epoch 2/3:  49%|████▉     | 802/1625 [01:47<01:45,  7.79it/s, acc=68.3%, loss=0.615]
Epoch 2/3:  49%|████▉     | 802/1625 [01:47<01:45,  7.79it/s, acc=68.3%, loss=0.733]
Epoch 2/3:  49%|████▉     | 803/1625 [01:47<01:42,  7.99it/s, acc=68.3%, loss=0.733]
Epoch 2/3:  49%|████▉     | 803/1625 [01:47<01:42,  7.99it/s, acc=68.3%, loss=0.603]
Epoch 2/3:  49%|████▉     | 804/1625 [01:47<01:45,  7.75it/s, acc=68.3%, loss=0.603]
Epoch 2/3:  49%|████▉     | 804/1625 [01:47<01:45,  7.75it/s, acc=68.3%, loss=0.512]
Epoch 2/3:  50%|████▉     | 805/1625 [01:47<01:43,  7.90it/s, acc=68.3%, loss=0.512]
Epoch 2/3:  50%|████▉     | 805/1625 [01:47<01:43,  7.90it/s, acc=68.3%, loss=0.557]
Epoch 2/3:  50%|████▉     | 806/1625 [01:47<01:41,  8.07it/s, acc=68.3%, loss=0.557]
Epoch 2/3:  50%|████▉     | 806/1625 [01:47<01:41,  8.07it/s, acc=68.4%, loss=0.612]
Epoch 2/3:  50%|████▉     | 807/1625 [01:47<01:49,  7.46it/s, acc=68.4%, loss=0.612]
Epoch 2/3:  50%|████▉     | 807/1625 [01:47<01:49,  7.46it/s, acc=68.4%, loss=0.729]
Epoch 2/3:  50%|████▉     | 808/1625 [01:47<01:57,  6.93it/s, acc=68.4%, loss=0.729]
Epoch 2/3:  50%|████▉     | 808/1625 [01:48<01:57,  6.93it/s, acc=68.4%, loss=0.689]
Epoch 2/3:  50%|████▉     | 809/1625 [01:48<02:02,  6.67it/s, acc=68.4%, loss=0.689]
Epoch 2/3:  50%|████▉     | 809/1625 [01:48<02:02,  6.67it/s, acc=68.4%, loss=0.693]
Epoch 2/3:  50%|████▉     | 810/1625 [01:48<01:54,  7.12it/s, acc=68.4%, loss=0.693]
Epoch 2/3:  50%|████▉     | 810/1625 [01:48<01:54,  7.12it/s, acc=68.4%, loss=0.689]
Epoch 2/3:  50%|████▉     | 811/1625 [01:48<01:54,  7.12it/s, acc=68.4%, loss=0.689]
Epoch 2/3:  50%|████▉     | 811/1625 [01:48<01:54,  7.12it/s, acc=68.4%, loss=0.866]
Epoch 2/3:  50%|████▉     | 812/1625 [01:48<01:51,  7.32it/s, acc=68.4%, loss=0.866]
Epoch 2/3:  50%|████▉     | 812/1625 [01:48<01:51,  7.32it/s, acc=68.4%, loss=0.802]
Epoch 2/3:  50%|█████     | 813/1625 [01:48<01:49,  7.39it/s, acc=68.4%, loss=0.802]
Epoch 2/3:  50%|█████     | 813/1625 [01:48<01:49,  7.39it/s, acc=68.4%, loss=0.827]
Epoch 2/3:  50%|█████     | 814/1625 [01:48<01:50,  7.34it/s, acc=68.4%, loss=0.827]
Epoch 2/3:  50%|█████     | 814/1625 [01:48<01:50,  7.34it/s, acc=68.4%, loss=0.803]
Epoch 2/3:  50%|█████     | 815/1625 [01:48<01:45,  7.67it/s, acc=68.4%, loss=0.803]
Epoch 2/3:  50%|█████     | 815/1625 [01:49<01:45,  7.67it/s, acc=68.4%, loss=0.707]
Epoch 2/3:  50%|█████     | 816/1625 [01:49<01:45,  7.63it/s, acc=68.4%, loss=0.707]
Epoch 2/3:  50%|█████     | 816/1625 [01:49<01:45,  7.63it/s, acc=68.4%, loss=0.658]
Epoch 2/3:  50%|█████     | 817/1625 [01:49<01:45,  7.63it/s, acc=68.4%, loss=0.658]
Epoch 2/3:  50%|█████     | 817/1625 [01:49<01:45,  7.63it/s, acc=68.4%, loss=0.693]
Epoch 2/3:  50%|█████     | 818/1625 [01:49<01:43,  7.81it/s, acc=68.4%, loss=0.693]
Epoch 2/3:  50%|█████     | 818/1625 [01:49<01:43,  7.81it/s, acc=68.4%, loss=0.768]
Epoch 2/3:  50%|█████     | 819/1625 [01:49<01:43,  7.82it/s, acc=68.4%, loss=0.768]
Epoch 2/3:  50%|█████     | 819/1625 [01:49<01:43,  7.82it/s, acc=68.3%, loss=1.013]
Epoch 2/3:  50%|█████     | 820/1625 [01:49<01:43,  7.75it/s, acc=68.3%, loss=1.013]
Epoch 2/3:  50%|█████     | 820/1625 [01:49<01:43,  7.75it/s, acc=68.3%, loss=0.834]
Epoch 2/3:  51%|█████     | 821/1625 [01:49<01:45,  7.59it/s, acc=68.3%, loss=0.834]
Epoch 2/3:  51%|█████     | 821/1625 [01:49<01:45,  7.59it/s, acc=68.3%, loss=0.897]
Epoch 2/3:  51%|█████     | 822/1625 [01:49<01:43,  7.79it/s, acc=68.3%, loss=0.897]
Epoch 2/3:  51%|█████     | 822/1625 [01:49<01:43,  7.79it/s, acc=68.3%, loss=0.595]
Epoch 2/3:  51%|█████     | 823/1625 [01:49<01:45,  7.58it/s, acc=68.3%, loss=0.595]
Epoch 2/3:  51%|█████     | 823/1625 [01:50<01:45,  7.58it/s, acc=68.3%, loss=0.840]
Epoch 2/3:  51%|█████     | 824/1625 [01:50<01:45,  7.60it/s, acc=68.3%, loss=0.840]
Epoch 2/3:  51%|█████     | 824/1625 [01:50<01:45,  7.60it/s, acc=68.3%, loss=0.717]
Epoch 2/3:  51%|█████     | 825/1625 [01:50<01:50,  7.26it/s, acc=68.3%, loss=0.717]
Epoch 2/3:  51%|█████     | 825/1625 [01:50<01:50,  7.26it/s, acc=68.3%, loss=0.835]
Epoch 2/3:  51%|█████     | 826/1625 [01:50<01:52,  7.11it/s, acc=68.3%, loss=0.835]
Epoch 2/3:  51%|█████     | 826/1625 [01:50<01:52,  7.11it/s, acc=68.3%, loss=0.608]
Epoch 2/3:  51%|█████     | 827/1625 [01:50<01:52,  7.11it/s, acc=68.3%, loss=0.608]
Epoch 2/3:  51%|█████     | 827/1625 [01:50<01:52,  7.11it/s, acc=68.3%, loss=0.488]
Epoch 2/3:  51%|█████     | 828/1625 [01:50<01:49,  7.29it/s, acc=68.3%, loss=0.488]
Epoch 2/3:  51%|█████     | 828/1625 [01:50<01:49,  7.29it/s, acc=68.3%, loss=0.737]
Epoch 2/3:  51%|█████     | 829/1625 [01:50<01:46,  7.51it/s, acc=68.3%, loss=0.737]
Epoch 2/3:  51%|█████     | 829/1625 [01:50<01:46,  7.51it/s, acc=68.3%, loss=0.753]
Epoch 2/3:  51%|█████     | 830/1625 [01:50<01:45,  7.57it/s, acc=68.3%, loss=0.753]
Epoch 2/3:  51%|█████     | 830/1625 [01:51<01:45,  7.57it/s, acc=68.3%, loss=0.819]
Epoch 2/3:  51%|█████     | 831/1625 [01:51<01:42,  7.72it/s, acc=68.3%, loss=0.819]
Epoch 2/3:  51%|█████     | 831/1625 [01:51<01:42,  7.72it/s, acc=68.3%, loss=0.589]
Epoch 2/3:  51%|█████     | 832/1625 [01:51<01:40,  7.89it/s, acc=68.3%, loss=0.589]
Epoch 2/3:  51%|█████     | 832/1625 [01:51<01:40,  7.89it/s, acc=68.3%, loss=0.910]
Epoch 2/3:  51%|█████▏    | 833/1625 [01:51<01:43,  7.66it/s, acc=68.3%, loss=0.910]
Epoch 2/3:  51%|█████▏    | 833/1625 [01:51<01:43,  7.66it/s, acc=68.3%, loss=0.747]
Epoch 2/3:  51%|█████▏    | 834/1625 [01:51<01:41,  7.76it/s, acc=68.3%, loss=0.747]
Epoch 2/3:  51%|█████▏    | 834/1625 [01:51<01:41,  7.76it/s, acc=68.3%, loss=0.682]
Epoch 2/3:  51%|█████▏    | 835/1625 [01:51<01:44,  7.56it/s, acc=68.3%, loss=0.682]
Epoch 2/3:  51%|█████▏    | 835/1625 [01:51<01:44,  7.56it/s, acc=68.4%, loss=0.564]
Epoch 2/3:  51%|█████▏    | 836/1625 [01:51<01:43,  7.62it/s, acc=68.4%, loss=0.564]
Epoch 2/3:  51%|█████▏    | 836/1625 [01:51<01:43,  7.62it/s, acc=68.4%, loss=0.675]
Epoch 2/3:  52%|█████▏    | 837/1625 [01:51<01:43,  7.62it/s, acc=68.4%, loss=0.675]
Epoch 2/3:  52%|█████▏    | 837/1625 [01:51<01:43,  7.62it/s, acc=68.4%, loss=1.023]
Epoch 2/3:  52%|█████▏    | 838/1625 [01:51<01:45,  7.49it/s, acc=68.4%, loss=1.023]
Epoch 2/3:  52%|█████▏    | 838/1625 [01:52<01:45,  7.49it/s, acc=68.4%, loss=0.562]
Epoch 2/3:  52%|█████▏    | 839/1625 [01:52<01:41,  7.71it/s, acc=68.4%, loss=0.562]
Epoch 2/3:  52%|█████▏    | 839/1625 [01:52<01:41,  7.71it/s, acc=68.4%, loss=0.875]
Epoch 2/3:  52%|█████▏    | 840/1625 [01:52<01:43,  7.55it/s, acc=68.4%, loss=0.875]
Epoch 2/3:  52%|█████▏    | 840/1625 [01:52<01:43,  7.55it/s, acc=68.3%, loss=0.652]
Epoch 2/3:  52%|█████▏    | 841/1625 [01:52<01:42,  7.65it/s, acc=68.3%, loss=0.652]
Epoch 2/3:  52%|█████▏    | 841/1625 [01:52<01:42,  7.65it/s, acc=68.4%, loss=0.480]
Epoch 2/3:  52%|█████▏    | 842/1625 [01:52<01:43,  7.56it/s, acc=68.4%, loss=0.480]
Epoch 2/3:  52%|█████▏    | 842/1625 [01:52<01:43,  7.56it/s, acc=68.4%, loss=0.656]
Epoch 2/3:  52%|█████▏    | 843/1625 [01:52<01:44,  7.52it/s, acc=68.4%, loss=0.656]
Epoch 2/3:  52%|█████▏    | 843/1625 [01:52<01:44,  7.52it/s, acc=68.4%, loss=0.887]
Epoch 2/3:  52%|█████▏    | 844/1625 [01:52<01:51,  6.99it/s, acc=68.4%, loss=0.887]
Epoch 2/3:  52%|█████▏    | 844/1625 [01:52<01:51,  6.99it/s, acc=68.4%, loss=0.511]
Epoch 2/3:  52%|█████▏    | 845/1625 [01:52<01:48,  7.20it/s, acc=68.4%, loss=0.511]
Epoch 2/3:  52%|█████▏    | 845/1625 [01:53<01:48,  7.20it/s, acc=68.4%, loss=0.614]
Epoch 2/3:  52%|█████▏    | 846/1625 [01:53<01:43,  7.53it/s, acc=68.4%, loss=0.614]
Epoch 2/3:  52%|█████▏    | 846/1625 [01:53<01:43,  7.53it/s, acc=68.4%, loss=0.707]
Epoch 2/3:  52%|█████▏    | 847/1625 [01:53<01:38,  7.86it/s, acc=68.4%, loss=0.707]
Epoch 2/3:  52%|█████▏    | 847/1625 [01:53<01:38,  7.86it/s, acc=68.4%, loss=0.649]
Epoch 2/3:  52%|█████▏    | 848/1625 [01:53<01:37,  7.94it/s, acc=68.4%, loss=0.649]
Epoch 2/3:  52%|█████▏    | 848/1625 [01:53<01:37,  7.94it/s, acc=68.4%, loss=0.632]
Epoch 2/3:  52%|█████▏    | 849/1625 [01:53<01:38,  7.85it/s, acc=68.4%, loss=0.632]
Epoch 2/3:  52%|█████▏    | 849/1625 [01:53<01:38,  7.85it/s, acc=68.4%, loss=0.665]
Epoch 2/3:  52%|█████▏    | 850/1625 [01:53<01:41,  7.66it/s, acc=68.4%, loss=0.665]
Epoch 2/3:  52%|█████▏    | 850/1625 [01:53<01:41,  7.66it/s, acc=68.4%, loss=0.622]
Epoch 2/3:  52%|█████▏    | 851/1625 [01:53<01:40,  7.72it/s, acc=68.4%, loss=0.622]
Epoch 2/3:  52%|█████▏    | 851/1625 [01:53<01:40,  7.72it/s, acc=68.4%, loss=0.699]
Epoch 2/3:  52%|█████▏    | 852/1625 [01:53<01:40,  7.67it/s, acc=68.4%, loss=0.699]
Epoch 2/3:  52%|█████▏    | 852/1625 [01:53<01:40,  7.67it/s, acc=68.4%, loss=0.595]
Epoch 2/3:  52%|█████▏    | 853/1625 [01:53<01:42,  7.57it/s, acc=68.4%, loss=0.595]
Epoch 2/3:  52%|█████▏    | 853/1625 [01:54<01:42,  7.57it/s, acc=68.4%, loss=0.617]
Epoch 2/3:  53%|█████▎    | 854/1625 [01:54<01:41,  7.61it/s, acc=68.4%, loss=0.617]
Epoch 2/3:  53%|█████▎    | 854/1625 [01:54<01:41,  7.61it/s, acc=68.4%, loss=0.541]
Epoch 2/3:  53%|█████▎    | 855/1625 [01:54<01:39,  7.72it/s, acc=68.4%, loss=0.541]
Epoch 2/3:  53%|█████▎    | 855/1625 [01:54<01:39,  7.72it/s, acc=68.4%, loss=0.992]
Epoch 2/3:  53%|█████▎    | 856/1625 [01:54<01:39,  7.69it/s, acc=68.4%, loss=0.992]
Epoch 2/3:  53%|█████▎    | 856/1625 [01:54<01:39,  7.69it/s, acc=68.4%, loss=0.776]
Epoch 2/3:  53%|█████▎    | 857/1625 [01:54<01:38,  7.82it/s, acc=68.4%, loss=0.776]
Epoch 2/3:  53%|█████▎    | 857/1625 [01:54<01:38,  7.82it/s, acc=68.4%, loss=0.549]
Epoch 2/3:  53%|█████▎    | 858/1625 [01:54<01:39,  7.74it/s, acc=68.4%, loss=0.549]
Epoch 2/3:  53%|█████▎    | 858/1625 [01:54<01:39,  7.74it/s, acc=68.4%, loss=0.679]
Epoch 2/3:  53%|█████▎    | 859/1625 [01:54<01:47,  7.12it/s, acc=68.4%, loss=0.679]
Epoch 2/3:  53%|█████▎    | 859/1625 [01:54<01:47,  7.12it/s, acc=68.4%, loss=0.890]
Epoch 2/3:  53%|█████▎    | 860/1625 [01:54<01:47,  7.13it/s, acc=68.4%, loss=0.890]
Epoch 2/3:  53%|█████▎    | 860/1625 [01:55<01:47,  7.13it/s, acc=68.4%, loss=0.793]
Epoch 2/3:  53%|█████▎    | 861/1625 [01:55<01:46,  7.18it/s, acc=68.4%, loss=0.793]
Epoch 2/3:  53%|█████▎    | 861/1625 [01:55<01:46,  7.18it/s, acc=68.4%, loss=0.804]
Epoch 2/3:  53%|█████▎    | 862/1625 [01:55<01:43,  7.34it/s, acc=68.4%, loss=0.804]
Epoch 2/3:  53%|█████▎    | 862/1625 [01:55<01:43,  7.34it/s, acc=68.4%, loss=0.710]
Epoch 2/3:  53%|█████▎    | 863/1625 [01:55<01:36,  7.90it/s, acc=68.4%, loss=0.710]
Epoch 2/3:  53%|█████▎    | 863/1625 [01:55<01:36,  7.90it/s, acc=68.4%, loss=0.606]
Epoch 2/3:  53%|█████▎    | 864/1625 [01:55<01:32,  8.25it/s, acc=68.4%, loss=0.606]
Epoch 2/3:  53%|█████▎    | 864/1625 [01:55<01:32,  8.25it/s, acc=68.4%, loss=0.752]
Epoch 2/3:  53%|█████▎    | 865/1625 [01:55<01:33,  8.15it/s, acc=68.4%, loss=0.752]
Epoch 2/3:  53%|█████▎    | 865/1625 [01:55<01:33,  8.15it/s, acc=68.4%, loss=0.546]
Epoch 2/3:  53%|█████▎    | 866/1625 [01:55<01:34,  8.01it/s, acc=68.4%, loss=0.546]
Epoch 2/3:  53%|█████▎    | 866/1625 [01:55<01:34,  8.01it/s, acc=68.4%, loss=0.719]
Epoch 2/3:  53%|█████▎    | 867/1625 [01:55<01:32,  8.23it/s, acc=68.4%, loss=0.719]
Epoch 2/3:  53%|█████▎    | 867/1625 [01:55<01:32,  8.23it/s, acc=68.4%, loss=0.604]
Epoch 2/3:  53%|█████▎    | 868/1625 [01:55<01:30,  8.37it/s, acc=68.4%, loss=0.604]
Epoch 2/3:  53%|█████▎    | 868/1625 [01:55<01:30,  8.37it/s, acc=68.4%, loss=0.571]
Epoch 2/3:  53%|█████▎    | 869/1625 [01:55<01:30,  8.35it/s, acc=68.4%, loss=0.571]
Epoch 2/3:  53%|█████▎    | 869/1625 [01:56<01:30,  8.35it/s, acc=68.4%, loss=0.643]
Epoch 2/3:  54%|█████▎    | 870/1625 [01:56<01:32,  8.15it/s, acc=68.4%, loss=0.643]
Epoch 2/3:  54%|█████▎    | 870/1625 [01:56<01:32,  8.15it/s, acc=68.4%, loss=0.677]
Epoch 2/3:  54%|█████▎    | 871/1625 [01:56<01:30,  8.31it/s, acc=68.4%, loss=0.677]
Epoch 2/3:  54%|█████▎    | 871/1625 [01:56<01:30,  8.31it/s, acc=68.4%, loss=0.914]
Epoch 2/3:  54%|█████▎    | 872/1625 [01:56<01:31,  8.20it/s, acc=68.4%, loss=0.914]
Epoch 2/3:  54%|█████▎    | 872/1625 [01:56<01:31,  8.20it/s, acc=68.4%, loss=0.654]
Epoch 2/3:  54%|█████▎    | 873/1625 [01:56<01:33,  8.05it/s, acc=68.4%, loss=0.654]
Epoch 2/3:  54%|█████▎    | 873/1625 [01:56<01:33,  8.05it/s, acc=68.4%, loss=0.914]
Epoch 2/3:  54%|█████▍    | 874/1625 [01:56<01:30,  8.26it/s, acc=68.4%, loss=0.914]
Epoch 2/3:  54%|█████▍    | 874/1625 [01:56<01:30,  8.26it/s, acc=68.4%, loss=0.846]
Epoch 2/3:  54%|█████▍    | 875/1625 [01:56<01:31,  8.24it/s, acc=68.4%, loss=0.846]
Epoch 2/3:  54%|█████▍    | 875/1625 [01:56<01:31,  8.24it/s, acc=68.4%, loss=0.787]
Epoch 2/3:  54%|█████▍    | 876/1625 [01:56<01:32,  8.12it/s, acc=68.4%, loss=0.787]
Epoch 2/3:  54%|█████▍    | 876/1625 [01:56<01:32,  8.12it/s, acc=68.4%, loss=0.845]
Epoch 2/3:  54%|█████▍    | 877/1625 [01:56<01:32,  8.09it/s, acc=68.4%, loss=0.845]
Epoch 2/3:  54%|█████▍    | 877/1625 [01:57<01:32,  8.09it/s, acc=68.4%, loss=0.641]
Epoch 2/3:  54%|█████▍    | 878/1625 [01:57<01:33,  7.97it/s, acc=68.4%, loss=0.641]
Epoch 2/3:  54%|█████▍    | 878/1625 [01:57<01:33,  7.97it/s, acc=68.4%, loss=0.855]
Epoch 2/3:  54%|█████▍    | 879/1625 [01:57<01:34,  7.91it/s, acc=68.4%, loss=0.855]
Epoch 2/3:  54%|█████▍    | 879/1625 [01:57<01:34,  7.91it/s, acc=68.4%, loss=1.031]
Epoch 2/3:  54%|█████▍    | 880/1625 [01:57<01:35,  7.80it/s, acc=68.4%, loss=1.031]
Epoch 2/3:  54%|█████▍    | 880/1625 [01:57<01:35,  7.80it/s, acc=68.4%, loss=0.783]
Epoch 2/3:  54%|█████▍    | 881/1625 [01:57<01:36,  7.71it/s, acc=68.4%, loss=0.783]
Epoch 2/3:  54%|█████▍    | 881/1625 [01:57<01:36,  7.71it/s, acc=68.4%, loss=0.698]
Epoch 2/3:  54%|█████▍    | 882/1625 [01:57<01:33,  7.96it/s, acc=68.4%, loss=0.698]
Epoch 2/3:  54%|█████▍    | 882/1625 [01:57<01:33,  7.96it/s, acc=68.4%, loss=0.684]
Epoch 2/3:  54%|█████▍    | 883/1625 [01:57<01:32,  8.05it/s, acc=68.4%, loss=0.684]
Epoch 2/3:  54%|█████▍    | 883/1625 [01:57<01:32,  8.05it/s, acc=68.4%, loss=0.676]
Epoch 2/3:  54%|█████▍    | 884/1625 [01:57<01:33,  7.95it/s, acc=68.4%, loss=0.676]
Epoch 2/3:  54%|█████▍    | 884/1625 [01:57<01:33,  7.95it/s, acc=68.4%, loss=0.825]
Epoch 2/3:  54%|█████▍    | 885/1625 [01:57<01:32,  7.96it/s, acc=68.4%, loss=0.825]
Epoch 2/3:  54%|█████▍    | 885/1625 [01:58<01:32,  7.96it/s, acc=68.4%, loss=0.801]
Epoch 2/3:  55%|█████▍    | 886/1625 [01:58<01:33,  7.89it/s, acc=68.4%, loss=0.801]
Epoch 2/3:  55%|█████▍    | 886/1625 [01:58<01:33,  7.89it/s, acc=68.4%, loss=0.883]
Epoch 2/3:  55%|█████▍    | 887/1625 [01:58<01:33,  7.92it/s, acc=68.4%, loss=0.883]
Epoch 2/3:  55%|█████▍    | 887/1625 [01:58<01:33,  7.92it/s, acc=68.4%, loss=0.883]
Epoch 2/3:  55%|█████▍    | 888/1625 [01:58<01:29,  8.23it/s, acc=68.4%, loss=0.883]
Epoch 2/3:  55%|█████▍    | 888/1625 [01:58<01:29,  8.23it/s, acc=68.4%, loss=0.689]
Epoch 2/3:  55%|█████▍    | 889/1625 [01:58<01:29,  8.26it/s, acc=68.4%, loss=0.689]
Epoch 2/3:  55%|█████▍    | 889/1625 [01:58<01:29,  8.26it/s, acc=68.4%, loss=0.927]
Epoch 2/3:  55%|█████▍    | 890/1625 [01:58<01:30,  8.09it/s, acc=68.4%, loss=0.927]
Epoch 2/3:  55%|█████▍    | 890/1625 [01:58<01:30,  8.09it/s, acc=68.4%, loss=0.703]
Epoch 2/3:  55%|█████▍    | 891/1625 [01:58<01:30,  8.12it/s, acc=68.4%, loss=0.703]
Epoch 2/3:  55%|█████▍    | 891/1625 [01:58<01:30,  8.12it/s, acc=68.4%, loss=0.620]
Epoch 2/3:  55%|█████▍    | 892/1625 [01:58<01:31,  7.99it/s, acc=68.4%, loss=0.620]
Epoch 2/3:  55%|█████▍    | 892/1625 [01:58<01:31,  7.99it/s, acc=68.4%, loss=0.587]
Epoch 2/3:  55%|█████▍    | 893/1625 [01:58<01:31,  7.97it/s, acc=68.4%, loss=0.587]
Epoch 2/3:  55%|█████▍    | 893/1625 [01:59<01:31,  7.97it/s, acc=68.4%, loss=0.674]
Epoch 2/3:  55%|█████▌    | 894/1625 [01:59<01:32,  7.88it/s, acc=68.4%, loss=0.674]
Epoch 2/3:  55%|█████▌    | 894/1625 [01:59<01:32,  7.88it/s, acc=68.4%, loss=0.633]
Epoch 2/3:  55%|█████▌    | 895/1625 [01:59<01:32,  7.88it/s, acc=68.4%, loss=0.633]
Epoch 2/3:  55%|█████▌    | 895/1625 [01:59<01:32,  7.88it/s, acc=68.4%, loss=0.520]
Epoch 2/3:  55%|█████▌    | 896/1625 [01:59<01:32,  7.88it/s, acc=68.4%, loss=0.520]
Epoch 2/3:  55%|█████▌    | 896/1625 [01:59<01:32,  7.88it/s, acc=68.4%, loss=0.658]
Epoch 2/3:  55%|█████▌    | 897/1625 [01:59<01:34,  7.69it/s, acc=68.4%, loss=0.658]
Epoch 2/3:  55%|█████▌    | 897/1625 [01:59<01:34,  7.69it/s, acc=68.4%, loss=0.794]
Epoch 2/3:  55%|█████▌    | 898/1625 [01:59<01:33,  7.81it/s, acc=68.4%, loss=0.794]
Epoch 2/3:  55%|█████▌    | 898/1625 [01:59<01:33,  7.81it/s, acc=68.4%, loss=0.742]
Epoch 2/3:  55%|█████▌    | 899/1625 [01:59<01:35,  7.57it/s, acc=68.4%, loss=0.742]
Epoch 2/3:  55%|█████▌    | 899/1625 [01:59<01:35,  7.57it/s, acc=68.4%, loss=0.719]
Epoch 2/3:  55%|█████▌    | 900/1625 [01:59<01:38,  7.33it/s, acc=68.4%, loss=0.719]
Epoch 2/3:  55%|█████▌    | 900/1625 [02:00<01:38,  7.33it/s, acc=68.4%, loss=0.551]
Epoch 2/3:  55%|█████▌    | 901/1625 [02:00<01:36,  7.51it/s, acc=68.4%, loss=0.551]
Epoch 2/3:  55%|█████▌    | 901/1625 [02:00<01:36,  7.51it/s, acc=68.4%, loss=0.772]
Epoch 2/3:  56%|█████▌    | 902/1625 [02:00<01:34,  7.69it/s, acc=68.4%, loss=0.772]
Epoch 2/3:  56%|█████▌    | 902/1625 [02:00<01:34,  7.69it/s, acc=68.4%, loss=0.671]
Epoch 2/3:  56%|█████▌    | 903/1625 [02:00<01:33,  7.70it/s, acc=68.4%, loss=0.671]
Epoch 2/3:  56%|█████▌    | 903/1625 [02:00<01:33,  7.70it/s, acc=68.4%, loss=1.026]
Epoch 2/3:  56%|█████▌    | 904/1625 [02:00<01:32,  7.79it/s, acc=68.4%, loss=1.026]
Epoch 2/3:  56%|█████▌    | 904/1625 [02:00<01:32,  7.79it/s, acc=68.4%, loss=0.798]
Epoch 2/3:  56%|█████▌    | 905/1625 [02:00<01:33,  7.74it/s, acc=68.4%, loss=0.798]
Epoch 2/3:  56%|█████▌    | 905/1625 [02:00<01:33,  7.74it/s, acc=68.4%, loss=0.560]
Epoch 2/3:  56%|█████▌    | 906/1625 [02:00<01:32,  7.78it/s, acc=68.4%, loss=0.560]
Epoch 2/3:  56%|█████▌    | 906/1625 [02:00<01:32,  7.78it/s, acc=68.4%, loss=0.887]
Epoch 2/3:  56%|█████▌    | 907/1625 [02:00<01:33,  7.69it/s, acc=68.4%, loss=0.887]
Epoch 2/3:  56%|█████▌    | 907/1625 [02:00<01:33,  7.69it/s, acc=68.4%, loss=0.639]
Epoch 2/3:  56%|█████▌    | 908/1625 [02:00<01:34,  7.56it/s, acc=68.4%, loss=0.639]
Epoch 2/3:  56%|█████▌    | 908/1625 [02:01<01:34,  7.56it/s, acc=68.4%, loss=0.683]
Epoch 2/3:  56%|█████▌    | 909/1625 [02:01<01:32,  7.77it/s, acc=68.4%, loss=0.683]
Epoch 2/3:  56%|█████▌    | 909/1625 [02:01<01:32,  7.77it/s, acc=68.4%, loss=0.773]
Epoch 2/3:  56%|█████▌    | 910/1625 [02:01<01:34,  7.58it/s, acc=68.4%, loss=0.773]
Epoch 2/3:  56%|█████▌    | 910/1625 [02:01<01:34,  7.58it/s, acc=68.4%, loss=0.836]
Epoch 2/3:  56%|█████▌    | 911/1625 [02:01<01:32,  7.70it/s, acc=68.4%, loss=0.836]
Epoch 2/3:  56%|█████▌    | 911/1625 [02:01<01:32,  7.70it/s, acc=68.4%, loss=0.874]
Epoch 2/3:  56%|█████▌    | 912/1625 [02:01<01:31,  7.78it/s, acc=68.4%, loss=0.874]
Epoch 2/3:  56%|█████▌    | 912/1625 [02:01<01:31,  7.78it/s, acc=68.4%, loss=0.779]
Epoch 2/3:  56%|█████▌    | 913/1625 [02:01<01:33,  7.61it/s, acc=68.4%, loss=0.779]
Epoch 2/3:  56%|█████▌    | 913/1625 [02:01<01:33,  7.61it/s, acc=68.4%, loss=0.720]
Epoch 2/3:  56%|█████▌    | 914/1625 [02:01<01:35,  7.41it/s, acc=68.4%, loss=0.720]
Epoch 2/3:  56%|█████▌    | 914/1625 [02:01<01:35,  7.41it/s, acc=68.4%, loss=0.885]
Epoch 2/3:  56%|█████▋    | 915/1625 [02:01<01:36,  7.39it/s, acc=68.4%, loss=0.885]
Epoch 2/3:  56%|█████▋    | 915/1625 [02:01<01:36,  7.39it/s, acc=68.4%, loss=0.858]
Epoch 2/3:  56%|█████▋    | 916/1625 [02:01<01:41,  7.01it/s, acc=68.4%, loss=0.858]
Epoch 2/3:  56%|█████▋    | 916/1625 [02:02<01:41,  7.01it/s, acc=68.4%, loss=0.683]
Epoch 2/3:  56%|█████▋    | 917/1625 [02:02<01:43,  6.81it/s, acc=68.4%, loss=0.683]
Epoch 2/3:  56%|█████▋    | 917/1625 [02:02<01:43,  6.81it/s, acc=68.4%, loss=0.704]
Epoch 2/3:  56%|█████▋    | 918/1625 [02:02<01:35,  7.38it/s, acc=68.4%, loss=0.704]
Epoch 2/3:  56%|█████▋    | 918/1625 [02:02<01:35,  7.38it/s, acc=68.4%, loss=0.809]
Epoch 2/3:  57%|█████▋    | 919/1625 [02:02<01:32,  7.61it/s, acc=68.4%, loss=0.809]
Epoch 2/3:  57%|█████▋    | 919/1625 [02:02<01:32,  7.61it/s, acc=68.4%, loss=0.590]
Epoch 2/3:  57%|█████▋    | 920/1625 [02:02<01:31,  7.71it/s, acc=68.4%, loss=0.590]
Epoch 2/3:  57%|█████▋    | 920/1625 [02:02<01:31,  7.71it/s, acc=68.4%, loss=0.912]
Epoch 2/3:  57%|█████▋    | 921/1625 [02:02<01:29,  7.87it/s, acc=68.4%, loss=0.912]
Epoch 2/3:  57%|█████▋    | 921/1625 [02:02<01:29,  7.87it/s, acc=68.4%, loss=0.689]
Epoch 2/3:  57%|█████▋    | 922/1625 [02:02<01:29,  7.83it/s, acc=68.4%, loss=0.689]
Epoch 2/3:  57%|█████▋    | 922/1625 [02:02<01:29,  7.83it/s, acc=68.4%, loss=0.619]
Epoch 2/3:  57%|█████▋    | 923/1625 [02:02<01:29,  7.87it/s, acc=68.4%, loss=0.619]
Epoch 2/3:  57%|█████▋    | 923/1625 [02:03<01:29,  7.87it/s, acc=68.4%, loss=0.838]
Epoch 2/3:  57%|█████▋    | 924/1625 [02:03<01:29,  7.82it/s, acc=68.4%, loss=0.838]
Epoch 2/3:  57%|█████▋    | 924/1625 [02:03<01:29,  7.82it/s, acc=68.4%, loss=0.802]
Epoch 2/3:  57%|█████▋    | 925/1625 [02:03<01:29,  7.85it/s, acc=68.4%, loss=0.802]
Epoch 2/3:  57%|█████▋    | 925/1625 [02:03<01:29,  7.85it/s, acc=68.4%, loss=0.683]
Epoch 2/3:  57%|█████▋    | 926/1625 [02:03<01:29,  7.82it/s, acc=68.4%, loss=0.683]
Epoch 2/3:  57%|█████▋    | 926/1625 [02:03<01:29,  7.82it/s, acc=68.4%, loss=0.683]
Epoch 2/3:  57%|█████▋    | 927/1625 [02:03<01:28,  7.90it/s, acc=68.4%, loss=0.683]
Epoch 2/3:  57%|█████▋    | 927/1625 [02:03<01:28,  7.90it/s, acc=68.4%, loss=0.716]
Epoch 2/3:  57%|█████▋    | 928/1625 [02:03<01:28,  7.84it/s, acc=68.4%, loss=0.716]
Epoch 2/3:  57%|█████▋    | 928/1625 [02:03<01:28,  7.84it/s, acc=68.4%, loss=0.754]
Epoch 2/3:  57%|█████▋    | 929/1625 [02:03<01:34,  7.39it/s, acc=68.4%, loss=0.754]
Epoch 2/3:  57%|█████▋    | 929/1625 [02:03<01:34,  7.39it/s, acc=68.4%, loss=0.765]
Epoch 2/3:  57%|█████▋    | 930/1625 [02:03<01:32,  7.55it/s, acc=68.4%, loss=0.765]
Epoch 2/3:  57%|█████▋    | 930/1625 [02:03<01:32,  7.55it/s, acc=68.4%, loss=0.729]
Epoch 2/3:  57%|█████▋    | 931/1625 [02:03<01:32,  7.48it/s, acc=68.4%, loss=0.729]
Epoch 2/3:  57%|█████▋    | 931/1625 [02:04<01:32,  7.48it/s, acc=68.4%, loss=0.737]
Epoch 2/3:  57%|█████▋    | 932/1625 [02:04<01:26,  8.00it/s, acc=68.4%, loss=0.737]
Epoch 2/3:  57%|█████▋    | 932/1625 [02:04<01:26,  8.00it/s, acc=68.4%, loss=0.680]
Epoch 2/3:  57%|█████▋    | 933/1625 [02:04<01:24,  8.16it/s, acc=68.4%, loss=0.680]
Epoch 2/3:  57%|█████▋    | 933/1625 [02:04<01:24,  8.16it/s, acc=68.4%, loss=0.527]
Epoch 2/3:  57%|█████▋    | 934/1625 [02:04<01:26,  8.02it/s, acc=68.4%, loss=0.527]
Epoch 2/3:  57%|█████▋    | 934/1625 [02:04<01:26,  8.02it/s, acc=68.4%, loss=0.890]
Epoch 2/3:  58%|█████▊    | 935/1625 [02:04<01:23,  8.23it/s, acc=68.4%, loss=0.890]
Epoch 2/3:  58%|█████▊    | 935/1625 [02:04<01:23,  8.23it/s, acc=68.4%, loss=0.734]
Epoch 2/3:  58%|█████▊    | 936/1625 [02:04<01:27,  7.86it/s, acc=68.4%, loss=0.734]
Epoch 2/3:  58%|█████▊    | 936/1625 [02:04<01:27,  7.86it/s, acc=68.4%, loss=0.744]
Epoch 2/3:  58%|█████▊    | 937/1625 [02:04<01:26,  7.99it/s, acc=68.4%, loss=0.744]
Epoch 2/3:  58%|█████▊    | 937/1625 [02:04<01:26,  7.99it/s, acc=68.4%, loss=0.744]
Epoch 2/3:  58%|█████▊    | 938/1625 [02:04<01:29,  7.72it/s, acc=68.4%, loss=0.744]
Epoch 2/3:  58%|█████▊    | 938/1625 [02:04<01:29,  7.72it/s, acc=68.4%, loss=0.758]
Epoch 2/3:  58%|█████▊    | 939/1625 [02:04<01:28,  7.79it/s, acc=68.4%, loss=0.758]
Epoch 2/3:  58%|█████▊    | 939/1625 [02:05<01:28,  7.79it/s, acc=68.4%, loss=0.710]
Epoch 2/3:  58%|█████▊    | 940/1625 [02:05<01:29,  7.66it/s, acc=68.4%, loss=0.710]
Epoch 2/3:  58%|█████▊    | 940/1625 [02:05<01:29,  7.66it/s, acc=68.4%, loss=0.603]
Epoch 2/3:  58%|█████▊    | 941/1625 [02:05<01:30,  7.55it/s, acc=68.4%, loss=0.603]
Epoch 2/3:  58%|█████▊    | 941/1625 [02:05<01:30,  7.55it/s, acc=68.4%, loss=0.675]
Epoch 2/3:  58%|█████▊    | 942/1625 [02:05<01:30,  7.58it/s, acc=68.4%, loss=0.675]
Epoch 2/3:  58%|█████▊    | 942/1625 [02:05<01:30,  7.58it/s, acc=68.4%, loss=0.496]
Epoch 2/3:  58%|█████▊    | 943/1625 [02:05<01:31,  7.47it/s, acc=68.4%, loss=0.496]
Epoch 2/3:  58%|█████▊    | 943/1625 [02:05<01:31,  7.47it/s, acc=68.4%, loss=0.589]
Epoch 2/3:  58%|█████▊    | 944/1625 [02:05<01:28,  7.69it/s, acc=68.4%, loss=0.589]
Epoch 2/3:  58%|█████▊    | 944/1625 [02:05<01:28,  7.69it/s, acc=68.4%, loss=0.640]
Epoch 2/3:  58%|█████▊    | 945/1625 [02:05<01:30,  7.52it/s, acc=68.4%, loss=0.640]
Epoch 2/3:  58%|█████▊    | 945/1625 [02:05<01:30,  7.52it/s, acc=68.4%, loss=0.701]
Epoch 2/3:  58%|█████▊    | 946/1625 [02:05<01:28,  7.64it/s, acc=68.4%, loss=0.701]
Epoch 2/3:  58%|█████▊    | 946/1625 [02:06<01:28,  7.64it/s, acc=68.4%, loss=0.658]
Epoch 2/3:  58%|█████▊    | 947/1625 [02:06<01:30,  7.48it/s, acc=68.4%, loss=0.658]
Epoch 2/3:  58%|█████▊    | 947/1625 [02:06<01:30,  7.48it/s, acc=68.4%, loss=0.718]
Epoch 2/3:  58%|█████▊    | 948/1625 [02:06<01:37,  6.93it/s, acc=68.4%, loss=0.718]
Epoch 2/3:  58%|█████▊    | 948/1625 [02:06<01:37,  6.93it/s, acc=68.4%, loss=0.842]
Epoch 2/3:  58%|█████▊    | 949/1625 [02:06<01:29,  7.58it/s, acc=68.4%, loss=0.842]
Epoch 2/3:  58%|█████▊    | 949/1625 [02:06<01:29,  7.58it/s, acc=68.4%, loss=0.575]
Epoch 2/3:  58%|█████▊    | 950/1625 [02:06<01:28,  7.65it/s, acc=68.4%, loss=0.575]
Epoch 2/3:  58%|█████▊    | 950/1625 [02:06<01:28,  7.65it/s, acc=68.4%, loss=0.568]
Epoch 2/3:  59%|█████▊    | 951/1625 [02:06<01:27,  7.68it/s, acc=68.4%, loss=0.568]
Epoch 2/3:  59%|█████▊    | 951/1625 [02:06<01:27,  7.68it/s, acc=68.4%, loss=0.819]
Epoch 2/3:  59%|█████▊    | 952/1625 [02:06<01:25,  7.83it/s, acc=68.4%, loss=0.819]
Epoch 2/3:  59%|█████▊    | 952/1625 [02:06<01:25,  7.83it/s, acc=68.4%, loss=0.861]
Epoch 2/3:  59%|█████▊    | 953/1625 [02:06<01:26,  7.80it/s, acc=68.4%, loss=0.861]
Epoch 2/3:  59%|█████▊    | 953/1625 [02:06<01:26,  7.80it/s, acc=68.4%, loss=0.744]
Epoch 2/3:  59%|█████▊    | 954/1625 [02:06<01:25,  7.83it/s, acc=68.4%, loss=0.744]
Epoch 2/3:  59%|█████▊    | 954/1625 [02:07<01:25,  7.83it/s, acc=68.4%, loss=0.504]
Epoch 2/3:  59%|█████▉    | 955/1625 [02:07<01:26,  7.75it/s, acc=68.4%, loss=0.504]
Epoch 2/3:  59%|█████▉    | 955/1625 [02:07<01:26,  7.75it/s, acc=68.4%, loss=0.662]
Epoch 2/3:  59%|█████▉    | 956/1625 [02:07<01:28,  7.58it/s, acc=68.4%, loss=0.662]
Epoch 2/3:  59%|█████▉    | 956/1625 [02:07<01:28,  7.58it/s, acc=68.5%, loss=0.686]
Epoch 2/3:  59%|█████▉    | 957/1625 [02:07<01:25,  7.83it/s, acc=68.5%, loss=0.686]
Epoch 2/3:  59%|█████▉    | 957/1625 [02:07<01:25,  7.83it/s, acc=68.4%, loss=0.729]
Epoch 2/3:  59%|█████▉    | 958/1625 [02:07<01:27,  7.62it/s, acc=68.4%, loss=0.729]
Epoch 2/3:  59%|█████▉    | 958/1625 [02:07<01:27,  7.62it/s, acc=68.5%, loss=0.594]
Epoch 2/3:  59%|█████▉    | 959/1625 [02:07<01:24,  7.85it/s, acc=68.5%, loss=0.594]
Epoch 2/3:  59%|█████▉    | 959/1625 [02:07<01:24,  7.85it/s, acc=68.4%, loss=0.870]
Epoch 2/3:  59%|█████▉    | 960/1625 [02:07<01:22,  8.02it/s, acc=68.4%, loss=0.870]
Epoch 2/3:  59%|█████▉    | 960/1625 [02:07<01:22,  8.02it/s, acc=68.5%, loss=0.568]
Epoch 2/3:  59%|█████▉    | 961/1625 [02:07<01:25,  7.79it/s, acc=68.5%, loss=0.568]
Epoch 2/3:  59%|█████▉    | 961/1625 [02:07<01:25,  7.79it/s, acc=68.4%, loss=0.660]
Epoch 2/3:  59%|█████▉    | 962/1625 [02:07<01:22,  8.05it/s, acc=68.4%, loss=0.660]
Epoch 2/3:  59%|█████▉    | 962/1625 [02:08<01:22,  8.05it/s, acc=68.4%, loss=0.645]
Epoch 2/3:  59%|█████▉    | 963/1625 [02:08<01:28,  7.44it/s, acc=68.4%, loss=0.645]
Epoch 2/3:  59%|█████▉    | 963/1625 [02:08<01:28,  7.44it/s, acc=68.4%, loss=0.928]
Epoch 2/3:  59%|█████▉    | 964/1625 [02:08<01:31,  7.20it/s, acc=68.4%, loss=0.928]
Epoch 2/3:  59%|█████▉    | 964/1625 [02:08<01:31,  7.20it/s, acc=68.4%, loss=0.815]
Epoch 2/3:  59%|█████▉    | 965/1625 [02:08<01:24,  7.85it/s, acc=68.4%, loss=0.815]
Epoch 2/3:  59%|█████▉    | 965/1625 [02:08<01:24,  7.85it/s, acc=68.4%, loss=0.810]
Epoch 2/3:  59%|█████▉    | 966/1625 [02:08<01:22,  7.98it/s, acc=68.4%, loss=0.810]
Epoch 2/3:  59%|█████▉    | 966/1625 [02:08<01:22,  7.98it/s, acc=68.4%, loss=0.643]
Epoch 2/3:  60%|█████▉    | 967/1625 [02:08<01:23,  7.91it/s, acc=68.4%, loss=0.643]
Epoch 2/3:  60%|█████▉    | 967/1625 [02:08<01:23,  7.91it/s, acc=68.4%, loss=0.741]
Epoch 2/3:  60%|█████▉    | 968/1625 [02:08<01:20,  8.16it/s, acc=68.4%, loss=0.741]
Epoch 2/3:  60%|█████▉    | 968/1625 [02:08<01:20,  8.16it/s, acc=68.4%, loss=0.757]
Epoch 2/3:  60%|█████▉    | 969/1625 [02:08<01:22,  7.91it/s, acc=68.4%, loss=0.757]
Epoch 2/3:  60%|█████▉    | 969/1625 [02:08<01:22,  7.91it/s, acc=68.4%, loss=0.616]
Epoch 2/3:  60%|█████▉    | 970/1625 [02:08<01:24,  7.77it/s, acc=68.4%, loss=0.616]
Epoch 2/3:  60%|█████▉    | 970/1625 [02:09<01:24,  7.77it/s, acc=68.4%, loss=0.850]
Epoch 2/3:  60%|█████▉    | 971/1625 [02:09<01:24,  7.77it/s, acc=68.4%, loss=0.850]
Epoch 2/3:  60%|█████▉    | 971/1625 [02:09<01:24,  7.77it/s, acc=68.4%, loss=0.458]
Epoch 2/3:  60%|█████▉    | 972/1625 [02:09<01:23,  7.83it/s, acc=68.4%, loss=0.458]
Epoch 2/3:  60%|█████▉    | 972/1625 [02:09<01:23,  7.83it/s, acc=68.4%, loss=0.861]
Epoch 2/3:  60%|█████▉    | 973/1625 [02:09<01:22,  7.91it/s, acc=68.4%, loss=0.861]
Epoch 2/3:  60%|█████▉    | 973/1625 [02:09<01:22,  7.91it/s, acc=68.4%, loss=0.844]
Epoch 2/3:  60%|█████▉    | 974/1625 [02:09<01:24,  7.72it/s, acc=68.4%, loss=0.844]
Epoch 2/3:  60%|█████▉    | 974/1625 [02:09<01:24,  7.72it/s, acc=68.4%, loss=0.821]
Epoch 2/3:  60%|██████    | 975/1625 [02:09<01:21,  7.97it/s, acc=68.4%, loss=0.821]
Epoch 2/3:  60%|██████    | 975/1625 [02:09<01:21,  7.97it/s, acc=68.4%, loss=0.828]
Epoch 2/3:  60%|██████    | 976/1625 [02:09<01:19,  8.15it/s, acc=68.4%, loss=0.828]
Epoch 2/3:  60%|██████    | 976/1625 [02:09<01:19,  8.15it/s, acc=68.4%, loss=0.692]
Epoch 2/3:  60%|██████    | 977/1625 [02:09<01:17,  8.35it/s, acc=68.4%, loss=0.692]
Epoch 2/3:  60%|██████    | 977/1625 [02:09<01:17,  8.35it/s, acc=68.4%, loss=0.724]
Epoch 2/3:  60%|██████    | 978/1625 [02:09<01:20,  7.99it/s, acc=68.4%, loss=0.724]
Epoch 2/3:  60%|██████    | 978/1625 [02:10<01:20,  7.99it/s, acc=68.4%, loss=0.670]
Epoch 2/3:  60%|██████    | 979/1625 [02:10<01:19,  8.14it/s, acc=68.4%, loss=0.670]
Epoch 2/3:  60%|██████    | 979/1625 [02:10<01:19,  8.14it/s, acc=68.4%, loss=0.860]
Epoch 2/3:  60%|██████    | 980/1625 [02:10<01:22,  7.84it/s, acc=68.4%, loss=0.860]
Epoch 2/3:  60%|██████    | 980/1625 [02:10<01:22,  7.84it/s, acc=68.4%, loss=0.655]
Epoch 2/3:  60%|██████    | 981/1625 [02:10<01:19,  8.08it/s, acc=68.4%, loss=0.655]
Epoch 2/3:  60%|██████    | 981/1625 [02:10<01:19,  8.08it/s, acc=68.4%, loss=0.690]
Epoch 2/3:  60%|██████    | 982/1625 [02:10<01:18,  8.18it/s, acc=68.4%, loss=0.690]
Epoch 2/3:  60%|██████    | 982/1625 [02:10<01:18,  8.18it/s, acc=68.4%, loss=0.774]
Epoch 2/3:  60%|██████    | 983/1625 [02:10<01:16,  8.40it/s, acc=68.4%, loss=0.774]
Epoch 2/3:  60%|██████    | 983/1625 [02:10<01:16,  8.40it/s, acc=68.4%, loss=0.967]
Epoch 2/3:  61%|██████    | 984/1625 [02:10<01:16,  8.36it/s, acc=68.4%, loss=0.967]
Epoch 2/3:  61%|██████    | 984/1625 [02:10<01:16,  8.36it/s, acc=68.4%, loss=0.675]
Epoch 2/3:  61%|██████    | 985/1625 [02:10<01:18,  8.15it/s, acc=68.4%, loss=0.675]
Epoch 2/3:  61%|██████    | 985/1625 [02:10<01:18,  8.15it/s, acc=68.4%, loss=0.775]
Epoch 2/3:  61%|██████    | 986/1625 [02:10<01:18,  8.10it/s, acc=68.4%, loss=0.775]
Epoch 2/3:  61%|██████    | 986/1625 [02:11<01:18,  8.10it/s, acc=68.4%, loss=0.667]
Epoch 2/3:  61%|██████    | 987/1625 [02:11<01:19,  7.98it/s, acc=68.4%, loss=0.667]
Epoch 2/3:  61%|██████    | 987/1625 [02:11<01:19,  7.98it/s, acc=68.4%, loss=0.782]
Epoch 2/3:  61%|██████    | 988/1625 [02:11<01:19,  7.99it/s, acc=68.4%, loss=0.782]
Epoch 2/3:  61%|██████    | 988/1625 [02:11<01:19,  7.99it/s, acc=68.4%, loss=0.768]
Epoch 2/3:  61%|██████    | 989/1625 [02:11<01:20,  7.90it/s, acc=68.4%, loss=0.768]
Epoch 2/3:  61%|██████    | 989/1625 [02:11<01:20,  7.90it/s, acc=68.4%, loss=0.602]
Epoch 2/3:  61%|██████    | 990/1625 [02:11<01:19,  7.95it/s, acc=68.4%, loss=0.602]
Epoch 2/3:  61%|██████    | 990/1625 [02:11<01:19,  7.95it/s, acc=68.4%, loss=0.750]
Epoch 2/3:  61%|██████    | 991/1625 [02:11<01:20,  7.85it/s, acc=68.4%, loss=0.750]
Epoch 2/3:  61%|██████    | 991/1625 [02:11<01:20,  7.85it/s, acc=68.4%, loss=0.887]
Epoch 2/3:  61%|██████    | 992/1625 [02:11<01:19,  7.94it/s, acc=68.4%, loss=0.887]
Epoch 2/3:  61%|██████    | 992/1625 [02:11<01:19,  7.94it/s, acc=68.4%, loss=0.513]
Epoch 2/3:  61%|██████    | 993/1625 [02:11<01:20,  7.83it/s, acc=68.4%, loss=0.513]
Epoch 2/3:  61%|██████    | 993/1625 [02:11<01:20,  7.83it/s, acc=68.4%, loss=0.705]
Epoch 2/3:  61%|██████    | 994/1625 [02:11<01:19,  7.92it/s, acc=68.4%, loss=0.705]
Epoch 2/3:  61%|██████    | 994/1625 [02:12<01:19,  7.92it/s, acc=68.4%, loss=0.711]
Epoch 2/3:  61%|██████    | 995/1625 [02:12<01:17,  8.09it/s, acc=68.4%, loss=0.711]
Epoch 2/3:  61%|██████    | 995/1625 [02:12<01:17,  8.09it/s, acc=68.4%, loss=0.754]
Epoch 2/3:  61%|██████▏   | 996/1625 [02:12<01:20,  7.80it/s, acc=68.4%, loss=0.754]
Epoch 2/3:  61%|██████▏   | 996/1625 [02:12<01:20,  7.80it/s, acc=68.4%, loss=0.728]
Epoch 2/3:  61%|██████▏   | 997/1625 [02:12<01:20,  7.78it/s, acc=68.4%, loss=0.728]
Epoch 2/3:  61%|██████▏   | 997/1625 [02:12<01:20,  7.78it/s, acc=68.4%, loss=0.676]
Epoch 2/3:  61%|██████▏   | 998/1625 [02:12<01:24,  7.44it/s, acc=68.4%, loss=0.676]
Epoch 2/3:  61%|██████▏   | 998/1625 [02:12<01:24,  7.44it/s, acc=68.4%, loss=0.652]
Epoch 2/3:  61%|██████▏   | 999/1625 [02:12<01:28,  7.10it/s, acc=68.4%, loss=0.652]
Epoch 2/3:  61%|██████▏   | 999/1625 [02:12<01:28,  7.10it/s, acc=68.4%, loss=0.690]
Epoch 2/3:  62%|██████▏   | 1000/1625 [02:12<01:26,  7.22it/s, acc=68.4%, loss=0.690]
Epoch 2/3:  62%|██████▏   | 1000/1625 [02:12<01:26,  7.22it/s, acc=68.4%, loss=0.793]
Epoch 2/3:  62%|██████▏   | 1001/1625 [02:12<01:24,  7.36it/s, acc=68.4%, loss=0.793]
Epoch 2/3:  62%|██████▏   | 1001/1625 [02:13<01:24,  7.36it/s, acc=68.4%, loss=0.570]
Epoch 2/3:  62%|██████▏   | 1002/1625 [02:13<01:19,  7.80it/s, acc=68.4%, loss=0.570]
Epoch 2/3:  62%|██████▏   | 1002/1625 [02:13<01:19,  7.80it/s, acc=68.4%, loss=0.591]
Epoch 2/3:  62%|██████▏   | 1003/1625 [02:13<01:17,  7.98it/s, acc=68.4%, loss=0.591]
Epoch 2/3:  62%|██████▏   | 1003/1625 [02:13<01:17,  7.98it/s, acc=68.4%, loss=0.909]
Epoch 2/3:  62%|██████▏   | 1004/1625 [02:13<01:16,  8.12it/s, acc=68.4%, loss=0.909]
Epoch 2/3:  62%|██████▏   | 1004/1625 [02:13<01:16,  8.12it/s, acc=68.4%, loss=0.772]
Epoch 2/3:  62%|██████▏   | 1005/1625 [02:13<01:17,  7.99it/s, acc=68.4%, loss=0.772]
Epoch 2/3:  62%|██████▏   | 1005/1625 [02:13<01:17,  7.99it/s, acc=68.4%, loss=0.593]
Epoch 2/3:  62%|██████▏   | 1006/1625 [02:13<01:18,  7.91it/s, acc=68.4%, loss=0.593]
Epoch 2/3:  62%|██████▏   | 1006/1625 [02:13<01:18,  7.91it/s, acc=68.4%, loss=0.712]
Epoch 2/3:  62%|██████▏   | 1007/1625 [02:13<01:17,  7.99it/s, acc=68.4%, loss=0.712]
Epoch 2/3:  62%|██████▏   | 1007/1625 [02:13<01:17,  7.99it/s, acc=68.4%, loss=0.689]
Epoch 2/3:  62%|██████▏   | 1008/1625 [02:13<01:18,  7.91it/s, acc=68.4%, loss=0.689]
Epoch 2/3:  62%|██████▏   | 1008/1625 [02:13<01:18,  7.91it/s, acc=68.4%, loss=0.539]
Epoch 2/3:  62%|██████▏   | 1009/1625 [02:13<01:17,  7.94it/s, acc=68.4%, loss=0.539]
Epoch 2/3:  62%|██████▏   | 1009/1625 [02:14<01:17,  7.94it/s, acc=68.4%, loss=0.771]
Epoch 2/3:  62%|██████▏   | 1010/1625 [02:14<01:18,  7.85it/s, acc=68.4%, loss=0.771]
Epoch 2/3:  62%|██████▏   | 1010/1625 [02:14<01:18,  7.85it/s, acc=68.4%, loss=0.986]
Epoch 2/3:  62%|██████▏   | 1011/1625 [02:14<01:17,  7.91it/s, acc=68.4%, loss=0.986]
Epoch 2/3:  62%|██████▏   | 1011/1625 [02:14<01:17,  7.91it/s, acc=68.4%, loss=0.657]
Epoch 2/3:  62%|██████▏   | 1012/1625 [02:14<01:18,  7.84it/s, acc=68.4%, loss=0.657]
Epoch 2/3:  62%|██████▏   | 1012/1625 [02:14<01:18,  7.84it/s, acc=68.4%, loss=0.797]
Epoch 2/3:  62%|██████▏   | 1013/1625 [02:14<01:17,  7.94it/s, acc=68.4%, loss=0.797]
Epoch 2/3:  62%|██████▏   | 1013/1625 [02:14<01:17,  7.94it/s, acc=68.4%, loss=0.548]
Epoch 2/3:  62%|██████▏   | 1014/1625 [02:14<01:17,  7.91it/s, acc=68.4%, loss=0.548]
Epoch 2/3:  62%|██████▏   | 1014/1625 [02:14<01:17,  7.91it/s, acc=68.4%, loss=0.887]
Epoch 2/3:  62%|██████▏   | 1015/1625 [02:14<01:17,  7.83it/s, acc=68.4%, loss=0.887]
Epoch 2/3:  62%|██████▏   | 1015/1625 [02:14<01:17,  7.83it/s, acc=68.4%, loss=0.622]
Epoch 2/3:  63%|██████▎   | 1016/1625 [02:14<01:22,  7.42it/s, acc=68.4%, loss=0.622]
Epoch 2/3:  63%|██████▎   | 1016/1625 [02:14<01:22,  7.42it/s, acc=68.4%, loss=0.511]
Epoch 2/3:  63%|██████▎   | 1017/1625 [02:14<01:23,  7.28it/s, acc=68.4%, loss=0.511]
Epoch 2/3:  63%|██████▎   | 1017/1625 [02:15<01:23,  7.28it/s, acc=68.4%, loss=0.881]
Epoch 2/3:  63%|██████▎   | 1018/1625 [02:15<01:24,  7.20it/s, acc=68.4%, loss=0.881]
Epoch 2/3:  63%|██████▎   | 1018/1625 [02:15<01:24,  7.20it/s, acc=68.4%, loss=0.800]
Epoch 2/3:  63%|██████▎   | 1019/1625 [02:15<01:25,  7.09it/s, acc=68.4%, loss=0.800]
Epoch 2/3:  63%|██████▎   | 1019/1625 [02:15<01:25,  7.09it/s, acc=68.4%, loss=0.746]
Epoch 2/3:  63%|██████▎   | 1020/1625 [02:15<01:26,  7.01it/s, acc=68.4%, loss=0.746]
Epoch 2/3:  63%|██████▎   | 1020/1625 [02:15<01:26,  7.01it/s, acc=68.4%, loss=0.612]
Epoch 2/3:  63%|██████▎   | 1021/1625 [02:15<01:23,  7.27it/s, acc=68.4%, loss=0.612]
Epoch 2/3:  63%|██████▎   | 1021/1625 [02:15<01:23,  7.27it/s, acc=68.4%, loss=0.536]
Epoch 2/3:  63%|██████▎   | 1022/1625 [02:15<01:23,  7.25it/s, acc=68.4%, loss=0.536]
Epoch 2/3:  63%|██████▎   | 1022/1625 [02:15<01:23,  7.25it/s, acc=68.4%, loss=0.817]
Epoch 2/3:  63%|██████▎   | 1023/1625 [02:15<01:21,  7.39it/s, acc=68.4%, loss=0.817]
Epoch 2/3:  63%|██████▎   | 1023/1625 [02:15<01:21,  7.39it/s, acc=68.4%, loss=0.790]
Epoch 2/3:  63%|██████▎   | 1024/1625 [02:15<01:22,  7.31it/s, acc=68.4%, loss=0.790]
Epoch 2/3:  63%|██████▎   | 1024/1625 [02:16<01:22,  7.31it/s, acc=68.4%, loss=0.888]
Epoch 2/3:  63%|██████▎   | 1025/1625 [02:16<01:20,  7.44it/s, acc=68.4%, loss=0.888]
Epoch 2/3:  63%|██████▎   | 1025/1625 [02:16<01:20,  7.44it/s, acc=68.4%, loss=0.853]
Epoch 2/3:  63%|██████▎   | 1026/1625 [02:16<01:20,  7.49it/s, acc=68.4%, loss=0.853]
Epoch 2/3:  63%|██████▎   | 1026/1625 [02:16<01:20,  7.49it/s, acc=68.4%, loss=0.810]
Epoch 2/3:  63%|██████▎   | 1027/1625 [02:16<01:20,  7.40it/s, acc=68.4%, loss=0.810]
Epoch 2/3:  63%|██████▎   | 1027/1625 [02:16<01:20,  7.40it/s, acc=68.3%, loss=0.852]
Epoch 2/3:  63%|██████▎   | 1028/1625 [02:16<01:18,  7.65it/s, acc=68.3%, loss=0.852]
Epoch 2/3:  63%|██████▎   | 1028/1625 [02:16<01:18,  7.65it/s, acc=68.3%, loss=0.713]
Epoch 2/3:  63%|██████▎   | 1029/1625 [02:16<01:19,  7.49it/s, acc=68.3%, loss=0.713]
Epoch 2/3:  63%|██████▎   | 1029/1625 [02:16<01:19,  7.49it/s, acc=68.3%, loss=0.636]
Epoch 2/3:  63%|██████▎   | 1030/1625 [02:16<01:17,  7.71it/s, acc=68.3%, loss=0.636]
Epoch 2/3:  63%|██████▎   | 1030/1625 [02:16<01:17,  7.71it/s, acc=68.3%, loss=0.691]
Epoch 2/3:  63%|██████▎   | 1031/1625 [02:16<01:17,  7.66it/s, acc=68.3%, loss=0.691]
Epoch 2/3:  63%|██████▎   | 1031/1625 [02:16<01:17,  7.66it/s, acc=68.4%, loss=0.586]
Epoch 2/3:  64%|██████▎   | 1032/1625 [02:16<01:17,  7.65it/s, acc=68.4%, loss=0.586]
Epoch 2/3:  64%|██████▎   | 1032/1625 [02:17<01:17,  7.65it/s, acc=68.4%, loss=0.485]
Epoch 2/3:  64%|██████▎   | 1033/1625 [02:17<01:16,  7.75it/s, acc=68.4%, loss=0.485]
Epoch 2/3:  64%|██████▎   | 1033/1625 [02:17<01:16,  7.75it/s, acc=68.4%, loss=0.692]
Epoch 2/3:  64%|██████▎   | 1034/1625 [02:17<01:17,  7.66it/s, acc=68.4%, loss=0.692]
Epoch 2/3:  64%|██████▎   | 1034/1625 [02:17<01:17,  7.66it/s, acc=68.4%, loss=0.619]
Epoch 2/3:  64%|██████▎   | 1035/1625 [02:17<01:18,  7.48it/s, acc=68.4%, loss=0.619]
Epoch 2/3:  64%|██████▎   | 1035/1625 [02:17<01:18,  7.48it/s, acc=68.4%, loss=0.532]
Epoch 2/3:  64%|██████▍   | 1036/1625 [02:17<01:18,  7.55it/s, acc=68.4%, loss=0.532]
Epoch 2/3:  64%|██████▍   | 1036/1625 [02:17<01:18,  7.55it/s, acc=68.4%, loss=0.579]
Epoch 2/3:  64%|██████▍   | 1037/1625 [02:17<01:14,  7.93it/s, acc=68.4%, loss=0.579]
Epoch 2/3:  64%|██████▍   | 1037/1625 [02:17<01:14,  7.93it/s, acc=68.4%, loss=0.570]
Epoch 2/3:  64%|██████▍   | 1038/1625 [02:17<01:15,  7.82it/s, acc=68.4%, loss=0.570]
Epoch 2/3:  64%|██████▍   | 1038/1625 [02:17<01:15,  7.82it/s, acc=68.4%, loss=0.884]
Epoch 2/3:  64%|██████▍   | 1039/1625 [02:17<01:11,  8.23it/s, acc=68.4%, loss=0.884]
Epoch 2/3:  64%|██████▍   | 1039/1625 [02:17<01:11,  8.23it/s, acc=68.4%, loss=0.685]
Epoch 2/3:  64%|██████▍   | 1040/1625 [02:17<01:13,  7.91it/s, acc=68.4%, loss=0.685]
Epoch 2/3:  64%|██████▍   | 1040/1625 [02:18<01:13,  7.91it/s, acc=68.4%, loss=0.808]
Epoch 2/3:  64%|██████▍   | 1041/1625 [02:18<01:12,  8.11it/s, acc=68.4%, loss=0.808]
Epoch 2/3:  64%|██████▍   | 1041/1625 [02:18<01:12,  8.11it/s, acc=68.4%, loss=0.784]
Epoch 2/3:  64%|██████▍   | 1042/1625 [02:18<01:12,  8.00it/s, acc=68.4%, loss=0.784]
Epoch 2/3:  64%|██████▍   | 1042/1625 [02:18<01:12,  8.00it/s, acc=68.4%, loss=0.783]
Epoch 2/3:  64%|██████▍   | 1043/1625 [02:18<01:13,  7.93it/s, acc=68.4%, loss=0.783]
Epoch 2/3:  64%|██████▍   | 1043/1625 [02:18<01:13,  7.93it/s, acc=68.4%, loss=0.878]
Epoch 2/3:  64%|██████▍   | 1044/1625 [02:18<01:13,  7.86it/s, acc=68.4%, loss=0.878]
Epoch 2/3:  64%|██████▍   | 1044/1625 [02:18<01:13,  7.86it/s, acc=68.4%, loss=0.776]
Epoch 2/3:  64%|██████▍   | 1045/1625 [02:18<01:13,  7.86it/s, acc=68.4%, loss=0.776]
Epoch 2/3:  64%|██████▍   | 1045/1625 [02:18<01:13,  7.86it/s, acc=68.4%, loss=0.550]
Epoch 2/3:  64%|██████▍   | 1046/1625 [02:18<01:14,  7.82it/s, acc=68.4%, loss=0.550]
Epoch 2/3:  64%|██████▍   | 1046/1625 [02:18<01:14,  7.82it/s, acc=68.4%, loss=0.598]
Epoch 2/3:  64%|██████▍   | 1047/1625 [02:18<01:13,  7.89it/s, acc=68.4%, loss=0.598]
Epoch 2/3:  64%|██████▍   | 1047/1625 [02:18<01:13,  7.89it/s, acc=68.4%, loss=0.669]
Epoch 2/3:  64%|██████▍   | 1048/1625 [02:18<01:13,  7.85it/s, acc=68.4%, loss=0.669]
Epoch 2/3:  64%|██████▍   | 1048/1625 [02:19<01:13,  7.85it/s, acc=68.4%, loss=0.791]
Epoch 2/3:  65%|██████▍   | 1049/1625 [02:19<01:12,  7.92it/s, acc=68.4%, loss=0.791]
Epoch 2/3:  65%|██████▍   | 1049/1625 [02:19<01:12,  7.92it/s, acc=68.4%, loss=0.547]
Epoch 2/3:  65%|██████▍   | 1050/1625 [02:19<01:13,  7.86it/s, acc=68.4%, loss=0.547]
Epoch 2/3:  65%|██████▍   | 1050/1625 [02:19<01:13,  7.86it/s, acc=68.4%, loss=0.813]
Epoch 2/3:  65%|██████▍   | 1051/1625 [02:19<01:12,  7.88it/s, acc=68.4%, loss=0.813]
Epoch 2/3:  65%|██████▍   | 1051/1625 [02:19<01:12,  7.88it/s, acc=68.4%, loss=0.674]
Epoch 2/3:  65%|██████▍   | 1052/1625 [02:19<01:13,  7.82it/s, acc=68.4%, loss=0.674]
Epoch 2/3:  65%|██████▍   | 1052/1625 [02:19<01:13,  7.82it/s, acc=68.4%, loss=0.598]
Epoch 2/3:  65%|██████▍   | 1053/1625 [02:19<01:12,  7.85it/s, acc=68.4%, loss=0.598]
Epoch 2/3:  65%|██████▍   | 1053/1625 [02:19<01:12,  7.85it/s, acc=68.4%, loss=0.736]
Epoch 2/3:  65%|██████▍   | 1054/1625 [02:19<01:16,  7.46it/s, acc=68.4%, loss=0.736]
Epoch 2/3:  65%|██████▍   | 1054/1625 [02:19<01:16,  7.46it/s, acc=68.4%, loss=0.616]
Epoch 2/3:  65%|██████▍   | 1055/1625 [02:19<01:18,  7.30it/s, acc=68.4%, loss=0.616]
Epoch 2/3:  65%|██████▍   | 1055/1625 [02:20<01:18,  7.30it/s, acc=68.4%, loss=0.633]
Epoch 2/3:  65%|██████▍   | 1056/1625 [02:20<01:15,  7.54it/s, acc=68.4%, loss=0.633]
Epoch 2/3:  65%|██████▍   | 1056/1625 [02:20<01:15,  7.54it/s, acc=68.4%, loss=0.523]
Epoch 2/3:  65%|██████▌   | 1057/1625 [02:20<01:14,  7.58it/s, acc=68.4%, loss=0.523]
Epoch 2/3:  65%|██████▌   | 1057/1625 [02:20<01:14,  7.58it/s, acc=68.5%, loss=0.519]
Epoch 2/3:  65%|██████▌   | 1058/1625 [02:20<01:14,  7.65it/s, acc=68.5%, loss=0.519]
Epoch 2/3:  65%|██████▌   | 1058/1625 [02:20<01:14,  7.65it/s, acc=68.5%, loss=0.596]
Epoch 2/3:  65%|██████▌   | 1059/1625 [02:20<01:13,  7.66it/s, acc=68.5%, loss=0.596]
Epoch 2/3:  65%|██████▌   | 1059/1625 [02:20<01:13,  7.66it/s, acc=68.5%, loss=0.935]
Epoch 2/3:  65%|██████▌   | 1060/1625 [02:20<01:13,  7.72it/s, acc=68.5%, loss=0.935]
Epoch 2/3:  65%|██████▌   | 1060/1625 [02:20<01:13,  7.72it/s, acc=68.5%, loss=0.805]
Epoch 2/3:  65%|██████▌   | 1061/1625 [02:20<01:13,  7.67it/s, acc=68.5%, loss=0.805]
Epoch 2/3:  65%|██████▌   | 1061/1625 [02:20<01:13,  7.67it/s, acc=68.5%, loss=0.631]
Epoch 2/3:  65%|██████▌   | 1062/1625 [02:20<01:14,  7.54it/s, acc=68.5%, loss=0.631]
Epoch 2/3:  65%|██████▌   | 1062/1625 [02:20<01:14,  7.54it/s, acc=68.4%, loss=0.868]
Epoch 2/3:  65%|██████▌   | 1063/1625 [02:20<01:12,  7.71it/s, acc=68.4%, loss=0.868]
Epoch 2/3:  65%|██████▌   | 1063/1625 [02:21<01:12,  7.71it/s, acc=68.4%, loss=0.718]
Epoch 2/3:  65%|██████▌   | 1064/1625 [02:21<01:14,  7.54it/s, acc=68.4%, loss=0.718]
Epoch 2/3:  65%|██████▌   | 1064/1625 [02:21<01:14,  7.54it/s, acc=68.4%, loss=0.816]
Epoch 2/3:  66%|██████▌   | 1065/1625 [02:21<01:13,  7.64it/s, acc=68.4%, loss=0.816]
Epoch 2/3:  66%|██████▌   | 1065/1625 [02:21<01:13,  7.64it/s, acc=68.5%, loss=0.720]
Epoch 2/3:  66%|██████▌   | 1066/1625 [02:21<01:14,  7.48it/s, acc=68.5%, loss=0.720]
Epoch 2/3:  66%|██████▌   | 1066/1625 [02:21<01:14,  7.48it/s, acc=68.5%, loss=0.648]
Epoch 2/3:  66%|██████▌   | 1067/1625 [02:21<01:12,  7.66it/s, acc=68.5%, loss=0.648]
Epoch 2/3:  66%|██████▌   | 1067/1625 [02:21<01:12,  7.66it/s, acc=68.5%, loss=0.582]
Epoch 2/3:  66%|██████▌   | 1068/1625 [02:21<01:12,  7.71it/s, acc=68.5%, loss=0.582]
Epoch 2/3:  66%|██████▌   | 1068/1625 [02:21<01:12,  7.71it/s, acc=68.5%, loss=0.628]
Epoch 2/3:  66%|██████▌   | 1069/1625 [02:21<01:14,  7.49it/s, acc=68.5%, loss=0.628]
Epoch 2/3:  66%|██████▌   | 1069/1625 [02:21<01:14,  7.49it/s, acc=68.5%, loss=0.639]
Epoch 2/3:  66%|██████▌   | 1070/1625 [02:21<01:13,  7.52it/s, acc=68.5%, loss=0.639]
Epoch 2/3:  66%|██████▌   | 1070/1625 [02:22<01:13,  7.52it/s, acc=68.5%, loss=0.967]
Epoch 2/3:  66%|██████▌   | 1071/1625 [02:22<01:13,  7.52it/s, acc=68.5%, loss=0.967]
Epoch 2/3:  66%|██████▌   | 1071/1625 [02:22<01:13,  7.52it/s, acc=68.5%, loss=0.533]
Epoch 2/3:  66%|██████▌   | 1072/1625 [02:22<01:17,  7.09it/s, acc=68.5%, loss=0.533]
Epoch 2/3:  66%|██████▌   | 1072/1625 [02:22<01:17,  7.09it/s, acc=68.5%, loss=0.671]
Epoch 2/3:  66%|██████▌   | 1073/1625 [02:22<01:15,  7.34it/s, acc=68.5%, loss=0.671]
Epoch 2/3:  66%|██████▌   | 1073/1625 [02:22<01:15,  7.34it/s, acc=68.5%, loss=0.757]
Epoch 2/3:  66%|██████▌   | 1074/1625 [02:22<01:11,  7.74it/s, acc=68.5%, loss=0.757]
Epoch 2/3:  66%|██████▌   | 1074/1625 [02:22<01:11,  7.74it/s, acc=68.5%, loss=0.674]
Epoch 2/3:  66%|██████▌   | 1075/1625 [02:22<01:08,  8.09it/s, acc=68.5%, loss=0.674]
Epoch 2/3:  66%|██████▌   | 1075/1625 [02:22<01:08,  8.09it/s, acc=68.5%, loss=0.544]
Epoch 2/3:  66%|██████▌   | 1076/1625 [02:22<01:07,  8.11it/s, acc=68.5%, loss=0.544]
Epoch 2/3:  66%|██████▌   | 1076/1625 [02:22<01:07,  8.11it/s, acc=68.5%, loss=0.774]
Epoch 2/3:  66%|██████▋   | 1077/1625 [02:22<01:08,  7.99it/s, acc=68.5%, loss=0.774]
Epoch 2/3:  66%|██████▋   | 1077/1625 [02:22<01:08,  7.99it/s, acc=68.5%, loss=0.852]
Epoch 2/3:  66%|██████▋   | 1078/1625 [02:22<01:08,  8.00it/s, acc=68.5%, loss=0.852]
Epoch 2/3:  66%|██████▋   | 1078/1625 [02:23<01:08,  8.00it/s, acc=68.5%, loss=0.713]
Epoch 2/3:  66%|██████▋   | 1079/1625 [02:23<01:09,  7.90it/s, acc=68.5%, loss=0.713]
Epoch 2/3:  66%|██████▋   | 1079/1625 [02:23<01:09,  7.90it/s, acc=68.5%, loss=0.781]
Epoch 2/3:  66%|██████▋   | 1080/1625 [02:23<01:08,  7.95it/s, acc=68.5%, loss=0.781]
Epoch 2/3:  66%|██████▋   | 1080/1625 [02:23<01:08,  7.95it/s, acc=68.5%, loss=0.496]
Epoch 2/3:  67%|██████▋   | 1081/1625 [02:23<01:09,  7.85it/s, acc=68.5%, loss=0.496]
Epoch 2/3:  67%|██████▋   | 1081/1625 [02:23<01:09,  7.85it/s, acc=68.5%, loss=0.778]
Epoch 2/3:  67%|██████▋   | 1082/1625 [02:23<01:08,  7.90it/s, acc=68.5%, loss=0.778]
Epoch 2/3:  67%|██████▋   | 1082/1625 [02:23<01:08,  7.90it/s, acc=68.5%, loss=0.503]
Epoch 2/3:  67%|██████▋   | 1083/1625 [02:23<01:09,  7.83it/s, acc=68.5%, loss=0.503]
Epoch 2/3:  67%|██████▋   | 1083/1625 [02:23<01:09,  7.83it/s, acc=68.5%, loss=0.719]
Epoch 2/3:  67%|██████▋   | 1084/1625 [02:23<01:10,  7.64it/s, acc=68.5%, loss=0.719]
Epoch 2/3:  67%|██████▋   | 1084/1625 [02:23<01:10,  7.64it/s, acc=68.5%, loss=0.790]
Epoch 2/3:  67%|██████▋   | 1085/1625 [02:23<01:08,  7.83it/s, acc=68.5%, loss=0.790]
Epoch 2/3:  67%|██████▋   | 1085/1625 [02:23<01:08,  7.83it/s, acc=68.5%, loss=0.816]
Epoch 2/3:  67%|██████▋   | 1086/1625 [02:23<01:10,  7.60it/s, acc=68.5%, loss=0.816]
Epoch 2/3:  67%|██████▋   | 1086/1625 [02:24<01:10,  7.60it/s, acc=68.5%, loss=0.846]
Epoch 2/3:  67%|██████▋   | 1087/1625 [02:24<01:09,  7.70it/s, acc=68.5%, loss=0.846]
Epoch 2/3:  67%|██████▋   | 1087/1625 [02:24<01:09,  7.70it/s, acc=68.5%, loss=0.555]
Epoch 2/3:  67%|██████▋   | 1088/1625 [02:24<01:11,  7.52it/s, acc=68.5%, loss=0.555]
Epoch 2/3:  67%|██████▋   | 1088/1625 [02:24<01:11,  7.52it/s, acc=68.5%, loss=1.005]
Epoch 2/3:  67%|██████▋   | 1089/1625 [02:24<01:11,  7.48it/s, acc=68.5%, loss=1.005]
Epoch 2/3:  67%|██████▋   | 1089/1625 [02:24<01:11,  7.48it/s, acc=68.5%, loss=0.582]
Epoch 2/3:  67%|██████▋   | 1090/1625 [02:24<01:11,  7.44it/s, acc=68.5%, loss=0.582]
Epoch 2/3:  67%|██████▋   | 1090/1625 [02:24<01:11,  7.44it/s, acc=68.5%, loss=0.865]
Epoch 2/3:  67%|██████▋   | 1091/1625 [02:24<01:09,  7.74it/s, acc=68.5%, loss=0.865]
Epoch 2/3:  67%|██████▋   | 1091/1625 [02:24<01:09,  7.74it/s, acc=68.5%, loss=0.699]
Epoch 2/3:  67%|██████▋   | 1092/1625 [02:24<01:08,  7.73it/s, acc=68.5%, loss=0.699]
Epoch 2/3:  67%|██████▋   | 1092/1625 [02:24<01:08,  7.73it/s, acc=68.5%, loss=0.827]
Epoch 2/3:  67%|██████▋   | 1093/1625 [02:24<01:08,  7.74it/s, acc=68.5%, loss=0.827]
Epoch 2/3:  67%|██████▋   | 1093/1625 [02:24<01:08,  7.74it/s, acc=68.5%, loss=0.621]
Epoch 2/3:  67%|██████▋   | 1094/1625 [02:24<01:09,  7.69it/s, acc=68.5%, loss=0.621]
Epoch 2/3:  67%|██████▋   | 1094/1625 [02:25<01:09,  7.69it/s, acc=68.5%, loss=0.375]
Epoch 2/3:  67%|██████▋   | 1095/1625 [02:25<01:10,  7.54it/s, acc=68.5%, loss=0.375]
Epoch 2/3:  67%|██████▋   | 1095/1625 [02:25<01:10,  7.54it/s, acc=68.5%, loss=0.711]
Epoch 2/3:  67%|██████▋   | 1096/1625 [02:25<01:08,  7.77it/s, acc=68.5%, loss=0.711]
Epoch 2/3:  67%|██████▋   | 1096/1625 [02:25<01:08,  7.77it/s, acc=68.5%, loss=0.682]
Epoch 2/3:  68%|██████▊   | 1097/1625 [02:25<01:06,  7.97it/s, acc=68.5%, loss=0.682]
Epoch 2/3:  68%|██████▊   | 1097/1625 [02:25<01:06,  7.97it/s, acc=68.5%, loss=0.483]
Epoch 2/3:  68%|██████▊   | 1098/1625 [02:25<01:08,  7.74it/s, acc=68.5%, loss=0.483]
Epoch 2/3:  68%|██████▊   | 1098/1625 [02:25<01:08,  7.74it/s, acc=68.5%, loss=0.796]
Epoch 2/3:  68%|██████▊   | 1099/1625 [02:25<01:07,  7.80it/s, acc=68.5%, loss=0.796]
Epoch 2/3:  68%|██████▊   | 1099/1625 [02:25<01:07,  7.80it/s, acc=68.5%, loss=0.797]
Epoch 2/3:  68%|██████▊   | 1100/1625 [02:25<01:09,  7.58it/s, acc=68.5%, loss=0.797]
Epoch 2/3:  68%|██████▊   | 1100/1625 [02:25<01:09,  7.58it/s, acc=68.5%, loss=0.667]
Epoch 2/3:  68%|██████▊   | 1101/1625 [02:25<01:08,  7.68it/s, acc=68.5%, loss=0.667]
Epoch 2/3:  68%|██████▊   | 1101/1625 [02:26<01:08,  7.68it/s, acc=68.5%, loss=0.923]
Epoch 2/3:  68%|██████▊   | 1102/1625 [02:26<01:08,  7.66it/s, acc=68.5%, loss=0.923]
Epoch 2/3:  68%|██████▊   | 1102/1625 [02:26<01:08,  7.66it/s, acc=68.5%, loss=0.800]
Epoch 2/3:  68%|██████▊   | 1103/1625 [02:26<01:07,  7.73it/s, acc=68.5%, loss=0.800]
Epoch 2/3:  68%|██████▊   | 1103/1625 [02:26<01:07,  7.73it/s, acc=68.5%, loss=0.770]
Epoch 2/3:  68%|██████▊   | 1104/1625 [02:26<01:07,  7.72it/s, acc=68.5%, loss=0.770]
Epoch 2/3:  68%|██████▊   | 1104/1625 [02:26<01:07,  7.72it/s, acc=68.5%, loss=0.687]
Epoch 2/3:  68%|██████▊   | 1105/1625 [02:26<01:09,  7.53it/s, acc=68.5%, loss=0.687]
Epoch 2/3:  68%|██████▊   | 1105/1625 [02:26<01:09,  7.53it/s, acc=68.5%, loss=0.532]
Epoch 2/3:  68%|██████▊   | 1106/1625 [02:26<01:10,  7.41it/s, acc=68.5%, loss=0.532]
Epoch 2/3:  68%|██████▊   | 1106/1625 [02:26<01:10,  7.41it/s, acc=68.5%, loss=0.739]
Epoch 2/3:  68%|██████▊   | 1107/1625 [02:26<01:10,  7.36it/s, acc=68.5%, loss=0.739]
Epoch 2/3:  68%|██████▊   | 1107/1625 [02:26<01:10,  7.36it/s, acc=68.5%, loss=0.664]
Epoch 2/3:  68%|██████▊   | 1108/1625 [02:26<01:13,  7.06it/s, acc=68.5%, loss=0.664]
Epoch 2/3:  68%|██████▊   | 1108/1625 [02:26<01:13,  7.06it/s, acc=68.5%, loss=0.670]
Epoch 2/3:  68%|██████▊   | 1109/1625 [02:26<01:12,  7.17it/s, acc=68.5%, loss=0.670]
Epoch 2/3:  68%|██████▊   | 1109/1625 [02:27<01:12,  7.17it/s, acc=68.5%, loss=0.989]
Epoch 2/3:  68%|██████▊   | 1110/1625 [02:27<01:15,  6.85it/s, acc=68.5%, loss=0.989]
Epoch 2/3:  68%|██████▊   | 1110/1625 [02:27<01:15,  6.85it/s, acc=68.5%, loss=0.752]
Epoch 2/3:  68%|██████▊   | 1111/1625 [02:27<01:08,  7.51it/s, acc=68.5%, loss=0.752]
Epoch 2/3:  68%|██████▊   | 1111/1625 [02:27<01:08,  7.51it/s, acc=68.5%, loss=0.756]
Epoch 2/3:  68%|██████▊   | 1112/1625 [02:27<01:06,  7.71it/s, acc=68.5%, loss=0.756]
Epoch 2/3:  68%|██████▊   | 1112/1625 [02:27<01:06,  7.71it/s, acc=68.5%, loss=0.732]
Epoch 2/3:  68%|██████▊   | 1113/1625 [02:27<01:06,  7.71it/s, acc=68.5%, loss=0.732]
Epoch 2/3:  68%|██████▊   | 1113/1625 [02:27<01:06,  7.71it/s, acc=68.5%, loss=0.879]
Epoch 2/3:  69%|██████▊   | 1114/1625 [02:27<01:06,  7.74it/s, acc=68.5%, loss=0.879]
Epoch 2/3:  69%|██████▊   | 1114/1625 [02:27<01:06,  7.74it/s, acc=68.5%, loss=0.640]
Epoch 2/3:  69%|██████▊   | 1115/1625 [02:27<01:05,  7.78it/s, acc=68.5%, loss=0.640]
Epoch 2/3:  69%|██████▊   | 1115/1625 [02:27<01:05,  7.78it/s, acc=68.5%, loss=0.551]
Epoch 2/3:  69%|██████▊   | 1116/1625 [02:27<01:04,  7.91it/s, acc=68.5%, loss=0.551]
Epoch 2/3:  69%|██████▊   | 1116/1625 [02:27<01:04,  7.91it/s, acc=68.5%, loss=0.790]
Epoch 2/3:  69%|██████▊   | 1117/1625 [02:27<01:02,  8.17it/s, acc=68.5%, loss=0.790]
Epoch 2/3:  69%|██████▊   | 1117/1625 [02:28<01:02,  8.17it/s, acc=68.5%, loss=0.757]
Epoch 2/3:  69%|██████▉   | 1118/1625 [02:28<01:04,  7.85it/s, acc=68.5%, loss=0.757]
Epoch 2/3:  69%|██████▉   | 1118/1625 [02:28<01:04,  7.85it/s, acc=68.5%, loss=0.631]
Epoch 2/3:  69%|██████▉   | 1119/1625 [02:28<01:03,  7.98it/s, acc=68.5%, loss=0.631]
Epoch 2/3:  69%|██████▉   | 1119/1625 [02:28<01:03,  7.98it/s, acc=68.5%, loss=0.756]
Epoch 2/3:  69%|██████▉   | 1120/1625 [02:28<01:05,  7.76it/s, acc=68.5%, loss=0.756]
Epoch 2/3:  69%|██████▉   | 1120/1625 [02:28<01:05,  7.76it/s, acc=68.5%, loss=0.848]
Epoch 2/3:  69%|██████▉   | 1121/1625 [02:28<01:03,  7.98it/s, acc=68.5%, loss=0.848]
Epoch 2/3:  69%|██████▉   | 1121/1625 [02:28<01:03,  7.98it/s, acc=68.5%, loss=0.671]
Epoch 2/3:  69%|██████▉   | 1122/1625 [02:28<01:03,  7.91it/s, acc=68.5%, loss=0.671]
Epoch 2/3:  69%|██████▉   | 1122/1625 [02:28<01:03,  7.91it/s, acc=68.5%, loss=0.502]
Epoch 2/3:  69%|██████▉   | 1123/1625 [02:28<01:04,  7.84it/s, acc=68.5%, loss=0.502]
Epoch 2/3:  69%|██████▉   | 1123/1625 [02:28<01:04,  7.84it/s, acc=68.5%, loss=0.630]
Epoch 2/3:  69%|██████▉   | 1124/1625 [02:28<01:04,  7.79it/s, acc=68.5%, loss=0.630]
Epoch 2/3:  69%|██████▉   | 1124/1625 [02:29<01:04,  7.79it/s, acc=68.5%, loss=0.692]
Epoch 2/3:  69%|██████▉   | 1125/1625 [02:29<01:04,  7.72it/s, acc=68.5%, loss=0.692]
Epoch 2/3:  69%|██████▉   | 1125/1625 [02:29<01:04,  7.72it/s, acc=68.5%, loss=0.749]
Epoch 2/3:  69%|██████▉   | 1126/1625 [02:29<01:09,  7.19it/s, acc=68.5%, loss=0.749]
Epoch 2/3:  69%|██████▉   | 1126/1625 [02:29<01:09,  7.19it/s, acc=68.5%, loss=0.781]
Epoch 2/3:  69%|██████▉   | 1127/1625 [02:29<01:09,  7.15it/s, acc=68.5%, loss=0.781]
Epoch 2/3:  69%|██████▉   | 1127/1625 [02:29<01:09,  7.15it/s, acc=68.5%, loss=0.632]
Epoch 2/3:  69%|██████▉   | 1128/1625 [02:29<01:05,  7.60it/s, acc=68.5%, loss=0.632]
Epoch 2/3:  69%|██████▉   | 1128/1625 [02:29<01:05,  7.60it/s, acc=68.5%, loss=0.578]
Epoch 2/3:  69%|██████▉   | 1129/1625 [02:29<01:03,  7.81it/s, acc=68.5%, loss=0.578]
Epoch 2/3:  69%|██████▉   | 1129/1625 [02:29<01:03,  7.81it/s, acc=68.5%, loss=0.615]
Epoch 2/3:  70%|██████▉   | 1130/1625 [02:29<01:03,  7.77it/s, acc=68.5%, loss=0.615]
Epoch 2/3:  70%|██████▉   | 1130/1625 [02:29<01:03,  7.77it/s, acc=68.5%, loss=0.766]
Epoch 2/3:  70%|██████▉   | 1131/1625 [02:29<01:02,  7.86it/s, acc=68.5%, loss=0.766]
Epoch 2/3:  70%|██████▉   | 1131/1625 [02:29<01:02,  7.86it/s, acc=68.5%, loss=0.684]
Epoch 2/3:  70%|██████▉   | 1132/1625 [02:29<01:03,  7.82it/s, acc=68.5%, loss=0.684]
Epoch 2/3:  70%|██████▉   | 1132/1625 [02:30<01:03,  7.82it/s, acc=68.5%, loss=0.669]
Epoch 2/3:  70%|██████▉   | 1133/1625 [02:30<01:02,  7.86it/s, acc=68.5%, loss=0.669]
Epoch 2/3:  70%|██████▉   | 1133/1625 [02:30<01:02,  7.86it/s, acc=68.5%, loss=0.506]
Epoch 2/3:  70%|██████▉   | 1134/1625 [02:30<01:03,  7.76it/s, acc=68.5%, loss=0.506]
Epoch 2/3:  70%|██████▉   | 1134/1625 [02:30<01:03,  7.76it/s, acc=68.5%, loss=0.794]
Epoch 2/3:  70%|██████▉   | 1135/1625 [02:30<01:02,  7.88it/s, acc=68.5%, loss=0.794]
Epoch 2/3:  70%|██████▉   | 1135/1625 [02:30<01:02,  7.88it/s, acc=68.6%, loss=0.500]
Epoch 2/3:  70%|██████▉   | 1136/1625 [02:30<01:02,  7.80it/s, acc=68.6%, loss=0.500]
Epoch 2/3:  70%|██████▉   | 1136/1625 [02:30<01:02,  7.80it/s, acc=68.5%, loss=0.912]
Epoch 2/3:  70%|██████▉   | 1137/1625 [02:30<01:04,  7.55it/s, acc=68.5%, loss=0.912]
Epoch 2/3:  70%|██████▉   | 1137/1625 [02:30<01:04,  7.55it/s, acc=68.5%, loss=0.922]
Epoch 2/3:  70%|███████   | 1138/1625 [02:30<01:02,  7.76it/s, acc=68.5%, loss=0.922]
Epoch 2/3:  70%|███████   | 1138/1625 [02:30<01:02,  7.76it/s, acc=68.5%, loss=0.698]
Epoch 2/3:  70%|███████   | 1139/1625 [02:30<01:00,  8.10it/s, acc=68.5%, loss=0.698]
Epoch 2/3:  70%|███████   | 1139/1625 [02:30<01:00,  8.10it/s, acc=68.5%, loss=0.715]
Epoch 2/3:  70%|███████   | 1140/1625 [02:30<01:02,  7.80it/s, acc=68.5%, loss=0.715]
Epoch 2/3:  70%|███████   | 1140/1625 [02:31<01:02,  7.80it/s, acc=68.5%, loss=0.793]
Epoch 2/3:  70%|███████   | 1141/1625 [02:31<01:01,  7.84it/s, acc=68.5%, loss=0.793]
Epoch 2/3:  70%|███████   | 1141/1625 [02:31<01:01,  7.84it/s, acc=68.5%, loss=0.626]
Epoch 2/3:  70%|███████   | 1142/1625 [02:31<01:03,  7.55it/s, acc=68.5%, loss=0.626]
Epoch 2/3:  70%|███████   | 1142/1625 [02:31<01:03,  7.55it/s, acc=68.5%, loss=0.833]
Epoch 2/3:  70%|███████   | 1143/1625 [02:31<01:03,  7.64it/s, acc=68.5%, loss=0.833]
Epoch 2/3:  70%|███████   | 1143/1625 [02:31<01:03,  7.64it/s, acc=68.5%, loss=0.703]
Epoch 2/3:  70%|███████   | 1144/1625 [02:31<01:04,  7.49it/s, acc=68.5%, loss=0.703]
Epoch 2/3:  70%|███████   | 1144/1625 [02:31<01:04,  7.49it/s, acc=68.5%, loss=0.905]
Epoch 2/3:  70%|███████   | 1145/1625 [02:31<01:07,  7.10it/s, acc=68.5%, loss=0.905]
Epoch 2/3:  70%|███████   | 1145/1625 [02:31<01:07,  7.10it/s, acc=68.5%, loss=0.668]
Epoch 2/3:  71%|███████   | 1146/1625 [02:31<01:06,  7.17it/s, acc=68.5%, loss=0.668]
Epoch 2/3:  71%|███████   | 1146/1625 [02:31<01:06,  7.17it/s, acc=68.5%, loss=0.624]
Epoch 2/3:  71%|███████   | 1147/1625 [02:31<01:03,  7.56it/s, acc=68.5%, loss=0.624]
Epoch 2/3:  71%|███████   | 1147/1625 [02:32<01:03,  7.56it/s, acc=68.5%, loss=0.751]
Epoch 2/3:  71%|███████   | 1148/1625 [02:32<01:02,  7.59it/s, acc=68.5%, loss=0.751]
Epoch 2/3:  71%|███████   | 1148/1625 [02:32<01:02,  7.59it/s, acc=68.5%, loss=0.824]
Epoch 2/3:  71%|███████   | 1149/1625 [02:32<01:01,  7.74it/s, acc=68.5%, loss=0.824]
Epoch 2/3:  71%|███████   | 1149/1625 [02:32<01:01,  7.74it/s, acc=68.5%, loss=0.701]
Epoch 2/3:  71%|███████   | 1150/1625 [02:32<01:01,  7.74it/s, acc=68.5%, loss=0.701]
Epoch 2/3:  71%|███████   | 1150/1625 [02:32<01:01,  7.74it/s, acc=68.5%, loss=0.836]
Epoch 2/3:  71%|███████   | 1151/1625 [02:32<01:00,  7.82it/s, acc=68.5%, loss=0.836]
Epoch 2/3:  71%|███████   | 1151/1625 [02:32<01:00,  7.82it/s, acc=68.5%, loss=0.698]
Epoch 2/3:  71%|███████   | 1152/1625 [02:32<01:00,  7.78it/s, acc=68.5%, loss=0.698]
Epoch 2/3:  71%|███████   | 1152/1625 [02:32<01:00,  7.78it/s, acc=68.5%, loss=0.768]
Epoch 2/3:  71%|███████   | 1153/1625 [02:32<01:00,  7.83it/s, acc=68.5%, loss=0.768]
Epoch 2/3:  71%|███████   | 1153/1625 [02:32<01:00,  7.83it/s, acc=68.5%, loss=0.628]
Epoch 2/3:  71%|███████   | 1154/1625 [02:32<01:00,  7.79it/s, acc=68.5%, loss=0.628]
Epoch 2/3:  71%|███████   | 1154/1625 [02:32<01:00,  7.79it/s, acc=68.6%, loss=0.689]
Epoch 2/3:  71%|███████   | 1155/1625 [02:32<00:59,  7.85it/s, acc=68.6%, loss=0.689]
Epoch 2/3:  71%|███████   | 1155/1625 [02:33<00:59,  7.85it/s, acc=68.5%, loss=0.986]
Epoch 2/3:  71%|███████   | 1156/1625 [02:33<01:00,  7.82it/s, acc=68.5%, loss=0.986]
Epoch 2/3:  71%|███████   | 1156/1625 [02:33<01:00,  7.82it/s, acc=68.5%, loss=0.884]
Epoch 2/3:  71%|███████   | 1157/1625 [02:33<00:59,  7.88it/s, acc=68.5%, loss=0.884]
Epoch 2/3:  71%|███████   | 1157/1625 [02:33<00:59,  7.88it/s, acc=68.6%, loss=0.462]
Epoch 2/3:  71%|███████▏  | 1158/1625 [02:33<01:00,  7.75it/s, acc=68.6%, loss=0.462]
Epoch 2/3:  71%|███████▏  | 1158/1625 [02:33<01:00,  7.75it/s, acc=68.5%, loss=0.797]
Epoch 2/3:  71%|███████▏  | 1159/1625 [02:33<01:03,  7.32it/s, acc=68.5%, loss=0.797]
Epoch 2/3:  71%|███████▏  | 1159/1625 [02:33<01:03,  7.32it/s, acc=68.6%, loss=0.549]
Epoch 2/3:  71%|███████▏  | 1160/1625 [02:33<01:07,  6.94it/s, acc=68.6%, loss=0.549]
Epoch 2/3:  71%|███████▏  | 1160/1625 [02:33<01:07,  6.94it/s, acc=68.6%, loss=0.666]
Epoch 2/3:  71%|███████▏  | 1161/1625 [02:33<01:08,  6.80it/s, acc=68.6%, loss=0.666]
Epoch 2/3:  71%|███████▏  | 1161/1625 [02:33<01:08,  6.80it/s, acc=68.5%, loss=0.801]
Epoch 2/3:  72%|███████▏  | 1162/1625 [02:33<01:10,  6.54it/s, acc=68.5%, loss=0.801]
Epoch 2/3:  72%|███████▏  | 1162/1625 [02:34<01:10,  6.54it/s, acc=68.5%, loss=0.594]
Epoch 2/3:  72%|███████▏  | 1163/1625 [02:34<01:06,  6.93it/s, acc=68.5%, loss=0.594]
Epoch 2/3:  72%|███████▏  | 1163/1625 [02:34<01:06,  6.93it/s, acc=68.5%, loss=0.750]
Epoch 2/3:  72%|███████▏  | 1164/1625 [02:34<01:03,  7.30it/s, acc=68.5%, loss=0.750]
Epoch 2/3:  72%|███████▏  | 1164/1625 [02:34<01:03,  7.30it/s, acc=68.5%, loss=0.688]
Epoch 2/3:  72%|███████▏  | 1165/1625 [02:34<01:01,  7.43it/s, acc=68.5%, loss=0.688]
Epoch 2/3:  72%|███████▏  | 1165/1625 [02:34<01:01,  7.43it/s, acc=68.5%, loss=0.789]
Epoch 2/3:  72%|███████▏  | 1166/1625 [02:34<01:00,  7.57it/s, acc=68.5%, loss=0.789]
Epoch 2/3:  72%|███████▏  | 1166/1625 [02:34<01:00,  7.57it/s, acc=68.5%, loss=0.783]
Epoch 2/3:  72%|███████▏  | 1167/1625 [02:34<01:00,  7.57it/s, acc=68.5%, loss=0.783]
Epoch 2/3:  72%|███████▏  | 1167/1625 [02:34<01:00,  7.57it/s, acc=68.5%, loss=0.788]
Epoch 2/3:  72%|███████▏  | 1168/1625 [02:34<01:01,  7.49it/s, acc=68.5%, loss=0.788]
Epoch 2/3:  72%|███████▏  | 1168/1625 [02:34<01:01,  7.49it/s, acc=68.5%, loss=0.751]
Epoch 2/3:  72%|███████▏  | 1169/1625 [02:34<00:58,  7.86it/s, acc=68.5%, loss=0.751]
Epoch 2/3:  72%|███████▏  | 1169/1625 [02:34<00:58,  7.86it/s, acc=68.5%, loss=0.669]
Epoch 2/3:  72%|███████▏  | 1170/1625 [02:34<00:57,  7.93it/s, acc=68.5%, loss=0.669]
Epoch 2/3:  72%|███████▏  | 1170/1625 [02:35<00:57,  7.93it/s, acc=68.6%, loss=0.510]
Epoch 2/3:  72%|███████▏  | 1171/1625 [02:35<00:58,  7.75it/s, acc=68.6%, loss=0.510]
Epoch 2/3:  72%|███████▏  | 1171/1625 [02:35<00:58,  7.75it/s, acc=68.6%, loss=0.575]
Epoch 2/3:  72%|███████▏  | 1172/1625 [02:35<00:58,  7.76it/s, acc=68.6%, loss=0.575]
Epoch 2/3:  72%|███████▏  | 1172/1625 [02:35<00:58,  7.76it/s, acc=68.6%, loss=0.752]
Epoch 2/3:  72%|███████▏  | 1173/1625 [02:35<00:58,  7.74it/s, acc=68.6%, loss=0.752]
Epoch 2/3:  72%|███████▏  | 1173/1625 [02:35<00:58,  7.74it/s, acc=68.6%, loss=0.753]
Epoch 2/3:  72%|███████▏  | 1174/1625 [02:35<00:58,  7.76it/s, acc=68.6%, loss=0.753]
Epoch 2/3:  72%|███████▏  | 1174/1625 [02:35<00:58,  7.76it/s, acc=68.6%, loss=0.609]
Epoch 2/3:  72%|███████▏  | 1175/1625 [02:35<00:58,  7.73it/s, acc=68.6%, loss=0.609]
Epoch 2/3:  72%|███████▏  | 1175/1625 [02:35<00:58,  7.73it/s, acc=68.6%, loss=0.879]
Epoch 2/3:  72%|███████▏  | 1176/1625 [02:35<01:00,  7.40it/s, acc=68.6%, loss=0.879]
Epoch 2/3:  72%|███████▏  | 1176/1625 [02:35<01:00,  7.40it/s, acc=68.6%, loss=0.792]
Epoch 2/3:  72%|███████▏  | 1177/1625 [02:35<01:02,  7.19it/s, acc=68.6%, loss=0.792]
Epoch 2/3:  72%|███████▏  | 1177/1625 [02:36<01:02,  7.19it/s, acc=68.5%, loss=1.112]
Epoch 2/3:  72%|███████▏  | 1178/1625 [02:36<01:03,  7.02it/s, acc=68.5%, loss=1.112]
Epoch 2/3:  72%|███████▏  | 1178/1625 [02:36<01:03,  7.02it/s, acc=68.5%, loss=0.710]
Epoch 2/3:  73%|███████▎  | 1179/1625 [02:36<01:04,  6.88it/s, acc=68.5%, loss=0.710]
Epoch 2/3:  73%|███████▎  | 1179/1625 [02:36<01:04,  6.88it/s, acc=68.5%, loss=0.742]
Epoch 2/3:  73%|███████▎  | 1180/1625 [02:36<01:02,  7.08it/s, acc=68.5%, loss=0.742]
Epoch 2/3:  73%|███████▎  | 1180/1625 [02:36<01:02,  7.08it/s, acc=68.6%, loss=0.492]
Epoch 2/3:  73%|███████▎  | 1181/1625 [02:36<00:57,  7.67it/s, acc=68.6%, loss=0.492]
Epoch 2/3:  73%|███████▎  | 1181/1625 [02:36<00:57,  7.67it/s, acc=68.6%, loss=0.852]
Epoch 2/3:  73%|███████▎  | 1182/1625 [02:36<00:56,  7.84it/s, acc=68.6%, loss=0.852]
Epoch 2/3:  73%|███████▎  | 1182/1625 [02:36<00:56,  7.84it/s, acc=68.5%, loss=0.821]
Epoch 2/3:  73%|███████▎  | 1183/1625 [02:36<00:56,  7.79it/s, acc=68.5%, loss=0.821]
Epoch 2/3:  73%|███████▎  | 1183/1625 [02:36<00:56,  7.79it/s, acc=68.6%, loss=0.715]
Epoch 2/3:  73%|███████▎  | 1184/1625 [02:36<00:55,  7.99it/s, acc=68.6%, loss=0.715]
Epoch 2/3:  73%|███████▎  | 1184/1625 [02:36<00:55,  7.99it/s, acc=68.5%, loss=0.721]
Epoch 2/3:  73%|███████▎  | 1185/1625 [02:36<00:55,  7.98it/s, acc=68.5%, loss=0.721]
Epoch 2/3:  73%|███████▎  | 1185/1625 [02:37<00:55,  7.98it/s, acc=68.6%, loss=0.715]
Epoch 2/3:  73%|███████▎  | 1186/1625 [02:37<00:55,  7.89it/s, acc=68.6%, loss=0.715]
Epoch 2/3:  73%|███████▎  | 1186/1625 [02:37<00:55,  7.89it/s, acc=68.5%, loss=0.856]
Epoch 2/3:  73%|███████▎  | 1187/1625 [02:37<00:57,  7.67it/s, acc=68.5%, loss=0.856]
Epoch 2/3:  73%|███████▎  | 1187/1625 [02:37<00:57,  7.67it/s, acc=68.6%, loss=0.571]
Epoch 2/3:  73%|███████▎  | 1188/1625 [02:37<00:55,  7.89it/s, acc=68.6%, loss=0.571]
Epoch 2/3:  73%|███████▎  | 1188/1625 [02:37<00:55,  7.89it/s, acc=68.6%, loss=0.628]
Epoch 2/3:  73%|███████▎  | 1189/1625 [02:37<00:55,  7.80it/s, acc=68.6%, loss=0.628]
Epoch 2/3:  73%|███████▎  | 1189/1625 [02:37<00:55,  7.80it/s, acc=68.6%, loss=0.662]
Epoch 2/3:  73%|███████▎  | 1190/1625 [02:37<00:56,  7.73it/s, acc=68.6%, loss=0.662]
Epoch 2/3:  73%|███████▎  | 1190/1625 [02:37<00:56,  7.73it/s, acc=68.6%, loss=0.645]
Epoch 2/3:  73%|███████▎  | 1191/1625 [02:37<00:55,  7.79it/s, acc=68.6%, loss=0.645]
Epoch 2/3:  73%|███████▎  | 1191/1625 [02:37<00:55,  7.79it/s, acc=68.6%, loss=0.832]
Epoch 2/3:  73%|███████▎  | 1192/1625 [02:37<00:55,  7.77it/s, acc=68.6%, loss=0.832]
Epoch 2/3:  73%|███████▎  | 1192/1625 [02:37<00:55,  7.77it/s, acc=68.6%, loss=0.567]
Epoch 2/3:  73%|███████▎  | 1193/1625 [02:37<00:56,  7.59it/s, acc=68.6%, loss=0.567]
Epoch 2/3:  73%|███████▎  | 1193/1625 [02:38<00:56,  7.59it/s, acc=68.6%, loss=0.736]
Epoch 2/3:  73%|███████▎  | 1194/1625 [02:38<00:58,  7.38it/s, acc=68.6%, loss=0.736]
Epoch 2/3:  73%|███████▎  | 1194/1625 [02:38<00:58,  7.38it/s, acc=68.6%, loss=0.558]
Epoch 2/3:  74%|███████▎  | 1195/1625 [02:38<01:01,  7.01it/s, acc=68.6%, loss=0.558]
Epoch 2/3:  74%|███████▎  | 1195/1625 [02:38<01:01,  7.01it/s, acc=68.6%, loss=0.846]
Epoch 2/3:  74%|███████▎  | 1196/1625 [02:38<01:00,  7.14it/s, acc=68.6%, loss=0.846]
Epoch 2/3:  74%|███████▎  | 1196/1625 [02:38<01:00,  7.14it/s, acc=68.6%, loss=0.729]
Epoch 2/3:  74%|███████▎  | 1197/1625 [02:38<00:57,  7.50it/s, acc=68.6%, loss=0.729]
Epoch 2/3:  74%|███████▎  | 1197/1625 [02:38<00:57,  7.50it/s, acc=68.6%, loss=0.633]
Epoch 2/3:  74%|███████▎  | 1198/1625 [02:38<00:56,  7.55it/s, acc=68.6%, loss=0.633]
Epoch 2/3:  74%|███████▎  | 1198/1625 [02:38<00:56,  7.55it/s, acc=68.6%, loss=0.742]
Epoch 2/3:  74%|███████▍  | 1199/1625 [02:38<00:55,  7.73it/s, acc=68.6%, loss=0.742]
Epoch 2/3:  74%|███████▍  | 1199/1625 [02:38<00:55,  7.73it/s, acc=68.6%, loss=0.499]
Epoch 2/3:  74%|███████▍  | 1200/1625 [02:38<00:54,  7.73it/s, acc=68.6%, loss=0.499]
Epoch 2/3:  74%|███████▍  | 1200/1625 [02:39<00:54,  7.73it/s, acc=68.6%, loss=0.740]
Epoch 2/3:  74%|███████▍  | 1201/1625 [02:39<00:52,  8.06it/s, acc=68.6%, loss=0.740]
Epoch 2/3:  74%|███████▍  | 1201/1625 [02:39<00:52,  8.06it/s, acc=68.6%, loss=1.007]
Epoch 2/3:  74%|███████▍  | 1202/1625 [02:39<00:53,  7.90it/s, acc=68.6%, loss=1.007]
Epoch 2/3:  74%|███████▍  | 1202/1625 [02:39<00:53,  7.90it/s, acc=68.6%, loss=0.504]
Epoch 2/3:  74%|███████▍  | 1203/1625 [02:39<00:51,  8.16it/s, acc=68.6%, loss=0.504]
Epoch 2/3:  74%|███████▍  | 1203/1625 [02:39<00:51,  8.16it/s, acc=68.6%, loss=0.663]
Epoch 2/3:  74%|███████▍  | 1204/1625 [02:39<00:51,  8.21it/s, acc=68.6%, loss=0.663]
Epoch 2/3:  74%|███████▍  | 1204/1625 [02:39<00:51,  8.21it/s, acc=68.6%, loss=0.775]
Epoch 2/3:  74%|███████▍  | 1205/1625 [02:39<00:51,  8.15it/s, acc=68.6%, loss=0.775]
Epoch 2/3:  74%|███████▍  | 1205/1625 [02:39<00:51,  8.15it/s, acc=68.6%, loss=0.814]
Epoch 2/3:  74%|███████▍  | 1206/1625 [02:39<00:51,  8.19it/s, acc=68.6%, loss=0.814]
Epoch 2/3:  74%|███████▍  | 1206/1625 [02:39<00:51,  8.19it/s, acc=68.6%, loss=0.882]
Epoch 2/3:  74%|███████▍  | 1207/1625 [02:39<00:52,  8.03it/s, acc=68.6%, loss=0.882]
Epoch 2/3:  74%|███████▍  | 1207/1625 [02:39<00:52,  8.03it/s, acc=68.6%, loss=0.608]
Epoch 2/3:  74%|███████▍  | 1208/1625 [02:39<00:51,  8.02it/s, acc=68.6%, loss=0.608]
Epoch 2/3:  74%|███████▍  | 1208/1625 [02:40<00:51,  8.02it/s, acc=68.6%, loss=0.660]
Epoch 2/3:  74%|███████▍  | 1209/1625 [02:40<00:52,  7.93it/s, acc=68.6%, loss=0.660]
Epoch 2/3:  74%|███████▍  | 1209/1625 [02:40<00:52,  7.93it/s, acc=68.6%, loss=0.826]
Epoch 2/3:  74%|███████▍  | 1210/1625 [02:40<00:53,  7.81it/s, acc=68.6%, loss=0.826]
Epoch 2/3:  74%|███████▍  | 1210/1625 [02:40<00:53,  7.81it/s, acc=68.6%, loss=0.626]
Epoch 2/3:  75%|███████▍  | 1211/1625 [02:40<00:53,  7.77it/s, acc=68.6%, loss=0.626]
Epoch 2/3:  75%|███████▍  | 1211/1625 [02:40<00:53,  7.77it/s, acc=68.6%, loss=0.945]
Epoch 2/3:  75%|███████▍  | 1212/1625 [02:40<00:56,  7.36it/s, acc=68.6%, loss=0.945]
Epoch 2/3:  75%|███████▍  | 1212/1625 [02:40<00:56,  7.36it/s, acc=68.6%, loss=0.779]
Epoch 2/3:  75%|███████▍  | 1213/1625 [02:40<00:57,  7.16it/s, acc=68.6%, loss=0.779]
Epoch 2/3:  75%|███████▍  | 1213/1625 [02:40<00:57,  7.16it/s, acc=68.6%, loss=0.670]
Epoch 2/3:  75%|███████▍  | 1214/1625 [02:40<00:56,  7.24it/s, acc=68.6%, loss=0.670]
Epoch 2/3:  75%|███████▍  | 1214/1625 [02:40<00:56,  7.24it/s, acc=68.6%, loss=0.627]
Epoch 2/3:  75%|███████▍  | 1215/1625 [02:40<00:57,  7.12it/s, acc=68.6%, loss=0.627]
Epoch 2/3:  75%|███████▍  | 1215/1625 [02:41<00:57,  7.12it/s, acc=68.6%, loss=0.588]
Epoch 2/3:  75%|███████▍  | 1216/1625 [02:41<00:55,  7.38it/s, acc=68.6%, loss=0.588]
Epoch 2/3:  75%|███████▍  | 1216/1625 [02:41<00:55,  7.38it/s, acc=68.6%, loss=0.490]
Epoch 2/3:  75%|███████▍  | 1217/1625 [02:41<00:55,  7.30it/s, acc=68.6%, loss=0.490]
Epoch 2/3:  75%|███████▍  | 1217/1625 [02:41<00:55,  7.30it/s, acc=68.6%, loss=0.685]
Epoch 2/3:  75%|███████▍  | 1218/1625 [02:41<00:54,  7.41it/s, acc=68.6%, loss=0.685]
Epoch 2/3:  75%|███████▍  | 1218/1625 [02:41<00:54,  7.41it/s, acc=68.6%, loss=0.772]
Epoch 2/3:  75%|███████▌  | 1219/1625 [02:41<00:54,  7.50it/s, acc=68.6%, loss=0.772]
Epoch 2/3:  75%|███████▌  | 1219/1625 [02:41<00:54,  7.50it/s, acc=68.6%, loss=0.536]
Epoch 2/3:  75%|███████▌  | 1220/1625 [02:41<00:53,  7.63it/s, acc=68.6%, loss=0.536]
Epoch 2/3:  75%|███████▌  | 1220/1625 [02:41<00:53,  7.63it/s, acc=68.6%, loss=0.739]
Epoch 2/3:  75%|███████▌  | 1221/1625 [02:41<00:52,  7.65it/s, acc=68.6%, loss=0.739]
Epoch 2/3:  75%|███████▌  | 1221/1625 [02:41<00:52,  7.65it/s, acc=68.6%, loss=0.714]
Epoch 2/3:  75%|███████▌  | 1222/1625 [02:41<00:53,  7.54it/s, acc=68.6%, loss=0.714]
Epoch 2/3:  75%|███████▌  | 1222/1625 [02:41<00:53,  7.54it/s, acc=68.6%, loss=0.570]
Epoch 2/3:  75%|███████▌  | 1223/1625 [02:41<00:51,  7.82it/s, acc=68.6%, loss=0.570]
Epoch 2/3:  75%|███████▌  | 1223/1625 [02:42<00:51,  7.82it/s, acc=68.6%, loss=0.420]
Epoch 2/3:  75%|███████▌  | 1224/1625 [02:42<00:51,  7.73it/s, acc=68.6%, loss=0.420]
Epoch 2/3:  75%|███████▌  | 1224/1625 [02:42<00:51,  7.73it/s, acc=68.6%, loss=0.690]
Epoch 2/3:  75%|███████▌  | 1225/1625 [02:42<00:51,  7.70it/s, acc=68.6%, loss=0.690]
Epoch 2/3:  75%|███████▌  | 1225/1625 [02:42<00:51,  7.70it/s, acc=68.6%, loss=0.674]
Epoch 2/3:  75%|███████▌  | 1226/1625 [02:42<00:54,  7.37it/s, acc=68.6%, loss=0.674]
Epoch 2/3:  75%|███████▌  | 1226/1625 [02:42<00:54,  7.37it/s, acc=68.6%, loss=0.604]
Epoch 2/3:  76%|███████▌  | 1227/1625 [02:42<00:55,  7.13it/s, acc=68.6%, loss=0.604]
Epoch 2/3:  76%|███████▌  | 1227/1625 [02:42<00:55,  7.13it/s, acc=68.6%, loss=0.919]
Epoch 2/3:  76%|███████▌  | 1228/1625 [02:42<00:54,  7.27it/s, acc=68.6%, loss=0.919]
Epoch 2/3:  76%|███████▌  | 1228/1625 [02:42<00:54,  7.27it/s, acc=68.6%, loss=0.832]
Epoch 2/3:  76%|███████▌  | 1229/1625 [02:42<00:55,  7.15it/s, acc=68.6%, loss=0.832]
Epoch 2/3:  76%|███████▌  | 1229/1625 [02:42<00:55,  7.15it/s, acc=68.6%, loss=0.703]
Epoch 2/3:  76%|███████▌  | 1230/1625 [02:42<00:56,  6.98it/s, acc=68.6%, loss=0.703]
Epoch 2/3:  76%|███████▌  | 1230/1625 [02:43<00:56,  6.98it/s, acc=68.6%, loss=0.639]
Epoch 2/3:  76%|███████▌  | 1231/1625 [02:43<00:53,  7.32it/s, acc=68.6%, loss=0.639]
Epoch 2/3:  76%|███████▌  | 1231/1625 [02:43<00:53,  7.32it/s, acc=68.6%, loss=0.675]
Epoch 2/3:  76%|███████▌  | 1232/1625 [02:43<00:51,  7.60it/s, acc=68.6%, loss=0.675]
Epoch 2/3:  76%|███████▌  | 1232/1625 [02:43<00:51,  7.60it/s, acc=68.6%, loss=0.619]
Epoch 2/3:  76%|███████▌  | 1233/1625 [02:43<00:51,  7.62it/s, acc=68.6%, loss=0.619]
Epoch 2/3:  76%|███████▌  | 1233/1625 [02:43<00:51,  7.62it/s, acc=68.6%, loss=0.629]
Epoch 2/3:  76%|███████▌  | 1234/1625 [02:43<00:50,  7.76it/s, acc=68.6%, loss=0.629]
Epoch 2/3:  76%|███████▌  | 1234/1625 [02:43<00:50,  7.76it/s, acc=68.6%, loss=0.901]
Epoch 2/3:  76%|███████▌  | 1235/1625 [02:43<00:50,  7.74it/s, acc=68.6%, loss=0.901]
Epoch 2/3:  76%|███████▌  | 1235/1625 [02:43<00:50,  7.74it/s, acc=68.6%, loss=0.658]
Epoch 2/3:  76%|███████▌  | 1236/1625 [02:43<00:49,  7.80it/s, acc=68.6%, loss=0.658]
Epoch 2/3:  76%|███████▌  | 1236/1625 [02:43<00:49,  7.80it/s, acc=68.6%, loss=0.944]
Epoch 2/3:  76%|███████▌  | 1237/1625 [02:43<00:49,  7.78it/s, acc=68.6%, loss=0.944]
Epoch 2/3:  76%|███████▌  | 1237/1625 [02:43<00:49,  7.78it/s, acc=68.6%, loss=0.720]
Epoch 2/3:  76%|███████▌  | 1238/1625 [02:43<00:49,  7.86it/s, acc=68.6%, loss=0.720]
Epoch 2/3:  76%|███████▌  | 1238/1625 [02:44<00:49,  7.86it/s, acc=68.6%, loss=0.533]
Epoch 2/3:  76%|███████▌  | 1239/1625 [02:44<00:49,  7.79it/s, acc=68.6%, loss=0.533]
Epoch 2/3:  76%|███████▌  | 1239/1625 [02:44<00:49,  7.79it/s, acc=68.6%, loss=0.655]
Epoch 2/3:  76%|███████▋  | 1240/1625 [02:44<00:48,  7.92it/s, acc=68.6%, loss=0.655]
Epoch 2/3:  76%|███████▋  | 1240/1625 [02:44<00:48,  7.92it/s, acc=68.6%, loss=0.590]
Epoch 2/3:  76%|███████▋  | 1241/1625 [02:44<00:48,  7.91it/s, acc=68.6%, loss=0.590]
Epoch 2/3:  76%|███████▋  | 1241/1625 [02:44<00:48,  7.91it/s, acc=68.6%, loss=0.587]
Epoch 2/3:  76%|███████▋  | 1242/1625 [02:44<00:49,  7.79it/s, acc=68.6%, loss=0.587]
Epoch 2/3:  76%|███████▋  | 1242/1625 [02:44<00:49,  7.79it/s, acc=68.6%, loss=0.577]
Epoch 2/3:  76%|███████▋  | 1243/1625 [02:44<00:49,  7.77it/s, acc=68.6%, loss=0.577]
Epoch 2/3:  76%|███████▋  | 1243/1625 [02:44<00:49,  7.77it/s, acc=68.6%, loss=0.870]
Epoch 2/3:  77%|███████▋  | 1244/1625 [02:44<00:47,  8.02it/s, acc=68.6%, loss=0.870]
Epoch 2/3:  77%|███████▋  | 1244/1625 [02:44<00:47,  8.02it/s, acc=68.7%, loss=0.574]
Epoch 2/3:  77%|███████▋  | 1245/1625 [02:44<00:49,  7.74it/s, acc=68.7%, loss=0.574]
Epoch 2/3:  77%|███████▋  | 1245/1625 [02:44<00:49,  7.74it/s, acc=68.7%, loss=0.693]
Epoch 2/3:  77%|███████▋  | 1246/1625 [02:44<00:50,  7.43it/s, acc=68.7%, loss=0.693]
Epoch 2/3:  77%|███████▋  | 1246/1625 [02:45<00:50,  7.43it/s, acc=68.7%, loss=0.720]
Epoch 2/3:  77%|███████▋  | 1247/1625 [02:45<00:51,  7.36it/s, acc=68.7%, loss=0.720]
Epoch 2/3:  77%|███████▋  | 1247/1625 [02:45<00:51,  7.36it/s, acc=68.7%, loss=0.505]
Epoch 2/3:  77%|███████▋  | 1248/1625 [02:45<00:53,  7.08it/s, acc=68.7%, loss=0.505]
Epoch 2/3:  77%|███████▋  | 1248/1625 [02:45<00:53,  7.08it/s, acc=68.7%, loss=0.599]
Epoch 2/3:  77%|███████▋  | 1249/1625 [02:45<00:49,  7.53it/s, acc=68.7%, loss=0.599]
Epoch 2/3:  77%|███████▋  | 1249/1625 [02:45<00:49,  7.53it/s, acc=68.7%, loss=0.724]
Epoch 2/3:  77%|███████▋  | 1250/1625 [02:45<00:49,  7.53it/s, acc=68.7%, loss=0.724]
Epoch 2/3:  77%|███████▋  | 1250/1625 [02:45<00:49,  7.53it/s, acc=68.7%, loss=0.714]
Epoch 2/3:  77%|███████▋  | 1251/1625 [02:45<00:47,  7.82it/s, acc=68.7%, loss=0.714]
Epoch 2/3:  77%|███████▋  | 1251/1625 [02:45<00:47,  7.82it/s, acc=68.7%, loss=0.555]
Epoch 2/3:  77%|███████▋  | 1252/1625 [02:45<00:48,  7.72it/s, acc=68.7%, loss=0.555]
Epoch 2/3:  77%|███████▋  | 1252/1625 [02:45<00:48,  7.72it/s, acc=68.7%, loss=0.691]
Epoch 2/3:  77%|███████▋  | 1253/1625 [02:45<00:46,  7.95it/s, acc=68.7%, loss=0.691]
Epoch 2/3:  77%|███████▋  | 1253/1625 [02:46<00:46,  7.95it/s, acc=68.7%, loss=0.608]
Epoch 2/3:  77%|███████▋  | 1254/1625 [02:46<00:47,  7.74it/s, acc=68.7%, loss=0.608]
Epoch 2/3:  77%|███████▋  | 1254/1625 [02:46<00:47,  7.74it/s, acc=68.7%, loss=0.749]
Epoch 2/3:  77%|███████▋  | 1255/1625 [02:46<00:46,  8.00it/s, acc=68.7%, loss=0.749]
Epoch 2/3:  77%|███████▋  | 1255/1625 [02:46<00:46,  8.00it/s, acc=68.7%, loss=0.706]
Epoch 2/3:  77%|███████▋  | 1256/1625 [02:46<00:47,  7.76it/s, acc=68.7%, loss=0.706]
Epoch 2/3:  77%|███████▋  | 1256/1625 [02:46<00:47,  7.76it/s, acc=68.7%, loss=0.654]
Epoch 2/3:  77%|███████▋  | 1257/1625 [02:46<00:46,  7.99it/s, acc=68.7%, loss=0.654]
Epoch 2/3:  77%|███████▋  | 1257/1625 [02:46<00:46,  7.99it/s, acc=68.7%, loss=0.493]
Epoch 2/3:  77%|███████▋  | 1258/1625 [02:46<00:46,  7.93it/s, acc=68.7%, loss=0.493]
Epoch 2/3:  77%|███████▋  | 1258/1625 [02:46<00:46,  7.93it/s, acc=68.7%, loss=0.895]
Epoch 2/3:  77%|███████▋  | 1259/1625 [02:46<00:44,  8.15it/s, acc=68.7%, loss=0.895]
Epoch 2/3:  77%|███████▋  | 1259/1625 [02:46<00:44,  8.15it/s, acc=68.7%, loss=0.874]
Epoch 2/3:  78%|███████▊  | 1260/1625 [02:46<00:45,  7.97it/s, acc=68.7%, loss=0.874]
Epoch 2/3:  78%|███████▊  | 1260/1625 [02:46<00:45,  7.97it/s, acc=68.7%, loss=0.680]
Epoch 2/3:  78%|███████▊  | 1261/1625 [02:46<00:46,  7.89it/s, acc=68.7%, loss=0.680]
Epoch 2/3:  78%|███████▊  | 1261/1625 [02:47<00:46,  7.89it/s, acc=68.7%, loss=0.954]
Epoch 2/3:  78%|███████▊  | 1262/1625 [02:47<00:45,  7.93it/s, acc=68.7%, loss=0.954]
Epoch 2/3:  78%|███████▊  | 1262/1625 [02:47<00:45,  7.93it/s, acc=68.7%, loss=0.445]
Epoch 2/3:  78%|███████▊  | 1263/1625 [02:47<00:46,  7.86it/s, acc=68.7%, loss=0.445]
Epoch 2/3:  78%|███████▊  | 1263/1625 [02:47<00:46,  7.86it/s, acc=68.7%, loss=0.684]
Epoch 2/3:  78%|███████▊  | 1264/1625 [02:47<00:45,  7.92it/s, acc=68.7%, loss=0.684]
Epoch 2/3:  78%|███████▊  | 1264/1625 [02:47<00:45,  7.92it/s, acc=68.7%, loss=0.707]
Epoch 2/3:  78%|███████▊  | 1265/1625 [02:47<00:45,  7.87it/s, acc=68.7%, loss=0.707]
Epoch 2/3:  78%|███████▊  | 1265/1625 [02:47<00:45,  7.87it/s, acc=68.7%, loss=0.693]
Epoch 2/3:  78%|███████▊  | 1266/1625 [02:47<00:45,  7.82it/s, acc=68.7%, loss=0.693]
Epoch 2/3:  78%|███████▊  | 1266/1625 [02:47<00:45,  7.82it/s, acc=68.7%, loss=0.727]
Epoch 2/3:  78%|███████▊  | 1267/1625 [02:47<00:45,  7.93it/s, acc=68.7%, loss=0.727]
Epoch 2/3:  78%|███████▊  | 1267/1625 [02:47<00:45,  7.93it/s, acc=68.7%, loss=0.559]
Epoch 2/3:  78%|███████▊  | 1268/1625 [02:47<00:45,  7.85it/s, acc=68.7%, loss=0.559]
Epoch 2/3:  78%|███████▊  | 1268/1625 [02:47<00:45,  7.85it/s, acc=68.7%, loss=0.698]
Epoch 2/3:  78%|███████▊  | 1269/1625 [02:47<00:45,  7.87it/s, acc=68.7%, loss=0.698]
Epoch 2/3:  78%|███████▊  | 1269/1625 [02:48<00:45,  7.87it/s, acc=68.7%, loss=0.721]
Epoch 2/3:  78%|███████▊  | 1270/1625 [02:48<00:45,  7.81it/s, acc=68.7%, loss=0.721]
Epoch 2/3:  78%|███████▊  | 1270/1625 [02:48<00:45,  7.81it/s, acc=68.7%, loss=0.700]
Epoch 2/3:  78%|███████▊  | 1271/1625 [02:48<00:44,  7.89it/s, acc=68.7%, loss=0.700]
Epoch 2/3:  78%|███████▊  | 1271/1625 [02:48<00:44,  7.89it/s, acc=68.7%, loss=0.805]
Epoch 2/3:  78%|███████▊  | 1272/1625 [02:48<00:45,  7.80it/s, acc=68.7%, loss=0.805]
Epoch 2/3:  78%|███████▊  | 1272/1625 [02:48<00:45,  7.80it/s, acc=68.7%, loss=0.661]
Epoch 2/3:  78%|███████▊  | 1273/1625 [02:48<00:44,  7.91it/s, acc=68.7%, loss=0.661]
Epoch 2/3:  78%|███████▊  | 1273/1625 [02:48<00:44,  7.91it/s, acc=68.7%, loss=0.588]
Epoch 2/3:  78%|███████▊  | 1274/1625 [02:48<00:44,  7.83it/s, acc=68.7%, loss=0.588]
Epoch 2/3:  78%|███████▊  | 1274/1625 [02:48<00:44,  7.83it/s, acc=68.7%, loss=0.710]
Epoch 2/3:  78%|███████▊  | 1275/1625 [02:48<00:44,  7.85it/s, acc=68.7%, loss=0.710]
Epoch 2/3:  78%|███████▊  | 1275/1625 [02:48<00:44,  7.85it/s, acc=68.7%, loss=0.705]
Epoch 2/3:  79%|███████▊  | 1276/1625 [02:48<00:44,  7.77it/s, acc=68.7%, loss=0.705]
Epoch 2/3:  79%|███████▊  | 1276/1625 [02:48<00:44,  7.77it/s, acc=68.7%, loss=0.521]
Epoch 2/3:  79%|███████▊  | 1277/1625 [02:48<00:45,  7.59it/s, acc=68.7%, loss=0.521]
Epoch 2/3:  79%|███████▊  | 1277/1625 [02:49<00:45,  7.59it/s, acc=68.7%, loss=0.768]
Epoch 2/3:  79%|███████▊  | 1278/1625 [02:49<00:44,  7.78it/s, acc=68.7%, loss=0.768]
Epoch 2/3:  79%|███████▊  | 1278/1625 [02:49<00:44,  7.78it/s, acc=68.7%, loss=0.886]
Epoch 2/3:  79%|███████▊  | 1279/1625 [02:49<00:45,  7.57it/s, acc=68.7%, loss=0.886]
Epoch 2/3:  79%|███████▊  | 1279/1625 [02:49<00:45,  7.57it/s, acc=68.7%, loss=0.867]
Epoch 2/3:  79%|███████▉  | 1280/1625 [02:49<00:44,  7.68it/s, acc=68.7%, loss=0.867]
Epoch 2/3:  79%|███████▉  | 1280/1625 [02:49<00:44,  7.68it/s, acc=68.7%, loss=0.856]
Epoch 2/3:  79%|███████▉  | 1281/1625 [02:49<00:47,  7.24it/s, acc=68.7%, loss=0.856]
Epoch 2/3:  79%|███████▉  | 1281/1625 [02:49<00:47,  7.24it/s, acc=68.7%, loss=0.713]
Epoch 2/3:  79%|███████▉  | 1282/1625 [02:49<00:48,  7.04it/s, acc=68.7%, loss=0.713]
Epoch 2/3:  79%|███████▉  | 1282/1625 [02:49<00:48,  7.04it/s, acc=68.7%, loss=0.825]
Epoch 2/3:  79%|███████▉  | 1283/1625 [02:49<00:51,  6.69it/s, acc=68.7%, loss=0.825]
Epoch 2/3:  79%|███████▉  | 1283/1625 [02:49<00:51,  6.69it/s, acc=68.7%, loss=0.671]
Epoch 2/3:  79%|███████▉  | 1284/1625 [02:49<00:52,  6.51it/s, acc=68.7%, loss=0.671]
Epoch 2/3:  79%|███████▉  | 1284/1625 [02:50<00:52,  6.51it/s, acc=68.7%, loss=0.846]
Epoch 2/3:  79%|███████▉  | 1285/1625 [02:50<00:48,  6.95it/s, acc=68.7%, loss=0.846]
Epoch 2/3:  79%|███████▉  | 1285/1625 [02:50<00:48,  6.95it/s, acc=68.7%, loss=0.503]
Epoch 2/3:  79%|███████▉  | 1286/1625 [02:50<00:45,  7.38it/s, acc=68.7%, loss=0.503]
Epoch 2/3:  79%|███████▉  | 1286/1625 [02:50<00:45,  7.38it/s, acc=68.7%, loss=0.674]
Epoch 2/3:  79%|███████▉  | 1287/1625 [02:50<00:45,  7.47it/s, acc=68.7%, loss=0.674]
Epoch 2/3:  79%|███████▉  | 1287/1625 [02:50<00:45,  7.47it/s, acc=68.7%, loss=0.478]
Epoch 2/3:  79%|███████▉  | 1288/1625 [02:50<00:44,  7.62it/s, acc=68.7%, loss=0.478]
Epoch 2/3:  79%|███████▉  | 1288/1625 [02:50<00:44,  7.62it/s, acc=68.7%, loss=0.808]
Epoch 2/3:  79%|███████▉  | 1289/1625 [02:50<00:43,  7.64it/s, acc=68.7%, loss=0.808]
Epoch 2/3:  79%|███████▉  | 1289/1625 [02:50<00:43,  7.64it/s, acc=68.7%, loss=0.692]
Epoch 2/3:  79%|███████▉  | 1290/1625 [02:50<00:43,  7.73it/s, acc=68.7%, loss=0.692]
Epoch 2/3:  79%|███████▉  | 1290/1625 [02:50<00:43,  7.73it/s, acc=68.7%, loss=0.735]
Epoch 2/3:  79%|███████▉  | 1291/1625 [02:50<00:43,  7.73it/s, acc=68.7%, loss=0.735]
Epoch 2/3:  79%|███████▉  | 1291/1625 [02:50<00:43,  7.73it/s, acc=68.7%, loss=0.698]
Epoch 2/3:  80%|███████▉  | 1292/1625 [02:50<00:42,  7.82it/s, acc=68.7%, loss=0.698]
Epoch 2/3:  80%|███████▉  | 1292/1625 [02:51<00:42,  7.82it/s, acc=68.7%, loss=0.887]
Epoch 2/3:  80%|███████▉  | 1293/1625 [02:51<00:41,  8.04it/s, acc=68.7%, loss=0.887]
Epoch 2/3:  80%|███████▉  | 1293/1625 [02:51<00:41,  8.04it/s, acc=68.7%, loss=0.642]
Epoch 2/3:  80%|███████▉  | 1294/1625 [02:51<00:40,  8.14it/s, acc=68.7%, loss=0.642]
Epoch 2/3:  80%|███████▉  | 1294/1625 [02:51<00:40,  8.14it/s, acc=68.7%, loss=0.640]
Epoch 2/3:  80%|███████▉  | 1295/1625 [02:51<00:40,  8.14it/s, acc=68.7%, loss=0.640]
Epoch 2/3:  80%|███████▉  | 1295/1625 [02:51<00:40,  8.14it/s, acc=68.7%, loss=0.732]
Epoch 2/3:  80%|███████▉  | 1296/1625 [02:51<00:40,  8.11it/s, acc=68.7%, loss=0.732]
Epoch 2/3:  80%|███████▉  | 1296/1625 [02:51<00:40,  8.11it/s, acc=68.7%, loss=0.787]
Epoch 2/3:  80%|███████▉  | 1297/1625 [02:51<00:41,  7.92it/s, acc=68.7%, loss=0.787]
Epoch 2/3:  80%|███████▉  | 1297/1625 [02:51<00:41,  7.92it/s, acc=68.7%, loss=0.691]
Epoch 2/3:  80%|███████▉  | 1298/1625 [02:51<00:43,  7.45it/s, acc=68.7%, loss=0.691]
Epoch 2/3:  80%|███████▉  | 1298/1625 [02:51<00:43,  7.45it/s, acc=68.7%, loss=0.992]
Epoch 2/3:  80%|███████▉  | 1299/1625 [02:51<00:43,  7.50it/s, acc=68.7%, loss=0.992]
Epoch 2/3:  80%|███████▉  | 1299/1625 [02:52<00:43,  7.50it/s, acc=68.7%, loss=0.826]
Epoch 2/3:  80%|████████  | 1300/1625 [02:52<00:44,  7.27it/s, acc=68.7%, loss=0.826]
Epoch 2/3:  80%|████████  | 1300/1625 [02:52<00:44,  7.27it/s, acc=68.7%, loss=0.681]
Epoch 2/3:  80%|████████  | 1301/1625 [02:52<00:45,  7.18it/s, acc=68.7%, loss=0.681]
Epoch 2/3:  80%|████████  | 1301/1625 [02:52<00:45,  7.18it/s, acc=68.7%, loss=0.933]
Epoch 2/3:  80%|████████  | 1302/1625 [02:52<00:46,  7.01it/s, acc=68.7%, loss=0.933]
Epoch 2/3:  80%|████████  | 1302/1625 [02:52<00:46,  7.01it/s, acc=68.7%, loss=0.621]
Epoch 2/3:  80%|████████  | 1303/1625 [02:52<00:43,  7.43it/s, acc=68.7%, loss=0.621]
Epoch 2/3:  80%|████████  | 1303/1625 [02:52<00:43,  7.43it/s, acc=68.7%, loss=0.612]
Epoch 2/3:  80%|████████  | 1304/1625 [02:52<00:43,  7.35it/s, acc=68.7%, loss=0.612]
Epoch 2/3:  80%|████████  | 1304/1625 [02:52<00:43,  7.35it/s, acc=68.7%, loss=0.738]
Epoch 2/3:  80%|████████  | 1305/1625 [02:52<00:42,  7.52it/s, acc=68.7%, loss=0.738]
Epoch 2/3:  80%|████████  | 1305/1625 [02:52<00:42,  7.52it/s, acc=68.7%, loss=0.773]
Epoch 2/3:  80%|████████  | 1306/1625 [02:52<00:42,  7.46it/s, acc=68.7%, loss=0.773]
Epoch 2/3:  80%|████████  | 1306/1625 [02:52<00:42,  7.46it/s, acc=68.6%, loss=0.811]
Epoch 2/3:  80%|████████  | 1307/1625 [02:52<00:42,  7.49it/s, acc=68.6%, loss=0.811]
Epoch 2/3:  80%|████████  | 1307/1625 [02:53<00:42,  7.49it/s, acc=68.6%, loss=1.041]
Epoch 2/3:  80%|████████  | 1308/1625 [02:53<00:41,  7.55it/s, acc=68.6%, loss=1.041]
Epoch 2/3:  80%|████████  | 1308/1625 [02:53<00:41,  7.55it/s, acc=68.6%, loss=0.835]
Epoch 2/3:  81%|████████  | 1309/1625 [02:53<00:41,  7.61it/s, acc=68.6%, loss=0.835]
Epoch 2/3:  81%|████████  | 1309/1625 [02:53<00:41,  7.61it/s, acc=68.6%, loss=0.546]
Epoch 2/3:  81%|████████  | 1310/1625 [02:53<00:41,  7.59it/s, acc=68.6%, loss=0.546]
Epoch 2/3:  81%|████████  | 1310/1625 [02:53<00:41,  7.59it/s, acc=68.6%, loss=0.786]
Epoch 2/3:  81%|████████  | 1311/1625 [02:53<00:41,  7.50it/s, acc=68.6%, loss=0.786]
Epoch 2/3:  81%|████████  | 1311/1625 [02:53<00:41,  7.50it/s, acc=68.7%, loss=0.560]
Epoch 2/3:  81%|████████  | 1312/1625 [02:53<00:40,  7.72it/s, acc=68.7%, loss=0.560]
Epoch 2/3:  81%|████████  | 1312/1625 [02:53<00:40,  7.72it/s, acc=68.7%, loss=0.694]
Epoch 2/3:  81%|████████  | 1313/1625 [02:53<00:41,  7.49it/s, acc=68.7%, loss=0.694]
Epoch 2/3:  81%|████████  | 1313/1625 [02:53<00:41,  7.49it/s, acc=68.7%, loss=0.673]
Epoch 2/3:  81%|████████  | 1314/1625 [02:53<00:46,  6.71it/s, acc=68.7%, loss=0.673]
Epoch 2/3:  81%|████████  | 1314/1625 [02:54<00:46,  6.71it/s, acc=68.7%, loss=0.863]
Epoch 2/3:  81%|████████  | 1315/1625 [02:54<00:46,  6.63it/s, acc=68.7%, loss=0.863]
Epoch 2/3:  81%|████████  | 1315/1625 [02:54<00:46,  6.63it/s, acc=68.7%, loss=0.798]
Epoch 2/3:  81%|████████  | 1316/1625 [02:54<01:09,  4.46it/s, acc=68.7%, loss=0.798]
Epoch 2/3:  81%|████████  | 1316/1625 [02:54<01:09,  4.46it/s, acc=68.7%, loss=0.688]
Epoch 2/3:  81%|████████  | 1317/1625 [02:54<00:59,  5.20it/s, acc=68.7%, loss=0.688]
Epoch 2/3:  81%|████████  | 1317/1625 [02:54<00:59,  5.20it/s, acc=68.7%, loss=0.682]
Epoch 2/3:  81%|████████  | 1318/1625 [02:54<00:51,  5.93it/s, acc=68.7%, loss=0.682]
Epoch 2/3:  81%|████████  | 1318/1625 [02:54<00:51,  5.93it/s, acc=68.7%, loss=0.767]
Epoch 2/3:  81%|████████  | 1319/1625 [02:54<00:46,  6.56it/s, acc=68.7%, loss=0.767]
Epoch 2/3:  81%|████████  | 1319/1625 [02:54<00:46,  6.56it/s, acc=68.7%, loss=0.793]
Epoch 2/3:  81%|████████  | 1320/1625 [02:54<00:43,  6.99it/s, acc=68.7%, loss=0.793]
Epoch 2/3:  81%|████████  | 1320/1625 [02:55<00:43,  6.99it/s, acc=68.7%, loss=0.690]
Epoch 2/3:  81%|████████▏ | 1321/1625 [02:55<00:42,  7.15it/s, acc=68.7%, loss=0.690]
Epoch 2/3:  81%|████████▏ | 1321/1625 [02:55<00:42,  7.15it/s, acc=68.7%, loss=0.664]
Epoch 2/3:  81%|████████▏ | 1322/1625 [02:55<00:41,  7.24it/s, acc=68.7%, loss=0.664]
Epoch 2/3:  81%|████████▏ | 1322/1625 [02:55<00:41,  7.24it/s, acc=68.6%, loss=0.974]
Epoch 2/3:  81%|████████▏ | 1323/1625 [02:55<00:40,  7.39it/s, acc=68.6%, loss=0.974]
Epoch 2/3:  81%|████████▏ | 1323/1625 [02:55<00:40,  7.39it/s, acc=68.6%, loss=0.819]
Epoch 2/3:  81%|████████▏ | 1324/1625 [02:55<00:39,  7.58it/s, acc=68.6%, loss=0.819]
Epoch 2/3:  81%|████████▏ | 1324/1625 [02:55<00:39,  7.58it/s, acc=68.6%, loss=0.832]
Epoch 2/3:  82%|████████▏ | 1325/1625 [02:55<00:39,  7.61it/s, acc=68.6%, loss=0.832]
Epoch 2/3:  82%|████████▏ | 1325/1625 [02:55<00:39,  7.61it/s, acc=68.6%, loss=0.719]
Epoch 2/3:  82%|████████▏ | 1326/1625 [02:55<00:38,  7.70it/s, acc=68.6%, loss=0.719]
Epoch 2/3:  82%|████████▏ | 1326/1625 [02:55<00:38,  7.70it/s, acc=68.6%, loss=0.832]
Epoch 2/3:  82%|████████▏ | 1327/1625 [02:55<00:38,  7.70it/s, acc=68.6%, loss=0.832]
Epoch 2/3:  82%|████████▏ | 1327/1625 [02:55<00:38,  7.70it/s, acc=68.6%, loss=1.029]
Epoch 2/3:  82%|████████▏ | 1328/1625 [02:55<00:38,  7.80it/s, acc=68.6%, loss=1.029]
Epoch 2/3:  82%|████████▏ | 1328/1625 [02:56<00:38,  7.80it/s, acc=68.6%, loss=0.703]
Epoch 2/3:  82%|████████▏ | 1329/1625 [02:56<00:40,  7.37it/s, acc=68.6%, loss=0.703]
Epoch 2/3:  82%|████████▏ | 1329/1625 [02:56<00:40,  7.37it/s, acc=68.6%, loss=0.840]
Epoch 2/3:  82%|████████▏ | 1330/1625 [02:56<00:39,  7.44it/s, acc=68.6%, loss=0.840]
Epoch 2/3:  82%|████████▏ | 1330/1625 [02:56<00:39,  7.44it/s, acc=68.6%, loss=0.471]
Epoch 2/3:  82%|████████▏ | 1331/1625 [02:56<00:38,  7.59it/s, acc=68.6%, loss=0.471]
Epoch 2/3:  82%|████████▏ | 1331/1625 [02:56<00:38,  7.59it/s, acc=68.6%, loss=0.526]
Epoch 2/3:  82%|████████▏ | 1332/1625 [02:56<00:37,  7.71it/s, acc=68.6%, loss=0.526]
Epoch 2/3:  82%|████████▏ | 1332/1625 [02:56<00:37,  7.71it/s, acc=68.6%, loss=0.756]
Epoch 2/3:  82%|████████▏ | 1333/1625 [02:56<00:38,  7.65it/s, acc=68.6%, loss=0.756]
Epoch 2/3:  82%|████████▏ | 1333/1625 [02:56<00:38,  7.65it/s, acc=68.6%, loss=0.617]
Epoch 2/3:  82%|████████▏ | 1334/1625 [02:56<00:37,  7.67it/s, acc=68.6%, loss=0.617]
Epoch 2/3:  82%|████████▏ | 1334/1625 [02:56<00:37,  7.67it/s, acc=68.6%, loss=0.765]
Epoch 2/3:  82%|████████▏ | 1335/1625 [02:56<00:36,  7.90it/s, acc=68.6%, loss=0.765]
Epoch 2/3:  82%|████████▏ | 1335/1625 [02:57<00:36,  7.90it/s, acc=68.6%, loss=0.482]
Epoch 2/3:  82%|████████▏ | 1336/1625 [02:57<00:36,  7.86it/s, acc=68.6%, loss=0.482]
Epoch 2/3:  82%|████████▏ | 1336/1625 [02:57<00:36,  7.86it/s, acc=68.6%, loss=0.581]
Epoch 2/3:  82%|████████▏ | 1337/1625 [02:57<00:37,  7.76it/s, acc=68.6%, loss=0.581]
Epoch 2/3:  82%|████████▏ | 1337/1625 [02:57<00:37,  7.76it/s, acc=68.6%, loss=0.758]
Epoch 2/3:  82%|████████▏ | 1338/1625 [02:57<00:37,  7.61it/s, acc=68.6%, loss=0.758]
Epoch 2/3:  82%|████████▏ | 1338/1625 [02:57<00:37,  7.61it/s, acc=68.6%, loss=0.548]
Epoch 2/3:  82%|████████▏ | 1339/1625 [02:57<00:36,  7.79it/s, acc=68.6%, loss=0.548]
Epoch 2/3:  82%|████████▏ | 1339/1625 [02:57<00:36,  7.79it/s, acc=68.7%, loss=0.526]
Epoch 2/3:  82%|████████▏ | 1340/1625 [02:57<00:37,  7.59it/s, acc=68.7%, loss=0.526]
Epoch 2/3:  82%|████████▏ | 1340/1625 [02:57<00:37,  7.59it/s, acc=68.7%, loss=0.633]
Epoch 2/3:  83%|████████▎ | 1341/1625 [02:57<00:36,  7.85it/s, acc=68.7%, loss=0.633]
Epoch 2/3:  83%|████████▎ | 1341/1625 [02:57<00:36,  7.85it/s, acc=68.7%, loss=0.608]
Epoch 2/3:  83%|████████▎ | 1342/1625 [02:57<00:36,  7.74it/s, acc=68.7%, loss=0.608]
Epoch 2/3:  83%|████████▎ | 1342/1625 [02:57<00:36,  7.74it/s, acc=68.7%, loss=0.822]
Epoch 2/3:  83%|████████▎ | 1343/1625 [02:57<00:36,  7.72it/s, acc=68.7%, loss=0.822]
Epoch 2/3:  83%|████████▎ | 1343/1625 [02:58<00:36,  7.72it/s, acc=68.7%, loss=0.761]
Epoch 2/3:  83%|████████▎ | 1344/1625 [02:58<00:36,  7.73it/s, acc=68.7%, loss=0.761]
Epoch 2/3:  83%|████████▎ | 1344/1625 [02:58<00:36,  7.73it/s, acc=68.7%, loss=0.833]
Epoch 2/3:  83%|████████▎ | 1345/1625 [02:58<00:37,  7.55it/s, acc=68.7%, loss=0.833]
Epoch 2/3:  83%|████████▎ | 1345/1625 [02:58<00:37,  7.55it/s, acc=68.7%, loss=0.511]
Epoch 2/3:  83%|████████▎ | 1346/1625 [02:58<00:38,  7.20it/s, acc=68.7%, loss=0.511]
Epoch 2/3:  83%|████████▎ | 1346/1625 [02:58<00:38,  7.20it/s, acc=68.7%, loss=0.496]
Epoch 2/3:  83%|████████▎ | 1347/1625 [02:58<00:40,  6.86it/s, acc=68.7%, loss=0.496]
Epoch 2/3:  83%|████████▎ | 1347/1625 [02:58<00:40,  6.86it/s, acc=68.7%, loss=0.553]
Epoch 2/3:  83%|████████▎ | 1348/1625 [02:58<00:40,  6.82it/s, acc=68.7%, loss=0.553]
Epoch 2/3:  83%|████████▎ | 1348/1625 [02:58<00:40,  6.82it/s, acc=68.7%, loss=0.527]
Epoch 2/3:  83%|████████▎ | 1349/1625 [02:58<00:41,  6.65it/s, acc=68.7%, loss=0.527]
Epoch 2/3:  83%|████████▎ | 1349/1625 [02:58<00:41,  6.65it/s, acc=68.7%, loss=0.657]
Epoch 2/3:  83%|████████▎ | 1350/1625 [02:58<00:39,  6.99it/s, acc=68.7%, loss=0.657]
Epoch 2/3:  83%|████████▎ | 1350/1625 [02:59<00:39,  6.99it/s, acc=68.7%, loss=0.507]
Epoch 2/3:  83%|████████▎ | 1351/1625 [02:59<00:38,  7.20it/s, acc=68.7%, loss=0.507]
Epoch 2/3:  83%|████████▎ | 1351/1625 [02:59<00:38,  7.20it/s, acc=68.7%, loss=0.945]
Epoch 2/3:  83%|████████▎ | 1352/1625 [02:59<00:37,  7.35it/s, acc=68.7%, loss=0.945]
Epoch 2/3:  83%|████████▎ | 1352/1625 [02:59<00:37,  7.35it/s, acc=68.7%, loss=0.589]
Epoch 2/3:  83%|████████▎ | 1353/1625 [02:59<00:36,  7.53it/s, acc=68.7%, loss=0.589]
Epoch 2/3:  83%|████████▎ | 1353/1625 [02:59<00:36,  7.53it/s, acc=68.7%, loss=0.540]
Epoch 2/3:  83%|████████▎ | 1354/1625 [02:59<00:35,  7.56it/s, acc=68.7%, loss=0.540]
Epoch 2/3:  83%|████████▎ | 1354/1625 [02:59<00:35,  7.56it/s, acc=68.7%, loss=0.822]
Epoch 2/3:  83%|████████▎ | 1355/1625 [02:59<00:36,  7.45it/s, acc=68.7%, loss=0.822]
Epoch 2/3:  83%|████████▎ | 1355/1625 [02:59<00:36,  7.45it/s, acc=68.7%, loss=0.547]
Epoch 2/3:  83%|████████▎ | 1356/1625 [02:59<00:35,  7.67it/s, acc=68.7%, loss=0.547]
Epoch 2/3:  83%|████████▎ | 1356/1625 [02:59<00:35,  7.67it/s, acc=68.7%, loss=0.721]
Epoch 2/3:  84%|████████▎ | 1357/1625 [02:59<00:35,  7.51it/s, acc=68.7%, loss=0.721]
Epoch 2/3:  84%|████████▎ | 1357/1625 [02:59<00:35,  7.51it/s, acc=68.7%, loss=0.927]
Epoch 2/3:  84%|████████▎ | 1358/1625 [02:59<00:34,  7.64it/s, acc=68.7%, loss=0.927]
Epoch 2/3:  84%|████████▎ | 1358/1625 [03:00<00:34,  7.64it/s, acc=68.7%, loss=0.687]
Epoch 2/3:  84%|████████▎ | 1359/1625 [03:00<00:35,  7.54it/s, acc=68.7%, loss=0.687]
Epoch 2/3:  84%|████████▎ | 1359/1625 [03:00<00:35,  7.54it/s, acc=68.7%, loss=0.730]
Epoch 2/3:  84%|████████▎ | 1360/1625 [03:00<00:35,  7.55it/s, acc=68.7%, loss=0.730]
Epoch 2/3:  84%|████████▎ | 1360/1625 [03:00<00:35,  7.55it/s, acc=68.7%, loss=0.685]
Epoch 2/3:  84%|████████▍ | 1361/1625 [03:00<00:34,  7.60it/s, acc=68.7%, loss=0.685]
Epoch 2/3:  84%|████████▍ | 1361/1625 [03:00<00:34,  7.60it/s, acc=68.7%, loss=0.725]
Epoch 2/3:  84%|████████▍ | 1362/1625 [03:00<00:33,  7.86it/s, acc=68.7%, loss=0.725]
Epoch 2/3:  84%|████████▍ | 1362/1625 [03:00<00:33,  7.86it/s, acc=68.7%, loss=0.755]
Epoch 2/3:  84%|████████▍ | 1363/1625 [03:00<00:34,  7.54it/s, acc=68.7%, loss=0.755]
Epoch 2/3:  84%|████████▍ | 1363/1625 [03:00<00:34,  7.54it/s, acc=68.7%, loss=0.674]
Epoch 2/3:  84%|████████▍ | 1364/1625 [03:00<00:36,  7.11it/s, acc=68.7%, loss=0.674]
Epoch 2/3:  84%|████████▍ | 1364/1625 [03:00<00:36,  7.11it/s, acc=68.7%, loss=0.948]
Epoch 2/3:  84%|████████▍ | 1365/1625 [03:00<00:38,  6.84it/s, acc=68.7%, loss=0.948]
Epoch 2/3:  84%|████████▍ | 1365/1625 [03:01<00:38,  6.84it/s, acc=68.7%, loss=0.538]
Epoch 2/3:  84%|████████▍ | 1366/1625 [03:01<00:34,  7.48it/s, acc=68.7%, loss=0.538]
Epoch 2/3:  84%|████████▍ | 1366/1625 [03:01<00:34,  7.48it/s, acc=68.7%, loss=0.581]
Epoch 2/3:  84%|████████▍ | 1367/1625 [03:01<00:33,  7.71it/s, acc=68.7%, loss=0.581]
Epoch 2/3:  84%|████████▍ | 1367/1625 [03:01<00:33,  7.71it/s, acc=68.7%, loss=0.626]
Epoch 2/3:  84%|████████▍ | 1368/1625 [03:01<00:33,  7.71it/s, acc=68.7%, loss=0.626]
Epoch 2/3:  84%|████████▍ | 1368/1625 [03:01<00:33,  7.71it/s, acc=68.7%, loss=0.666]
Epoch 2/3:  84%|████████▍ | 1369/1625 [03:01<00:32,  7.81it/s, acc=68.7%, loss=0.666]
Epoch 2/3:  84%|████████▍ | 1369/1625 [03:01<00:32,  7.81it/s, acc=68.8%, loss=0.577]
Epoch 2/3:  84%|████████▍ | 1370/1625 [03:01<00:32,  7.78it/s, acc=68.8%, loss=0.577]
Epoch 2/3:  84%|████████▍ | 1370/1625 [03:01<00:32,  7.78it/s, acc=68.8%, loss=0.692]
Epoch 2/3:  84%|████████▍ | 1371/1625 [03:01<00:32,  7.88it/s, acc=68.8%, loss=0.692]
Epoch 2/3:  84%|████████▍ | 1371/1625 [03:01<00:32,  7.88it/s, acc=68.8%, loss=0.507]
Epoch 2/3:  84%|████████▍ | 1372/1625 [03:01<00:32,  7.79it/s, acc=68.8%, loss=0.507]
Epoch 2/3:  84%|████████▍ | 1372/1625 [03:01<00:32,  7.79it/s, acc=68.8%, loss=0.648]
Epoch 2/3:  84%|████████▍ | 1373/1625 [03:01<00:32,  7.85it/s, acc=68.8%, loss=0.648]
Epoch 2/3:  84%|████████▍ | 1373/1625 [03:02<00:32,  7.85it/s, acc=68.8%, loss=0.890]
Epoch 2/3:  85%|████████▍ | 1374/1625 [03:02<00:32,  7.80it/s, acc=68.8%, loss=0.890]
Epoch 2/3:  85%|████████▍ | 1374/1625 [03:02<00:32,  7.80it/s, acc=68.7%, loss=0.969]
Epoch 2/3:  85%|████████▍ | 1375/1625 [03:02<00:32,  7.62it/s, acc=68.7%, loss=0.969]
Epoch 2/3:  85%|████████▍ | 1375/1625 [03:02<00:32,  7.62it/s, acc=68.7%, loss=0.656]
Epoch 2/3:  85%|████████▍ | 1376/1625 [03:02<00:31,  7.80it/s, acc=68.7%, loss=0.656]
Epoch 2/3:  85%|████████▍ | 1376/1625 [03:02<00:31,  7.80it/s, acc=68.7%, loss=0.777]
Epoch 2/3:  85%|████████▍ | 1377/1625 [03:02<00:32,  7.62it/s, acc=68.7%, loss=0.777]
Epoch 2/3:  85%|████████▍ | 1377/1625 [03:02<00:32,  7.62it/s, acc=68.7%, loss=0.810]
Epoch 2/3:  85%|████████▍ | 1378/1625 [03:02<00:31,  7.81it/s, acc=68.7%, loss=0.810]
Epoch 2/3:  85%|████████▍ | 1378/1625 [03:02<00:31,  7.81it/s, acc=68.7%, loss=0.764]
Epoch 2/3:  85%|████████▍ | 1379/1625 [03:02<00:32,  7.65it/s, acc=68.7%, loss=0.764]
Epoch 2/3:  85%|████████▍ | 1379/1625 [03:02<00:32,  7.65it/s, acc=68.7%, loss=0.832]
Epoch 2/3:  85%|████████▍ | 1380/1625 [03:02<00:34,  7.11it/s, acc=68.7%, loss=0.832]
Epoch 2/3:  85%|████████▍ | 1380/1625 [03:03<00:34,  7.11it/s, acc=68.7%, loss=0.763]
Epoch 2/3:  85%|████████▍ | 1381/1625 [03:03<00:34,  7.02it/s, acc=68.7%, loss=0.763]
Epoch 2/3:  85%|████████▍ | 1381/1625 [03:03<00:34,  7.02it/s, acc=68.7%, loss=0.769]
Epoch 2/3:  85%|████████▌ | 1382/1625 [03:03<00:33,  7.15it/s, acc=68.7%, loss=0.769]
Epoch 2/3:  85%|████████▌ | 1382/1625 [03:03<00:33,  7.15it/s, acc=68.7%, loss=0.648]
Epoch 2/3:  85%|████████▌ | 1383/1625 [03:03<00:34,  7.06it/s, acc=68.7%, loss=0.648]
Epoch 2/3:  85%|████████▌ | 1383/1625 [03:03<00:34,  7.06it/s, acc=68.7%, loss=0.831]
Epoch 2/3:  85%|████████▌ | 1384/1625 [03:03<00:33,  7.26it/s, acc=68.7%, loss=0.831]
Epoch 2/3:  85%|████████▌ | 1384/1625 [03:03<00:33,  7.26it/s, acc=68.7%, loss=0.836]
Epoch 2/3:  85%|████████▌ | 1385/1625 [03:03<00:32,  7.35it/s, acc=68.7%, loss=0.836]
Epoch 2/3:  85%|████████▌ | 1385/1625 [03:03<00:32,  7.35it/s, acc=68.7%, loss=0.459]
Epoch 2/3:  85%|████████▌ | 1386/1625 [03:03<00:32,  7.38it/s, acc=68.7%, loss=0.459]
Epoch 2/3:  85%|████████▌ | 1386/1625 [03:03<00:32,  7.38it/s, acc=68.7%, loss=0.801]
Epoch 2/3:  85%|████████▌ | 1387/1625 [03:03<00:31,  7.49it/s, acc=68.7%, loss=0.801]
Epoch 2/3:  85%|████████▌ | 1387/1625 [03:03<00:31,  7.49it/s, acc=68.7%, loss=0.536]
Epoch 2/3:  85%|████████▌ | 1388/1625 [03:03<00:31,  7.62it/s, acc=68.7%, loss=0.536]
Epoch 2/3:  85%|████████▌ | 1388/1625 [03:04<00:31,  7.62it/s, acc=68.7%, loss=0.815]
Epoch 2/3:  85%|████████▌ | 1389/1625 [03:04<00:30,  7.65it/s, acc=68.7%, loss=0.815]
Epoch 2/3:  85%|████████▌ | 1389/1625 [03:04<00:30,  7.65it/s, acc=68.7%, loss=0.590]
Epoch 2/3:  86%|████████▌ | 1390/1625 [03:04<00:29,  7.89it/s, acc=68.7%, loss=0.590]
Epoch 2/3:  86%|████████▌ | 1390/1625 [03:04<00:29,  7.89it/s, acc=68.7%, loss=0.882]
Epoch 2/3:  86%|████████▌ | 1391/1625 [03:04<00:29,  8.00it/s, acc=68.7%, loss=0.882]
Epoch 2/3:  86%|████████▌ | 1391/1625 [03:04<00:29,  8.00it/s, acc=68.7%, loss=0.763]
Epoch 2/3:  86%|████████▌ | 1392/1625 [03:04<00:29,  7.91it/s, acc=68.7%, loss=0.763]
Epoch 2/3:  86%|████████▌ | 1392/1625 [03:04<00:29,  7.91it/s, acc=68.7%, loss=0.839]
Epoch 2/3:  86%|████████▌ | 1393/1625 [03:04<00:29,  7.92it/s, acc=68.7%, loss=0.839]
Epoch 2/3:  86%|████████▌ | 1393/1625 [03:04<00:29,  7.92it/s, acc=68.7%, loss=0.454]
Epoch 2/3:  86%|████████▌ | 1394/1625 [03:04<00:29,  7.86it/s, acc=68.7%, loss=0.454]
Epoch 2/3:  86%|████████▌ | 1394/1625 [03:04<00:29,  7.86it/s, acc=68.7%, loss=0.809]
Epoch 2/3:  86%|████████▌ | 1395/1625 [03:04<00:29,  7.92it/s, acc=68.7%, loss=0.809]
Epoch 2/3:  86%|████████▌ | 1395/1625 [03:04<00:29,  7.92it/s, acc=68.7%, loss=0.768]
Epoch 2/3:  86%|████████▌ | 1396/1625 [03:04<00:29,  7.85it/s, acc=68.7%, loss=0.768]
Epoch 2/3:  86%|████████▌ | 1396/1625 [03:05<00:29,  7.85it/s, acc=68.7%, loss=0.722]
Epoch 2/3:  86%|████████▌ | 1397/1625 [03:05<00:30,  7.53it/s, acc=68.7%, loss=0.722]
Epoch 2/3:  86%|████████▌ | 1397/1625 [03:05<00:30,  7.53it/s, acc=68.7%, loss=0.543]
Epoch 2/3:  86%|████████▌ | 1398/1625 [03:05<00:30,  7.44it/s, acc=68.7%, loss=0.543]
Epoch 2/3:  86%|████████▌ | 1398/1625 [03:05<00:30,  7.44it/s, acc=68.7%, loss=0.738]
Epoch 2/3:  86%|████████▌ | 1399/1625 [03:05<00:30,  7.37it/s, acc=68.7%, loss=0.738]
Epoch 2/3:  86%|████████▌ | 1399/1625 [03:05<00:30,  7.37it/s, acc=68.7%, loss=0.891]
Epoch 2/3:  86%|████████▌ | 1400/1625 [03:05<00:31,  7.15it/s, acc=68.7%, loss=0.891]
Epoch 2/3:  86%|████████▌ | 1400/1625 [03:05<00:31,  7.15it/s, acc=68.7%, loss=0.641]
Epoch 2/3:  86%|████████▌ | 1401/1625 [03:05<00:29,  7.61it/s, acc=68.7%, loss=0.641]
Epoch 2/3:  86%|████████▌ | 1401/1625 [03:05<00:29,  7.61it/s, acc=68.7%, loss=0.701]
Epoch 2/3:  86%|████████▋ | 1402/1625 [03:05<00:29,  7.64it/s, acc=68.7%, loss=0.701]
Epoch 2/3:  86%|████████▋ | 1402/1625 [03:05<00:29,  7.64it/s, acc=68.7%, loss=0.672]
Epoch 2/3:  86%|████████▋ | 1403/1625 [03:05<00:28,  7.73it/s, acc=68.7%, loss=0.672]
Epoch 2/3:  86%|████████▋ | 1403/1625 [03:06<00:28,  7.73it/s, acc=68.7%, loss=0.620]
Epoch 2/3:  86%|████████▋ | 1404/1625 [03:06<00:28,  7.72it/s, acc=68.7%, loss=0.620]
Epoch 2/3:  86%|████████▋ | 1404/1625 [03:06<00:28,  7.72it/s, acc=68.7%, loss=0.558]
Epoch 2/3:  86%|████████▋ | 1405/1625 [03:06<00:28,  7.81it/s, acc=68.7%, loss=0.558]
Epoch 2/3:  86%|████████▋ | 1405/1625 [03:06<00:28,  7.81it/s, acc=68.7%, loss=0.658]
Epoch 2/3:  87%|████████▋ | 1406/1625 [03:06<00:28,  7.78it/s, acc=68.7%, loss=0.658]
Epoch 2/3:  87%|████████▋ | 1406/1625 [03:06<00:28,  7.78it/s, acc=68.7%, loss=0.988]
Epoch 2/3:  87%|████████▋ | 1407/1625 [03:06<00:27,  7.85it/s, acc=68.7%, loss=0.988]
Epoch 2/3:  87%|████████▋ | 1407/1625 [03:06<00:27,  7.85it/s, acc=68.7%, loss=0.790]
Epoch 2/3:  87%|████████▋ | 1408/1625 [03:06<00:26,  8.13it/s, acc=68.7%, loss=0.790]
Epoch 2/3:  87%|████████▋ | 1408/1625 [03:06<00:26,  8.13it/s, acc=68.7%, loss=0.694]
Epoch 2/3:  87%|████████▋ | 1409/1625 [03:06<00:27,  7.91it/s, acc=68.7%, loss=0.694]
Epoch 2/3:  87%|████████▋ | 1409/1625 [03:06<00:27,  7.91it/s, acc=68.7%, loss=0.592]
Epoch 2/3:  87%|████████▋ | 1410/1625 [03:06<00:26,  8.11it/s, acc=68.7%, loss=0.592]
Epoch 2/3:  87%|████████▋ | 1410/1625 [03:06<00:26,  8.11it/s, acc=68.7%, loss=0.620]
Epoch 2/3:  87%|████████▋ | 1411/1625 [03:06<00:26,  8.19it/s, acc=68.7%, loss=0.620]
Epoch 2/3:  87%|████████▋ | 1411/1625 [03:07<00:26,  8.19it/s, acc=68.8%, loss=0.632]
Epoch 2/3:  87%|████████▋ | 1412/1625 [03:07<00:26,  8.03it/s, acc=68.8%, loss=0.632]
Epoch 2/3:  87%|████████▋ | 1412/1625 [03:07<00:26,  8.03it/s, acc=68.8%, loss=0.623]
Epoch 2/3:  87%|████████▋ | 1413/1625 [03:07<00:26,  7.96it/s, acc=68.8%, loss=0.623]
Epoch 2/3:  87%|████████▋ | 1413/1625 [03:07<00:26,  7.96it/s, acc=68.8%, loss=0.781]
Epoch 2/3:  87%|████████▋ | 1414/1625 [03:07<00:26,  7.90it/s, acc=68.8%, loss=0.781]
Epoch 2/3:  87%|████████▋ | 1414/1625 [03:07<00:26,  7.90it/s, acc=68.8%, loss=0.733]
Epoch 2/3:  87%|████████▋ | 1415/1625 [03:07<00:27,  7.77it/s, acc=68.8%, loss=0.733]
Epoch 2/3:  87%|████████▋ | 1415/1625 [03:07<00:27,  7.77it/s, acc=68.8%, loss=0.579]
Epoch 2/3:  87%|████████▋ | 1416/1625 [03:07<00:29,  7.16it/s, acc=68.8%, loss=0.579]
Epoch 2/3:  87%|████████▋ | 1416/1625 [03:07<00:29,  7.16it/s, acc=68.8%, loss=0.657]
Epoch 2/3:  87%|████████▋ | 1417/1625 [03:07<00:28,  7.24it/s, acc=68.8%, loss=0.657]
Epoch 2/3:  87%|████████▋ | 1417/1625 [03:07<00:28,  7.24it/s, acc=68.8%, loss=0.942]
Epoch 2/3:  87%|████████▋ | 1418/1625 [03:07<00:27,  7.66it/s, acc=68.8%, loss=0.942]
Epoch 2/3:  87%|████████▋ | 1418/1625 [03:07<00:27,  7.66it/s, acc=68.8%, loss=0.653]
Epoch 2/3:  87%|████████▋ | 1419/1625 [03:07<00:26,  7.63it/s, acc=68.8%, loss=0.653]
Epoch 2/3:  87%|████████▋ | 1419/1625 [03:08<00:26,  7.63it/s, acc=68.8%, loss=0.831]
Epoch 2/3:  87%|████████▋ | 1420/1625 [03:08<00:26,  7.60it/s, acc=68.8%, loss=0.831]
Epoch 2/3:  87%|████████▋ | 1420/1625 [03:08<00:26,  7.60it/s, acc=68.8%, loss=0.711]
Epoch 2/3:  87%|████████▋ | 1421/1625 [03:08<00:26,  7.60it/s, acc=68.8%, loss=0.711]
Epoch 2/3:  87%|████████▋ | 1421/1625 [03:08<00:26,  7.60it/s, acc=68.8%, loss=0.670]
Epoch 2/3:  88%|████████▊ | 1422/1625 [03:08<00:26,  7.71it/s, acc=68.8%, loss=0.670]
Epoch 2/3:  88%|████████▊ | 1422/1625 [03:08<00:26,  7.71it/s, acc=68.8%, loss=0.885]
Epoch 2/3:  88%|████████▊ | 1423/1625 [03:08<00:26,  7.72it/s, acc=68.8%, loss=0.885]
Epoch 2/3:  88%|████████▊ | 1423/1625 [03:08<00:26,  7.72it/s, acc=68.8%, loss=0.686]
Epoch 2/3:  88%|████████▊ | 1424/1625 [03:08<00:26,  7.55it/s, acc=68.8%, loss=0.686]
Epoch 2/3:  88%|████████▊ | 1424/1625 [03:08<00:26,  7.55it/s, acc=68.8%, loss=0.855]
Epoch 2/3:  88%|████████▊ | 1425/1625 [03:08<00:25,  7.76it/s, acc=68.8%, loss=0.855]
Epoch 2/3:  88%|████████▊ | 1425/1625 [03:08<00:25,  7.76it/s, acc=68.8%, loss=0.712]
Epoch 2/3:  88%|████████▊ | 1426/1625 [03:08<00:26,  7.57it/s, acc=68.8%, loss=0.712]
Epoch 2/3:  88%|████████▊ | 1426/1625 [03:09<00:26,  7.57it/s, acc=68.8%, loss=0.517]
Epoch 2/3:  88%|████████▊ | 1427/1625 [03:09<00:25,  7.84it/s, acc=68.8%, loss=0.517]
Epoch 2/3:  88%|████████▊ | 1427/1625 [03:09<00:25,  7.84it/s, acc=68.8%, loss=0.518]
Epoch 2/3:  88%|████████▊ | 1428/1625 [03:09<00:25,  7.74it/s, acc=68.8%, loss=0.518]
Epoch 2/3:  88%|████████▊ | 1428/1625 [03:09<00:25,  7.74it/s, acc=68.8%, loss=0.623]
Epoch 2/3:  88%|████████▊ | 1429/1625 [03:09<00:25,  7.60it/s, acc=68.8%, loss=0.623]
Epoch 2/3:  88%|████████▊ | 1429/1625 [03:09<00:25,  7.60it/s, acc=68.8%, loss=0.458]
Epoch 2/3:  88%|████████▊ | 1430/1625 [03:09<00:26,  7.25it/s, acc=68.8%, loss=0.458]
Epoch 2/3:  88%|████████▊ | 1430/1625 [03:09<00:26,  7.25it/s, acc=68.8%, loss=0.678]
Epoch 2/3:  88%|████████▊ | 1431/1625 [03:09<00:26,  7.24it/s, acc=68.8%, loss=0.678]
Epoch 2/3:  88%|████████▊ | 1431/1625 [03:09<00:26,  7.24it/s, acc=68.8%, loss=0.795]
Epoch 2/3:  88%|████████▊ | 1432/1625 [03:09<00:26,  7.30it/s, acc=68.8%, loss=0.795]
Epoch 2/3:  88%|████████▊ | 1432/1625 [03:09<00:26,  7.30it/s, acc=68.8%, loss=0.822]
Epoch 2/3:  88%|████████▊ | 1433/1625 [03:09<00:26,  7.12it/s, acc=68.8%, loss=0.822]
Epoch 2/3:  88%|████████▊ | 1433/1625 [03:10<00:26,  7.12it/s, acc=68.8%, loss=0.873]
Epoch 2/3:  88%|████████▊ | 1434/1625 [03:10<00:26,  7.15it/s, acc=68.8%, loss=0.873]
Epoch 2/3:  88%|████████▊ | 1434/1625 [03:10<00:26,  7.15it/s, acc=68.8%, loss=0.736]
Epoch 2/3:  88%|████████▊ | 1435/1625 [03:10<00:25,  7.34it/s, acc=68.8%, loss=0.736]
Epoch 2/3:  88%|████████▊ | 1435/1625 [03:10<00:25,  7.34it/s, acc=68.8%, loss=0.638]
Epoch 2/3:  88%|████████▊ | 1436/1625 [03:10<00:24,  7.64it/s, acc=68.8%, loss=0.638]
Epoch 2/3:  88%|████████▊ | 1436/1625 [03:10<00:24,  7.64it/s, acc=68.8%, loss=0.742]
Epoch 2/3:  88%|████████▊ | 1437/1625 [03:10<00:24,  7.67it/s, acc=68.8%, loss=0.742]
Epoch 2/3:  88%|████████▊ | 1437/1625 [03:10<00:24,  7.67it/s, acc=68.8%, loss=0.792]
Epoch 2/3:  88%|████████▊ | 1438/1625 [03:10<00:23,  8.00it/s, acc=68.8%, loss=0.792]
Epoch 2/3:  88%|████████▊ | 1438/1625 [03:10<00:23,  8.00it/s, acc=68.8%, loss=0.671]
Epoch 2/3:  89%|████████▊ | 1439/1625 [03:10<00:22,  8.12it/s, acc=68.8%, loss=0.671]
Epoch 2/3:  89%|████████▊ | 1439/1625 [03:10<00:22,  8.12it/s, acc=68.8%, loss=0.664]
Epoch 2/3:  89%|████████▊ | 1440/1625 [03:10<00:23,  7.95it/s, acc=68.8%, loss=0.664]
Epoch 2/3:  89%|████████▊ | 1440/1625 [03:10<00:23,  7.95it/s, acc=68.8%, loss=0.441]
Epoch 2/3:  89%|████████▊ | 1441/1625 [03:10<00:23,  7.96it/s, acc=68.8%, loss=0.441]
Epoch 2/3:  89%|████████▊ | 1441/1625 [03:10<00:23,  7.96it/s, acc=68.8%, loss=0.730]
Epoch 2/3:  89%|████████▊ | 1442/1625 [03:10<00:23,  7.87it/s, acc=68.8%, loss=0.730]
Epoch 2/3:  89%|████████▊ | 1442/1625 [03:11<00:23,  7.87it/s, acc=68.8%, loss=0.899]
Epoch 2/3:  89%|████████▉ | 1443/1625 [03:11<00:23,  7.64it/s, acc=68.8%, loss=0.899]
Epoch 2/3:  89%|████████▉ | 1443/1625 [03:11<00:23,  7.64it/s, acc=68.8%, loss=0.697]
Epoch 2/3:  89%|████████▉ | 1444/1625 [03:11<00:23,  7.84it/s, acc=68.8%, loss=0.697]
Epoch 2/3:  89%|████████▉ | 1444/1625 [03:11<00:23,  7.84it/s, acc=68.8%, loss=0.725]
Epoch 2/3:  89%|████████▉ | 1445/1625 [03:11<00:24,  7.48it/s, acc=68.8%, loss=0.725]
Epoch 2/3:  89%|████████▉ | 1445/1625 [03:11<00:24,  7.48it/s, acc=68.8%, loss=0.563]
Epoch 2/3:  89%|████████▉ | 1446/1625 [03:11<00:25,  7.08it/s, acc=68.8%, loss=0.563]
Epoch 2/3:  89%|████████▉ | 1446/1625 [03:11<00:25,  7.08it/s, acc=68.8%, loss=0.849]
Epoch 2/3:  89%|████████▉ | 1447/1625 [03:11<00:24,  7.22it/s, acc=68.8%, loss=0.849]
Epoch 2/3:  89%|████████▉ | 1447/1625 [03:11<00:24,  7.22it/s, acc=68.8%, loss=0.641]
Epoch 2/3:  89%|████████▉ | 1448/1625 [03:11<00:23,  7.56it/s, acc=68.8%, loss=0.641]
Epoch 2/3:  89%|████████▉ | 1448/1625 [03:11<00:23,  7.56it/s, acc=68.8%, loss=0.816]
Epoch 2/3:  89%|████████▉ | 1449/1625 [03:11<00:23,  7.60it/s, acc=68.8%, loss=0.816]
Epoch 2/3:  89%|████████▉ | 1449/1625 [03:12<00:23,  7.60it/s, acc=68.8%, loss=0.915]
Epoch 2/3:  89%|████████▉ | 1450/1625 [03:12<00:22,  7.67it/s, acc=68.8%, loss=0.915]
Epoch 2/3:  89%|████████▉ | 1450/1625 [03:12<00:22,  7.67it/s, acc=68.8%, loss=0.500]
Epoch 2/3:  89%|████████▉ | 1451/1625 [03:12<00:22,  7.72it/s, acc=68.8%, loss=0.500]
Epoch 2/3:  89%|████████▉ | 1451/1625 [03:12<00:22,  7.72it/s, acc=68.8%, loss=0.950]
Epoch 2/3:  89%|████████▉ | 1452/1625 [03:12<00:22,  7.77it/s, acc=68.8%, loss=0.950]
Epoch 2/3:  89%|████████▉ | 1452/1625 [03:12<00:22,  7.77it/s, acc=68.8%, loss=0.760]
Epoch 2/3:  89%|████████▉ | 1453/1625 [03:12<00:22,  7.79it/s, acc=68.8%, loss=0.760]
Epoch 2/3:  89%|████████▉ | 1453/1625 [03:12<00:22,  7.79it/s, acc=68.8%, loss=0.450]
Epoch 2/3:  89%|████████▉ | 1454/1625 [03:12<00:21,  7.84it/s, acc=68.8%, loss=0.450]
Epoch 2/3:  89%|████████▉ | 1454/1625 [03:12<00:21,  7.84it/s, acc=68.8%, loss=0.676]
Epoch 2/3:  90%|████████▉ | 1455/1625 [03:12<00:21,  7.84it/s, acc=68.8%, loss=0.676]
Epoch 2/3:  90%|████████▉ | 1455/1625 [03:12<00:21,  7.84it/s, acc=68.8%, loss=0.720]
Epoch 2/3:  90%|████████▉ | 1456/1625 [03:12<00:21,  7.91it/s, acc=68.8%, loss=0.720]
Epoch 2/3:  90%|████████▉ | 1456/1625 [03:12<00:21,  7.91it/s, acc=68.8%, loss=0.685]
Epoch 2/3:  90%|████████▉ | 1457/1625 [03:12<00:20,  8.16it/s, acc=68.8%, loss=0.685]
Epoch 2/3:  90%|████████▉ | 1457/1625 [03:13<00:20,  8.16it/s, acc=68.8%, loss=0.723]
Epoch 2/3:  90%|████████▉ | 1458/1625 [03:13<00:20,  8.14it/s, acc=68.8%, loss=0.723]
Epoch 2/3:  90%|████████▉ | 1458/1625 [03:13<00:20,  8.14it/s, acc=68.8%, loss=0.796]
Epoch 2/3:  90%|████████▉ | 1459/1625 [03:13<00:20,  8.01it/s, acc=68.8%, loss=0.796]
Epoch 2/3:  90%|████████▉ | 1459/1625 [03:13<00:20,  8.01it/s, acc=68.8%, loss=0.673]
Epoch 2/3:  90%|████████▉ | 1460/1625 [03:13<00:21,  7.79it/s, acc=68.8%, loss=0.673]
Epoch 2/3:  90%|████████▉ | 1460/1625 [03:13<00:21,  7.79it/s, acc=68.8%, loss=0.699]
Epoch 2/3:  90%|████████▉ | 1461/1625 [03:13<00:20,  8.03it/s, acc=68.8%, loss=0.699]
Epoch 2/3:  90%|████████▉ | 1461/1625 [03:13<00:20,  8.03it/s, acc=68.8%, loss=0.656]
Epoch 2/3:  90%|████████▉ | 1462/1625 [03:13<00:20,  7.91it/s, acc=68.8%, loss=0.656]
Epoch 2/3:  90%|████████▉ | 1462/1625 [03:13<00:20,  7.91it/s, acc=68.8%, loss=0.553]
Epoch 2/3:  90%|█████████ | 1463/1625 [03:13<00:21,  7.59it/s, acc=68.8%, loss=0.553]
Epoch 2/3:  90%|█████████ | 1463/1625 [03:13<00:21,  7.59it/s, acc=68.8%, loss=0.806]
Epoch 2/3:  90%|█████████ | 1464/1625 [03:13<00:22,  7.22it/s, acc=68.8%, loss=0.806]
Epoch 2/3:  90%|█████████ | 1464/1625 [03:14<00:22,  7.22it/s, acc=68.8%, loss=0.666]
Epoch 2/3:  90%|█████████ | 1465/1625 [03:14<00:22,  7.17it/s, acc=68.8%, loss=0.666]
Epoch 2/3:  90%|█████████ | 1465/1625 [03:14<00:22,  7.17it/s, acc=68.8%, loss=0.919]
Epoch 2/3:  90%|█████████ | 1466/1625 [03:14<00:21,  7.41it/s, acc=68.8%, loss=0.919]
Epoch 2/3:  90%|█████████ | 1466/1625 [03:14<00:21,  7.41it/s, acc=68.8%, loss=0.879]
Epoch 2/3:  90%|█████████ | 1467/1625 [03:14<00:21,  7.38it/s, acc=68.8%, loss=0.879]
Epoch 2/3:  90%|█████████ | 1467/1625 [03:14<00:21,  7.38it/s, acc=68.8%, loss=0.602]
Epoch 2/3:  90%|█████████ | 1468/1625 [03:14<00:21,  7.43it/s, acc=68.8%, loss=0.602]
Epoch 2/3:  90%|█████████ | 1468/1625 [03:14<00:21,  7.43it/s, acc=68.8%, loss=0.670]
Epoch 2/3:  90%|█████████ | 1469/1625 [03:14<00:20,  7.51it/s, acc=68.8%, loss=0.670]
Epoch 2/3:  90%|█████████ | 1469/1625 [03:14<00:20,  7.51it/s, acc=68.8%, loss=0.671]
Epoch 2/3:  90%|█████████ | 1470/1625 [03:14<00:19,  7.85it/s, acc=68.8%, loss=0.671]
Epoch 2/3:  90%|█████████ | 1470/1625 [03:14<00:19,  7.85it/s, acc=68.8%, loss=0.562]
Epoch 2/3:  91%|█████████ | 1471/1625 [03:14<00:19,  7.90it/s, acc=68.8%, loss=0.562]
Epoch 2/3:  91%|█████████ | 1471/1625 [03:14<00:19,  7.90it/s, acc=68.8%, loss=0.806]
Epoch 2/3:  91%|█████████ | 1472/1625 [03:14<00:19,  7.85it/s, acc=68.8%, loss=0.806]
Epoch 2/3:  91%|█████████ | 1472/1625 [03:15<00:19,  7.85it/s, acc=68.8%, loss=0.567]
Epoch 2/3:  91%|█████████ | 1473/1625 [03:15<00:19,  7.90it/s, acc=68.8%, loss=0.567]
Epoch 2/3:  91%|█████████ | 1473/1625 [03:15<00:19,  7.90it/s, acc=68.8%, loss=0.747]
Epoch 2/3:  91%|█████████ | 1474/1625 [03:15<00:19,  7.84it/s, acc=68.8%, loss=0.747]
Epoch 2/3:  91%|█████████ | 1474/1625 [03:15<00:19,  7.84it/s, acc=68.8%, loss=0.490]
Epoch 2/3:  91%|█████████ | 1475/1625 [03:15<00:18,  7.99it/s, acc=68.8%, loss=0.490]
Epoch 2/3:  91%|█████████ | 1475/1625 [03:15<00:18,  7.99it/s, acc=68.8%, loss=0.597]
Epoch 2/3:  91%|█████████ | 1476/1625 [03:15<00:18,  8.15it/s, acc=68.8%, loss=0.597]
Epoch 2/3:  91%|█████████ | 1476/1625 [03:15<00:18,  8.15it/s, acc=68.8%, loss=1.076]
Epoch 2/3:  91%|█████████ | 1477/1625 [03:15<00:17,  8.48it/s, acc=68.8%, loss=1.076]
Epoch 2/3:  91%|█████████ | 1477/1625 [03:15<00:17,  8.48it/s, acc=68.8%, loss=0.658]
Epoch 2/3:  91%|█████████ | 1478/1625 [03:15<00:17,  8.43it/s, acc=68.8%, loss=0.658]
Epoch 2/3:  91%|█████████ | 1478/1625 [03:15<00:17,  8.43it/s, acc=68.8%, loss=0.946]
Epoch 2/3:  91%|█████████ | 1479/1625 [03:15<00:19,  7.58it/s, acc=68.8%, loss=0.946]
Epoch 2/3:  91%|█████████ | 1479/1625 [03:15<00:19,  7.58it/s, acc=68.8%, loss=0.857]
Epoch 2/3:  91%|█████████ | 1480/1625 [03:15<00:19,  7.61it/s, acc=68.8%, loss=0.857]
Epoch 2/3:  91%|█████████ | 1480/1625 [03:16<00:19,  7.61it/s, acc=68.8%, loss=0.578]
Epoch 2/3:  91%|█████████ | 1481/1625 [03:16<00:18,  7.72it/s, acc=68.8%, loss=0.578]
Epoch 2/3:  91%|█████████ | 1481/1625 [03:16<00:18,  7.72it/s, acc=68.8%, loss=0.600]
Epoch 2/3:  91%|█████████ | 1482/1625 [03:16<00:18,  7.64it/s, acc=68.8%, loss=0.600]
Epoch 2/3:  91%|█████████ | 1482/1625 [03:16<00:18,  7.64it/s, acc=68.8%, loss=0.827]
Epoch 2/3:  91%|█████████▏| 1483/1625 [03:16<00:18,  7.64it/s, acc=68.8%, loss=0.827]
Epoch 2/3:  91%|█████████▏| 1483/1625 [03:16<00:18,  7.64it/s, acc=68.8%, loss=0.715]
Epoch 2/3:  91%|█████████▏| 1484/1625 [03:16<00:18,  7.62it/s, acc=68.8%, loss=0.715]
Epoch 2/3:  91%|█████████▏| 1484/1625 [03:16<00:18,  7.62it/s, acc=68.8%, loss=0.598]
Epoch 2/3:  91%|█████████▏| 1485/1625 [03:16<00:17,  7.95it/s, acc=68.8%, loss=0.598]
Epoch 2/3:  91%|█████████▏| 1485/1625 [03:16<00:17,  7.95it/s, acc=68.8%, loss=0.701]
Epoch 2/3:  91%|█████████▏| 1486/1625 [03:16<00:17,  8.12it/s, acc=68.8%, loss=0.701]
Epoch 2/3:  91%|█████████▏| 1486/1625 [03:16<00:17,  8.12it/s, acc=68.8%, loss=0.585]
Epoch 2/3:  92%|█████████▏| 1487/1625 [03:16<00:17,  7.87it/s, acc=68.8%, loss=0.585]
Epoch 2/3:  92%|█████████▏| 1487/1625 [03:16<00:17,  7.87it/s, acc=68.8%, loss=0.573]
Epoch 2/3:  92%|█████████▏| 1488/1625 [03:16<00:16,  8.06it/s, acc=68.8%, loss=0.573]
Epoch 2/3:  92%|█████████▏| 1488/1625 [03:17<00:16,  8.06it/s, acc=68.8%, loss=0.569]
Epoch 2/3:  92%|█████████▏| 1489/1625 [03:17<00:17,  7.83it/s, acc=68.8%, loss=0.569]
Epoch 2/3:  92%|█████████▏| 1489/1625 [03:17<00:17,  7.83it/s, acc=68.9%, loss=0.647]
Epoch 2/3:  92%|█████████▏| 1490/1625 [03:17<00:16,  8.04it/s, acc=68.9%, loss=0.647]
Epoch 2/3:  92%|█████████▏| 1490/1625 [03:17<00:16,  8.04it/s, acc=68.9%, loss=0.698]
Epoch 2/3:  92%|█████████▏| 1491/1625 [03:17<00:17,  7.82it/s, acc=68.9%, loss=0.698]
Epoch 2/3:  92%|█████████▏| 1491/1625 [03:17<00:17,  7.82it/s, acc=68.8%, loss=0.756]
Epoch 2/3:  92%|█████████▏| 1492/1625 [03:17<00:16,  8.03it/s, acc=68.8%, loss=0.756]
Epoch 2/3:  92%|█████████▏| 1492/1625 [03:17<00:16,  8.03it/s, acc=68.9%, loss=0.583]
Epoch 2/3:  92%|█████████▏| 1493/1625 [03:17<00:16,  7.95it/s, acc=68.9%, loss=0.583]
Epoch 2/3:  92%|█████████▏| 1493/1625 [03:17<00:16,  7.95it/s, acc=68.9%, loss=0.806]
Epoch 2/3:  92%|█████████▏| 1494/1625 [03:17<00:16,  8.19it/s, acc=68.9%, loss=0.806]
Epoch 2/3:  92%|█████████▏| 1494/1625 [03:17<00:16,  8.19it/s, acc=68.8%, loss=0.854]
Epoch 2/3:  92%|█████████▏| 1495/1625 [03:17<00:15,  8.14it/s, acc=68.8%, loss=0.854]
Epoch 2/3:  92%|█████████▏| 1495/1625 [03:17<00:15,  8.14it/s, acc=68.9%, loss=0.568]
Epoch 2/3:  92%|█████████▏| 1496/1625 [03:17<00:16,  8.00it/s, acc=68.9%, loss=0.568]
Epoch 2/3:  92%|█████████▏| 1496/1625 [03:18<00:16,  8.00it/s, acc=68.9%, loss=0.656]
Epoch 2/3:  92%|█████████▏| 1497/1625 [03:18<00:16,  7.76it/s, acc=68.9%, loss=0.656]
Epoch 2/3:  92%|█████████▏| 1497/1625 [03:18<00:16,  7.76it/s, acc=68.9%, loss=0.656]
Epoch 2/3:  92%|█████████▏| 1498/1625 [03:18<00:16,  7.51it/s, acc=68.9%, loss=0.656]
Epoch 2/3:  92%|█████████▏| 1498/1625 [03:18<00:16,  7.51it/s, acc=68.9%, loss=0.586]
Epoch 2/3:  92%|█████████▏| 1499/1625 [03:18<00:17,  7.18it/s, acc=68.9%, loss=0.586]
Epoch 2/3:  92%|█████████▏| 1499/1625 [03:18<00:17,  7.18it/s, acc=68.9%, loss=0.631]
Epoch 2/3:  92%|█████████▏| 1500/1625 [03:18<00:16,  7.44it/s, acc=68.9%, loss=0.631]
Epoch 2/3:  92%|█████████▏| 1500/1625 [03:18<00:16,  7.44it/s, acc=68.9%, loss=0.553]
Epoch 2/3:  92%|█████████▏| 1501/1625 [03:18<00:16,  7.65it/s, acc=68.9%, loss=0.553]
Epoch 2/3:  92%|█████████▏| 1501/1625 [03:18<00:16,  7.65it/s, acc=68.9%, loss=0.596]
Epoch 2/3:  92%|█████████▏| 1502/1625 [03:18<00:16,  7.67it/s, acc=68.9%, loss=0.596]
Epoch 2/3:  92%|█████████▏| 1502/1625 [03:18<00:16,  7.67it/s, acc=68.9%, loss=0.667]
Epoch 2/3:  92%|█████████▏| 1503/1625 [03:18<00:15,  7.85it/s, acc=68.9%, loss=0.667]
Epoch 2/3:  92%|█████████▏| 1503/1625 [03:18<00:15,  7.85it/s, acc=68.9%, loss=0.596]
Epoch 2/3:  93%|█████████▎| 1504/1625 [03:18<00:15,  7.82it/s, acc=68.9%, loss=0.596]
Epoch 2/3:  93%|█████████▎| 1504/1625 [03:19<00:15,  7.82it/s, acc=68.9%, loss=0.790]
Epoch 2/3:  93%|█████████▎| 1505/1625 [03:19<00:15,  7.78it/s, acc=68.9%, loss=0.790]
Epoch 2/3:  93%|█████████▎| 1505/1625 [03:19<00:15,  7.78it/s, acc=68.9%, loss=0.556]
Epoch 2/3:  93%|█████████▎| 1506/1625 [03:19<00:15,  7.92it/s, acc=68.9%, loss=0.556]
Epoch 2/3:  93%|█████████▎| 1506/1625 [03:19<00:15,  7.92it/s, acc=68.9%, loss=0.768]
Epoch 2/3:  93%|█████████▎| 1507/1625 [03:19<00:15,  7.86it/s, acc=68.9%, loss=0.768]
Epoch 2/3:  93%|█████████▎| 1507/1625 [03:19<00:15,  7.86it/s, acc=68.9%, loss=0.748]
Epoch 2/3:  93%|█████████▎| 1508/1625 [03:19<00:14,  7.96it/s, acc=68.9%, loss=0.748]
Epoch 2/3:  93%|█████████▎| 1508/1625 [03:19<00:14,  7.96it/s, acc=68.9%, loss=0.792]
Epoch 2/3:  93%|█████████▎| 1509/1625 [03:19<00:14,  7.99it/s, acc=68.9%, loss=0.792]
Epoch 2/3:  93%|█████████▎| 1509/1625 [03:19<00:14,  7.99it/s, acc=68.9%, loss=0.537]
Epoch 2/3:  93%|█████████▎| 1510/1625 [03:19<00:14,  7.87it/s, acc=68.9%, loss=0.537]
Epoch 2/3:  93%|█████████▎| 1510/1625 [03:19<00:14,  7.87it/s, acc=68.9%, loss=0.777]
Epoch 2/3:  93%|█████████▎| 1511/1625 [03:19<00:14,  7.95it/s, acc=68.9%, loss=0.777]
Epoch 2/3:  93%|█████████▎| 1511/1625 [03:19<00:14,  7.95it/s, acc=68.9%, loss=0.451]
Epoch 2/3:  93%|█████████▎| 1512/1625 [03:19<00:14,  7.84it/s, acc=68.9%, loss=0.451]
Epoch 2/3:  93%|█████████▎| 1512/1625 [03:20<00:14,  7.84it/s, acc=68.9%, loss=0.404]
Epoch 2/3:  93%|█████████▎| 1513/1625 [03:20<00:14,  7.95it/s, acc=68.9%, loss=0.404]
Epoch 2/3:  93%|█████████▎| 1513/1625 [03:20<00:14,  7.95it/s, acc=68.9%, loss=0.859]
Epoch 2/3:  93%|█████████▎| 1514/1625 [03:20<00:13,  8.11it/s, acc=68.9%, loss=0.859]
Epoch 2/3:  93%|█████████▎| 1514/1625 [03:20<00:13,  8.11it/s, acc=68.9%, loss=0.711]
Epoch 2/3:  93%|█████████▎| 1515/1625 [03:20<00:14,  7.61it/s, acc=68.9%, loss=0.711]
Epoch 2/3:  93%|█████████▎| 1515/1625 [03:20<00:14,  7.61it/s, acc=68.9%, loss=0.819]
Epoch 2/3:  93%|█████████▎| 1516/1625 [03:20<00:14,  7.59it/s, acc=68.9%, loss=0.819]
Epoch 2/3:  93%|█████████▎| 1516/1625 [03:20<00:14,  7.59it/s, acc=68.9%, loss=1.029]
Epoch 2/3:  93%|█████████▎| 1517/1625 [03:20<00:14,  7.52it/s, acc=68.9%, loss=1.029]
Epoch 2/3:  93%|█████████▎| 1517/1625 [03:20<00:14,  7.52it/s, acc=68.9%, loss=0.584]
Epoch 2/3:  93%|█████████▎| 1518/1625 [03:20<00:13,  7.77it/s, acc=68.9%, loss=0.584]
Epoch 2/3:  93%|█████████▎| 1518/1625 [03:20<00:13,  7.77it/s, acc=68.9%, loss=0.400]
Epoch 2/3:  93%|█████████▎| 1519/1625 [03:20<00:13,  7.75it/s, acc=68.9%, loss=0.400]
Epoch 2/3:  93%|█████████▎| 1519/1625 [03:21<00:13,  7.75it/s, acc=68.9%, loss=0.862]
Epoch 2/3:  94%|█████████▎| 1520/1625 [03:21<00:13,  7.84it/s, acc=68.9%, loss=0.862]
Epoch 2/3:  94%|█████████▎| 1520/1625 [03:21<00:13,  7.84it/s, acc=68.9%, loss=0.760]
Epoch 2/3:  94%|█████████▎| 1521/1625 [03:21<00:13,  7.80it/s, acc=68.9%, loss=0.760]
Epoch 2/3:  94%|█████████▎| 1521/1625 [03:21<00:13,  7.80it/s, acc=68.9%, loss=0.661]
Epoch 2/3:  94%|█████████▎| 1522/1625 [03:21<00:13,  7.86it/s, acc=68.9%, loss=0.661]
Epoch 2/3:  94%|█████████▎| 1522/1625 [03:21<00:13,  7.86it/s, acc=68.9%, loss=0.835]
Epoch 2/3:  94%|█████████▎| 1523/1625 [03:21<00:13,  7.82it/s, acc=68.9%, loss=0.835]
Epoch 2/3:  94%|█████████▎| 1523/1625 [03:21<00:13,  7.82it/s, acc=68.9%, loss=0.804]
Epoch 2/3:  94%|█████████▍| 1524/1625 [03:21<00:12,  7.88it/s, acc=68.9%, loss=0.804]
Epoch 2/3:  94%|█████████▍| 1524/1625 [03:21<00:12,  7.88it/s, acc=68.9%, loss=0.707]
Epoch 2/3:  94%|█████████▍| 1525/1625 [03:21<00:12,  7.83it/s, acc=68.9%, loss=0.707]
Epoch 2/3:  94%|█████████▍| 1525/1625 [03:21<00:12,  7.83it/s, acc=68.9%, loss=0.765]
Epoch 2/3:  94%|█████████▍| 1526/1625 [03:21<00:12,  8.07it/s, acc=68.9%, loss=0.765]
Epoch 2/3:  94%|█████████▍| 1526/1625 [03:21<00:12,  8.07it/s, acc=68.9%, loss=0.504]
Epoch 2/3:  94%|█████████▍| 1527/1625 [03:21<00:12,  8.08it/s, acc=68.9%, loss=0.504]
Epoch 2/3:  94%|█████████▍| 1527/1625 [03:22<00:12,  8.08it/s, acc=68.9%, loss=0.661]
Epoch 2/3:  94%|█████████▍| 1528/1625 [03:22<00:12,  7.97it/s, acc=68.9%, loss=0.661]
Epoch 2/3:  94%|█████████▍| 1528/1625 [03:22<00:12,  7.97it/s, acc=68.9%, loss=0.757]
Epoch 2/3:  94%|█████████▍| 1529/1625 [03:22<00:11,  8.01it/s, acc=68.9%, loss=0.757]
Epoch 2/3:  94%|█████████▍| 1529/1625 [03:22<00:11,  8.01it/s, acc=68.9%, loss=0.642]
Epoch 2/3:  94%|█████████▍| 1530/1625 [03:22<00:11,  7.92it/s, acc=68.9%, loss=0.642]
Epoch 2/3:  94%|█████████▍| 1530/1625 [03:22<00:11,  7.92it/s, acc=68.9%, loss=0.848]
Epoch 2/3:  94%|█████████▍| 1531/1625 [03:22<00:12,  7.63it/s, acc=68.9%, loss=0.848]
Epoch 2/3:  94%|█████████▍| 1531/1625 [03:22<00:12,  7.63it/s, acc=68.9%, loss=0.875]
Epoch 2/3:  94%|█████████▍| 1532/1625 [03:22<00:12,  7.22it/s, acc=68.9%, loss=0.875]
Epoch 2/3:  94%|█████████▍| 1532/1625 [03:22<00:12,  7.22it/s, acc=68.9%, loss=0.962]
Epoch 2/3:  94%|█████████▍| 1533/1625 [03:22<00:12,  7.09it/s, acc=68.9%, loss=0.962]
Epoch 2/3:  94%|█████████▍| 1533/1625 [03:22<00:12,  7.09it/s, acc=68.9%, loss=0.717]
Epoch 2/3:  94%|█████████▍| 1534/1625 [03:22<00:12,  7.29it/s, acc=68.9%, loss=0.717]
Epoch 2/3:  94%|█████████▍| 1534/1625 [03:22<00:12,  7.29it/s, acc=68.9%, loss=0.486]
Epoch 2/3:  94%|█████████▍| 1535/1625 [03:22<00:11,  7.79it/s, acc=68.9%, loss=0.486]
Epoch 2/3:  94%|█████████▍| 1535/1625 [03:23<00:11,  7.79it/s, acc=68.9%, loss=0.794]
Epoch 2/3:  95%|█████████▍| 1536/1625 [03:23<00:10,  8.29it/s, acc=68.9%, loss=0.794]
Epoch 2/3:  95%|█████████▍| 1536/1625 [03:23<00:10,  8.29it/s, acc=68.9%, loss=1.006]
Epoch 2/3:  95%|█████████▍| 1537/1625 [03:23<00:10,  8.55it/s, acc=68.9%, loss=1.006]
Epoch 2/3:  95%|█████████▍| 1537/1625 [03:23<00:10,  8.55it/s, acc=68.9%, loss=0.563]
Epoch 2/3:  95%|█████████▍| 1538/1625 [03:23<00:10,  8.39it/s, acc=68.9%, loss=0.563]
Epoch 2/3:  95%|█████████▍| 1538/1625 [03:23<00:10,  8.39it/s, acc=68.9%, loss=0.805]
Epoch 2/3:  95%|█████████▍| 1539/1625 [03:23<00:10,  8.31it/s, acc=68.9%, loss=0.805]
Epoch 2/3:  95%|█████████▍| 1539/1625 [03:23<00:10,  8.31it/s, acc=68.9%, loss=0.651]
Epoch 2/3:  95%|█████████▍| 1540/1625 [03:23<00:10,  8.00it/s, acc=68.9%, loss=0.651]
Epoch 2/3:  95%|█████████▍| 1540/1625 [03:23<00:10,  8.00it/s, acc=68.9%, loss=0.826]
Epoch 2/3:  95%|█████████▍| 1541/1625 [03:23<00:10,  8.13it/s, acc=68.9%, loss=0.826]
Epoch 2/3:  95%|█████████▍| 1541/1625 [03:23<00:10,  8.13it/s, acc=68.9%, loss=0.724]
Epoch 2/3:  95%|█████████▍| 1542/1625 [03:23<00:10,  8.20it/s, acc=68.9%, loss=0.724]
Epoch 2/3:  95%|█████████▍| 1542/1625 [03:23<00:10,  8.20it/s, acc=68.9%, loss=0.586]
Epoch 2/3:  95%|█████████▍| 1543/1625 [03:23<00:10,  8.09it/s, acc=68.9%, loss=0.586]
Epoch 2/3:  95%|█████████▍| 1543/1625 [03:24<00:10,  8.09it/s, acc=68.9%, loss=0.730]
Epoch 2/3:  95%|█████████▌| 1544/1625 [03:24<00:10,  8.03it/s, acc=68.9%, loss=0.730]
Epoch 2/3:  95%|█████████▌| 1544/1625 [03:24<00:10,  8.03it/s, acc=68.9%, loss=0.581]
Epoch 2/3:  95%|█████████▌| 1545/1625 [03:24<00:10,  7.94it/s, acc=68.9%, loss=0.581]
Epoch 2/3:  95%|█████████▌| 1545/1625 [03:24<00:10,  7.94it/s, acc=68.9%, loss=0.937]
Epoch 2/3:  95%|█████████▌| 1546/1625 [03:24<00:09,  8.01it/s, acc=68.9%, loss=0.937]
Epoch 2/3:  95%|█████████▌| 1546/1625 [03:24<00:09,  8.01it/s, acc=68.9%, loss=0.720]
Epoch 2/3:  95%|█████████▌| 1547/1625 [03:24<00:09,  7.96it/s, acc=68.9%, loss=0.720]
Epoch 2/3:  95%|█████████▌| 1547/1625 [03:24<00:09,  7.96it/s, acc=68.9%, loss=0.599]
Epoch 2/3:  95%|█████████▌| 1548/1625 [03:24<00:09,  8.00it/s, acc=68.9%, loss=0.599]
Epoch 2/3:  95%|█████████▌| 1548/1625 [03:24<00:09,  8.00it/s, acc=68.9%, loss=0.504]
Epoch 2/3:  95%|█████████▌| 1549/1625 [03:24<00:09,  7.86it/s, acc=68.9%, loss=0.504]
Epoch 2/3:  95%|█████████▌| 1549/1625 [03:24<00:09,  7.86it/s, acc=68.9%, loss=0.792]
Epoch 2/3:  95%|█████████▌| 1550/1625 [03:24<00:09,  7.81it/s, acc=68.9%, loss=0.792]
Epoch 2/3:  95%|█████████▌| 1550/1625 [03:24<00:09,  7.81it/s, acc=68.9%, loss=0.695]
Epoch 2/3:  95%|█████████▌| 1551/1625 [03:24<00:09,  7.54it/s, acc=68.9%, loss=0.695]
Epoch 2/3:  95%|█████████▌| 1551/1625 [03:25<00:09,  7.54it/s, acc=68.9%, loss=0.782]
Epoch 2/3:  96%|█████████▌| 1552/1625 [03:25<00:09,  7.55it/s, acc=68.9%, loss=0.782]
Epoch 2/3:  96%|█████████▌| 1552/1625 [03:25<00:09,  7.55it/s, acc=68.9%, loss=0.797]
Epoch 2/3:  96%|█████████▌| 1553/1625 [03:25<00:09,  7.68it/s, acc=68.9%, loss=0.797]
Epoch 2/3:  96%|█████████▌| 1553/1625 [03:25<00:09,  7.68it/s, acc=68.9%, loss=0.551]
Epoch 2/3:  96%|█████████▌| 1554/1625 [03:25<00:09,  7.86it/s, acc=68.9%, loss=0.551]
Epoch 2/3:  96%|█████████▌| 1554/1625 [03:25<00:09,  7.86it/s, acc=68.9%, loss=0.656]
Epoch 2/3:  96%|█████████▌| 1555/1625 [03:25<00:08,  7.82it/s, acc=68.9%, loss=0.656]
Epoch 2/3:  96%|█████████▌| 1555/1625 [03:25<00:08,  7.82it/s, acc=68.9%, loss=0.805]
Epoch 2/3:  96%|█████████▌| 1556/1625 [03:25<00:08,  7.85it/s, acc=68.9%, loss=0.805]
Epoch 2/3:  96%|█████████▌| 1556/1625 [03:25<00:08,  7.85it/s, acc=68.9%, loss=0.599]
Epoch 2/3:  96%|█████████▌| 1557/1625 [03:25<00:08,  7.81it/s, acc=68.9%, loss=0.599]
Epoch 2/3:  96%|█████████▌| 1557/1625 [03:25<00:08,  7.81it/s, acc=68.9%, loss=0.546]
Epoch 2/3:  96%|█████████▌| 1558/1625 [03:25<00:08,  7.90it/s, acc=68.9%, loss=0.546]
Epoch 2/3:  96%|█████████▌| 1558/1625 [03:25<00:08,  7.90it/s, acc=68.9%, loss=0.663]
Epoch 2/3:  96%|█████████▌| 1559/1625 [03:25<00:08,  7.85it/s, acc=68.9%, loss=0.663]
Epoch 2/3:  96%|█████████▌| 1559/1625 [03:26<00:08,  7.85it/s, acc=68.9%, loss=0.726]
Epoch 2/3:  96%|█████████▌| 1560/1625 [03:26<00:08,  7.93it/s, acc=68.9%, loss=0.726]
Epoch 2/3:  96%|█████████▌| 1560/1625 [03:26<00:08,  7.93it/s, acc=68.9%, loss=0.670]
Epoch 2/3:  96%|█████████▌| 1561/1625 [03:26<00:08,  7.86it/s, acc=68.9%, loss=0.670]
Epoch 2/3:  96%|█████████▌| 1561/1625 [03:26<00:08,  7.86it/s, acc=68.9%, loss=0.646]
Epoch 2/3:  96%|█████████▌| 1562/1625 [03:26<00:07,  7.99it/s, acc=68.9%, loss=0.646]
Epoch 2/3:  96%|█████████▌| 1562/1625 [03:26<00:07,  7.99it/s, acc=68.9%, loss=0.772]
Epoch 2/3:  96%|█████████▌| 1563/1625 [03:26<00:07,  7.98it/s, acc=68.9%, loss=0.772]
Epoch 2/3:  96%|█████████▌| 1563/1625 [03:26<00:07,  7.98it/s, acc=68.9%, loss=0.652]
Epoch 2/3:  96%|█████████▌| 1564/1625 [03:26<00:07,  7.90it/s, acc=68.9%, loss=0.652]
Epoch 2/3:  96%|█████████▌| 1564/1625 [03:26<00:07,  7.90it/s, acc=68.9%, loss=0.655]
Epoch 2/3:  96%|█████████▋| 1565/1625 [03:26<00:07,  7.83it/s, acc=68.9%, loss=0.655]
Epoch 2/3:  96%|█████████▋| 1565/1625 [03:26<00:07,  7.83it/s, acc=68.9%, loss=0.724]
Epoch 2/3:  96%|█████████▋| 1566/1625 [03:26<00:07,  7.83it/s, acc=68.9%, loss=0.724]
Epoch 2/3:  96%|█████████▋| 1566/1625 [03:26<00:07,  7.83it/s, acc=68.9%, loss=0.892]
Epoch 2/3:  96%|█████████▋| 1567/1625 [03:26<00:07,  7.72it/s, acc=68.9%, loss=0.892]
Epoch 2/3:  96%|█████████▋| 1567/1625 [03:27<00:07,  7.72it/s, acc=68.9%, loss=0.579]
Epoch 2/3:  96%|█████████▋| 1568/1625 [03:27<00:07,  7.59it/s, acc=68.9%, loss=0.579]
Epoch 2/3:  96%|█████████▋| 1568/1625 [03:27<00:07,  7.59it/s, acc=68.9%, loss=0.606]
Epoch 2/3:  97%|█████████▋| 1569/1625 [03:27<00:07,  7.31it/s, acc=68.9%, loss=0.606]
Epoch 2/3:  97%|█████████▋| 1569/1625 [03:27<00:07,  7.31it/s, acc=68.9%, loss=0.581]
Epoch 2/3:  97%|█████████▋| 1570/1625 [03:27<00:07,  7.75it/s, acc=68.9%, loss=0.581]
Epoch 2/3:  97%|█████████▋| 1570/1625 [03:27<00:07,  7.75it/s, acc=68.9%, loss=0.492]
Epoch 2/3:  97%|█████████▋| 1571/1625 [03:27<00:06,  8.08it/s, acc=68.9%, loss=0.492]
Epoch 2/3:  97%|█████████▋| 1571/1625 [03:27<00:06,  8.08it/s, acc=68.9%, loss=0.579]
Epoch 2/3:  97%|█████████▋| 1572/1625 [03:27<00:06,  7.95it/s, acc=68.9%, loss=0.579]
Epoch 2/3:  97%|█████████▋| 1572/1625 [03:27<00:06,  7.95it/s, acc=68.9%, loss=0.588]
Epoch 2/3:  97%|█████████▋| 1573/1625 [03:27<00:06,  7.94it/s, acc=68.9%, loss=0.588]
Epoch 2/3:  97%|█████████▋| 1573/1625 [03:27<00:06,  7.94it/s, acc=68.9%, loss=0.833]
Epoch 2/3:  97%|█████████▋| 1574/1625 [03:27<00:06,  7.82it/s, acc=68.9%, loss=0.833]
Epoch 2/3:  97%|█████████▋| 1574/1625 [03:28<00:06,  7.82it/s, acc=68.9%, loss=0.769]
Epoch 2/3:  97%|█████████▋| 1575/1625 [03:28<00:06,  7.65it/s, acc=68.9%, loss=0.769]
Epoch 2/3:  97%|█████████▋| 1575/1625 [03:28<00:06,  7.65it/s, acc=68.9%, loss=0.556]
Epoch 2/3:  97%|█████████▋| 1576/1625 [03:28<00:06,  7.82it/s, acc=68.9%, loss=0.556]
Epoch 2/3:  97%|█████████▋| 1576/1625 [03:28<00:06,  7.82it/s, acc=68.9%, loss=0.612]
Epoch 2/3:  97%|█████████▋| 1577/1625 [03:28<00:06,  7.59it/s, acc=68.9%, loss=0.612]
Epoch 2/3:  97%|█████████▋| 1577/1625 [03:28<00:06,  7.59it/s, acc=68.9%, loss=0.608]
Epoch 2/3:  97%|█████████▋| 1578/1625 [03:28<00:06,  7.70it/s, acc=68.9%, loss=0.608]
Epoch 2/3:  97%|█████████▋| 1578/1625 [03:28<00:06,  7.70it/s, acc=68.9%, loss=0.865]
Epoch 2/3:  97%|█████████▋| 1579/1625 [03:28<00:06,  7.58it/s, acc=68.9%, loss=0.865]
Epoch 2/3:  97%|█████████▋| 1579/1625 [03:28<00:06,  7.58it/s, acc=68.9%, loss=0.580]
Epoch 2/3:  97%|█████████▋| 1580/1625 [03:28<00:05,  7.56it/s, acc=68.9%, loss=0.580]
Epoch 2/3:  97%|█████████▋| 1580/1625 [03:28<00:05,  7.56it/s, acc=68.9%, loss=1.016]
Epoch 2/3:  97%|█████████▋| 1581/1625 [03:28<00:05,  7.61it/s, acc=68.9%, loss=1.016]
Epoch 2/3:  97%|█████████▋| 1581/1625 [03:28<00:05,  7.61it/s, acc=68.9%, loss=0.669]
Epoch 2/3:  97%|█████████▋| 1582/1625 [03:28<00:05,  7.80it/s, acc=68.9%, loss=0.669]
Epoch 2/3:  97%|█████████▋| 1582/1625 [03:29<00:05,  7.80it/s, acc=68.9%, loss=0.992]
Epoch 2/3:  97%|█████████▋| 1583/1625 [03:29<00:05,  7.87it/s, acc=68.9%, loss=0.992]
Epoch 2/3:  97%|█████████▋| 1583/1625 [03:29<00:05,  7.87it/s, acc=68.9%, loss=0.885]
Epoch 2/3:  97%|█████████▋| 1584/1625 [03:29<00:05,  7.82it/s, acc=68.9%, loss=0.885]
Epoch 2/3:  97%|█████████▋| 1584/1625 [03:29<00:05,  7.82it/s, acc=68.9%, loss=0.956]
Epoch 2/3:  98%|█████████▊| 1585/1625 [03:29<00:05,  7.83it/s, acc=68.9%, loss=0.956]
Epoch 2/3:  98%|█████████▊| 1585/1625 [03:29<00:05,  7.83it/s, acc=68.9%, loss=0.616]
Epoch 2/3:  98%|█████████▊| 1586/1625 [03:29<00:05,  7.48it/s, acc=68.9%, loss=0.616]
Epoch 2/3:  98%|█████████▊| 1586/1625 [03:29<00:05,  7.48it/s, acc=68.9%, loss=0.732]
Epoch 2/3:  98%|█████████▊| 1587/1625 [03:29<00:05,  7.31it/s, acc=68.9%, loss=0.732]
Epoch 2/3:  98%|█████████▊| 1587/1625 [03:29<00:05,  7.31it/s, acc=68.9%, loss=0.712]
Epoch 2/3:  98%|█████████▊| 1588/1625 [03:29<00:05,  6.94it/s, acc=68.9%, loss=0.712]
Epoch 2/3:  98%|█████████▊| 1588/1625 [03:29<00:05,  6.94it/s, acc=68.9%, loss=0.853]
Epoch 2/3:  98%|█████████▊| 1589/1625 [03:29<00:05,  7.10it/s, acc=68.9%, loss=0.853]
Epoch 2/3:  98%|█████████▊| 1589/1625 [03:30<00:05,  7.10it/s, acc=68.9%, loss=0.856]
Epoch 2/3:  98%|█████████▊| 1590/1625 [03:30<00:04,  7.27it/s, acc=68.9%, loss=0.856]
Epoch 2/3:  98%|█████████▊| 1590/1625 [03:30<00:04,  7.27it/s, acc=68.9%, loss=0.619]
Epoch 2/3:  98%|█████████▊| 1591/1625 [03:30<00:04,  7.47it/s, acc=68.9%, loss=0.619]
Epoch 2/3:  98%|█████████▊| 1591/1625 [03:30<00:04,  7.47it/s, acc=68.9%, loss=0.792]
Epoch 2/3:  98%|█████████▊| 1592/1625 [03:30<00:04,  7.55it/s, acc=68.9%, loss=0.792]
Epoch 2/3:  98%|█████████▊| 1592/1625 [03:30<00:04,  7.55it/s, acc=68.9%, loss=0.384]
Epoch 2/3:  98%|█████████▊| 1593/1625 [03:30<00:04,  7.65it/s, acc=68.9%, loss=0.384]
Epoch 2/3:  98%|█████████▊| 1593/1625 [03:30<00:04,  7.65it/s, acc=68.9%, loss=0.679]
Epoch 2/3:  98%|█████████▊| 1594/1625 [03:30<00:04,  7.67it/s, acc=68.9%, loss=0.679]
Epoch 2/3:  98%|█████████▊| 1594/1625 [03:30<00:04,  7.67it/s, acc=68.9%, loss=0.722]
Epoch 2/3:  98%|█████████▊| 1595/1625 [03:30<00:03,  7.77it/s, acc=68.9%, loss=0.722]
Epoch 2/3:  98%|█████████▊| 1595/1625 [03:30<00:03,  7.77it/s, acc=68.9%, loss=0.816]
Epoch 2/3:  98%|█████████▊| 1596/1625 [03:30<00:03,  7.75it/s, acc=68.9%, loss=0.816]
Epoch 2/3:  98%|█████████▊| 1596/1625 [03:30<00:03,  7.75it/s, acc=68.9%, loss=0.775]
Epoch 2/3:  98%|█████████▊| 1597/1625 [03:30<00:03,  7.85it/s, acc=68.9%, loss=0.775]
Epoch 2/3:  98%|█████████▊| 1597/1625 [03:31<00:03,  7.85it/s, acc=68.9%, loss=0.694]
Epoch 2/3:  98%|█████████▊| 1598/1625 [03:31<00:03,  8.05it/s, acc=68.9%, loss=0.694]
Epoch 2/3:  98%|█████████▊| 1598/1625 [03:31<00:03,  8.05it/s, acc=68.9%, loss=0.779]
Epoch 2/3:  98%|█████████▊| 1599/1625 [03:31<00:03,  7.80it/s, acc=68.9%, loss=0.779]
Epoch 2/3:  98%|█████████▊| 1599/1625 [03:31<00:03,  7.80it/s, acc=68.9%, loss=0.841]
Epoch 2/3:  98%|█████████▊| 1600/1625 [03:31<00:03,  8.00it/s, acc=68.9%, loss=0.841]
Epoch 2/3:  98%|█████████▊| 1600/1625 [03:31<00:03,  8.00it/s, acc=68.9%, loss=0.755]
Epoch 2/3:  99%|█████████▊| 1601/1625 [03:31<00:03,  7.78it/s, acc=68.9%, loss=0.755]
Epoch 2/3:  99%|█████████▊| 1601/1625 [03:31<00:03,  7.78it/s, acc=68.9%, loss=0.755]
Epoch 2/3:  99%|█████████▊| 1602/1625 [03:31<00:03,  7.42it/s, acc=68.9%, loss=0.755]
Epoch 2/3:  99%|█████████▊| 1602/1625 [03:31<00:03,  7.42it/s, acc=68.9%, loss=0.715]
Epoch 2/3:  99%|█████████▊| 1603/1625 [03:31<00:02,  7.46it/s, acc=68.9%, loss=0.715]
Epoch 2/3:  99%|█████████▊| 1603/1625 [03:31<00:02,  7.46it/s, acc=68.9%, loss=0.720]
Epoch 2/3:  99%|█████████▊| 1604/1625 [03:31<00:02,  7.15it/s, acc=68.9%, loss=0.720]
Epoch 2/3:  99%|█████████▊| 1604/1625 [03:32<00:02,  7.15it/s, acc=68.9%, loss=0.798]
Epoch 2/3:  99%|█████████▉| 1605/1625 [03:32<00:02,  7.13it/s, acc=68.9%, loss=0.798]
Epoch 2/3:  99%|█████████▉| 1605/1625 [03:32<00:02,  7.13it/s, acc=68.9%, loss=0.913]
Epoch 2/3:  99%|█████████▉| 1606/1625 [03:32<00:02,  7.21it/s, acc=68.9%, loss=0.913]
Epoch 2/3:  99%|█████████▉| 1606/1625 [03:32<00:02,  7.21it/s, acc=68.9%, loss=0.910]
Epoch 2/3:  99%|█████████▉| 1607/1625 [03:32<00:02,  7.58it/s, acc=68.9%, loss=0.910]
Epoch 2/3:  99%|█████████▉| 1607/1625 [03:32<00:02,  7.58it/s, acc=68.9%, loss=0.604]
Epoch 2/3:  99%|█████████▉| 1608/1625 [03:32<00:02,  7.62it/s, acc=68.9%, loss=0.604]
Epoch 2/3:  99%|█████████▉| 1608/1625 [03:32<00:02,  7.62it/s, acc=68.9%, loss=0.615]
Epoch 2/3:  99%|█████████▉| 1609/1625 [03:32<00:02,  7.70it/s, acc=68.9%, loss=0.615]
Epoch 2/3:  99%|█████████▉| 1609/1625 [03:32<00:02,  7.70it/s, acc=68.9%, loss=0.454]
Epoch 2/3:  99%|█████████▉| 1610/1625 [03:32<00:01,  7.76it/s, acc=68.9%, loss=0.454]
Epoch 2/3:  99%|█████████▉| 1610/1625 [03:32<00:01,  7.76it/s, acc=68.9%, loss=0.669]
Epoch 2/3:  99%|█████████▉| 1611/1625 [03:32<00:01,  7.79it/s, acc=68.9%, loss=0.669]
Epoch 2/3:  99%|█████████▉| 1611/1625 [03:32<00:01,  7.79it/s, acc=68.9%, loss=0.629]
Epoch 2/3:  99%|█████████▉| 1612/1625 [03:32<00:01,  7.81it/s, acc=68.9%, loss=0.629]
Epoch 2/3:  99%|█████████▉| 1612/1625 [03:33<00:01,  7.81it/s, acc=68.9%, loss=0.734]
Epoch 2/3:  99%|█████████▉| 1613/1625 [03:33<00:01,  7.85it/s, acc=68.9%, loss=0.734]
Epoch 2/3:  99%|█████████▉| 1613/1625 [03:33<00:01,  7.85it/s, acc=68.9%, loss=0.696]
Epoch 2/3:  99%|█████████▉| 1614/1625 [03:33<00:01,  7.81it/s, acc=68.9%, loss=0.696]
Epoch 2/3:  99%|█████████▉| 1614/1625 [03:33<00:01,  7.81it/s, acc=68.9%, loss=0.814]
Epoch 2/3:  99%|█████████▉| 1615/1625 [03:33<00:01,  7.86it/s, acc=68.9%, loss=0.814]
Epoch 2/3:  99%|█████████▉| 1615/1625 [03:33<00:01,  7.86it/s, acc=68.9%, loss=0.539]
Epoch 2/3:  99%|█████████▉| 1616/1625 [03:33<00:01,  7.80it/s, acc=68.9%, loss=0.539]
Epoch 2/3:  99%|█████████▉| 1616/1625 [03:33<00:01,  7.80it/s, acc=68.9%, loss=0.767]
Epoch 2/3: 100%|█████████▉| 1617/1625 [03:33<00:01,  7.55it/s, acc=68.9%, loss=0.767]
Epoch 2/3: 100%|█████████▉| 1617/1625 [03:33<00:01,  7.55it/s, acc=68.9%, loss=0.817]
Epoch 2/3: 100%|█████████▉| 1618/1625 [03:33<00:00,  7.75it/s, acc=68.9%, loss=0.817]
Epoch 2/3: 100%|█████████▉| 1618/1625 [03:33<00:00,  7.75it/s, acc=68.9%, loss=0.621]
Epoch 2/3: 100%|█████████▉| 1619/1625 [03:33<00:00,  7.57it/s, acc=68.9%, loss=0.621]
Epoch 2/3: 100%|█████████▉| 1619/1625 [03:33<00:00,  7.57it/s, acc=68.9%, loss=0.492]
Epoch 2/3: 100%|█████████▉| 1620/1625 [03:33<00:00,  7.73it/s, acc=68.9%, loss=0.492]
Epoch 2/3: 100%|█████████▉| 1620/1625 [03:34<00:00,  7.73it/s, acc=68.9%, loss=0.648]
Epoch 2/3: 100%|█████████▉| 1621/1625 [03:34<00:00,  7.66it/s, acc=68.9%, loss=0.648]
Epoch 2/3: 100%|█████████▉| 1621/1625 [03:34<00:00,  7.66it/s, acc=68.9%, loss=0.686]
Epoch 2/3: 100%|█████████▉| 1622/1625 [03:34<00:00,  7.81it/s, acc=68.9%, loss=0.686]
Epoch 2/3: 100%|█████████▉| 1622/1625 [03:34<00:00,  7.81it/s, acc=68.9%, loss=0.543]
Epoch 2/3: 100%|█████████▉| 1623/1625 [03:34<00:00,  7.69it/s, acc=68.9%, loss=0.543]
Epoch 2/3: 100%|█████████▉| 1623/1625 [03:34<00:00,  7.69it/s, acc=68.9%, loss=0.755]
Epoch 2/3: 100%|█████████▉| 1624/1625 [03:34<00:00,  7.64it/s, acc=68.9%, loss=0.755]
Epoch 2/3: 100%|█████████▉| 1624/1625 [03:34<00:00,  7.64it/s, acc=68.9%, loss=0.805]
Epoch 2/3: 100%|██████████| 1625/1625 [03:34<00:00,  7.65it/s, acc=68.9%, loss=0.805]
                                                                                     
  E2 | train loss=0.7236 acc=68.91% | val loss=0.8356642073297035 acc=64.71651665512732  [9.5 min]
  ✓ new best val acc=64.72%

Epoch 3/3:   0%|          | 0/1625 [00:00<?, ?it/s]
Epoch 3/3:   0%|          | 0/1625 [00:00<?, ?it/s, acc=75.0%, loss=0.622]
Epoch 3/3:   0%|          | 1/1625 [00:00<14:00,  1.93it/s, acc=75.0%, loss=0.622]
Epoch 3/3:   0%|          | 1/1625 [00:00<14:00,  1.93it/s, acc=75.0%, loss=0.559]
Epoch 3/3:   0%|          | 2/1625 [00:00<08:14,  3.28it/s, acc=75.0%, loss=0.559]
Epoch 3/3:   0%|          | 2/1625 [00:00<08:14,  3.28it/s, acc=77.1%, loss=0.438]
Epoch 3/3:   0%|          | 3/1625 [00:00<06:03,  4.46it/s, acc=77.1%, loss=0.438]
Epoch 3/3:   0%|          | 3/1625 [00:00<06:03,  4.46it/s, acc=80.5%, loss=0.328]
Epoch 3/3:   0%|          | 4/1625 [00:00<05:06,  5.30it/s, acc=80.5%, loss=0.328]
Epoch 3/3:   0%|          | 4/1625 [00:01<05:06,  5.30it/s, acc=78.8%, loss=0.641]
Epoch 3/3:   0%|          | 5/1625 [00:01<04:44,  5.70it/s, acc=78.8%, loss=0.641]
Epoch 3/3:   0%|          | 5/1625 [00:01<04:44,  5.70it/s, acc=78.6%, loss=0.589]
Epoch 3/3:   0%|          | 6/1625 [00:01<04:25,  6.09it/s, acc=78.6%, loss=0.589]
Epoch 3/3:   0%|          | 6/1625 [00:01<04:25,  6.09it/s, acc=78.6%, loss=0.465]
Epoch 3/3:   0%|          | 7/1625 [00:01<04:12,  6.42it/s, acc=78.6%, loss=0.465]
Epoch 3/3:   0%|          | 7/1625 [00:01<04:12,  6.42it/s, acc=79.7%, loss=0.481]
Epoch 3/3:   0%|          | 8/1625 [00:01<04:11,  6.42it/s, acc=79.7%, loss=0.481]
Epoch 3/3:   0%|          | 8/1625 [00:01<04:11,  6.42it/s, acc=79.5%, loss=0.425]
Epoch 3/3:   1%|          | 9/1625 [00:01<04:06,  6.55it/s, acc=79.5%, loss=0.425]
Epoch 3/3:   1%|          | 9/1625 [00:01<04:06,  6.55it/s, acc=79.7%, loss=0.476]
Epoch 3/3:   1%|          | 10/1625 [00:01<04:04,  6.61it/s, acc=79.7%, loss=0.476]
Epoch 3/3:   1%|          | 10/1625 [00:01<04:04,  6.61it/s, acc=79.0%, loss=0.568]
Epoch 3/3:   1%|          | 11/1625 [00:01<04:03,  6.64it/s, acc=79.0%, loss=0.568]
Epoch 3/3:   1%|          | 11/1625 [00:02<04:03,  6.64it/s, acc=79.4%, loss=0.455]
Epoch 3/3:   1%|          | 12/1625 [00:02<03:49,  7.04it/s, acc=79.4%, loss=0.455]
Epoch 3/3:   1%|          | 12/1625 [00:02<03:49,  7.04it/s, acc=79.3%, loss=0.555]
Epoch 3/3:   1%|          | 13/1625 [00:02<03:39,  7.36it/s, acc=79.3%, loss=0.555]
Epoch 3/3:   1%|          | 13/1625 [00:02<03:39,  7.36it/s, acc=78.3%, loss=0.872]
Epoch 3/3:   1%|          | 14/1625 [00:02<03:38,  7.37it/s, acc=78.3%, loss=0.872]
Epoch 3/3:   1%|          | 14/1625 [00:02<03:38,  7.37it/s, acc=78.3%, loss=0.498]
Epoch 3/3:   1%|          | 15/1625 [00:02<03:39,  7.34it/s, acc=78.3%, loss=0.498]
Epoch 3/3:   1%|          | 15/1625 [00:02<03:39,  7.34it/s, acc=78.7%, loss=0.454]
Epoch 3/3:   1%|          | 16/1625 [00:02<03:41,  7.28it/s, acc=78.7%, loss=0.454]
Epoch 3/3:   1%|          | 16/1625 [00:02<03:41,  7.28it/s, acc=77.8%, loss=0.702]
Epoch 3/3:   1%|          | 17/1625 [00:02<03:42,  7.23it/s, acc=77.8%, loss=0.702]
Epoch 3/3:   1%|          | 17/1625 [00:02<03:42,  7.23it/s, acc=77.6%, loss=0.589]
Epoch 3/3:   1%|          | 18/1625 [00:02<03:43,  7.20it/s, acc=77.6%, loss=0.589]
Epoch 3/3:   1%|          | 18/1625 [00:03<03:43,  7.20it/s, acc=77.8%, loss=0.479]
Epoch 3/3:   1%|          | 19/1625 [00:03<03:39,  7.33it/s, acc=77.8%, loss=0.479]
Epoch 3/3:   1%|          | 19/1625 [00:03<03:39,  7.33it/s, acc=77.3%, loss=0.619]
Epoch 3/3:   1%|          | 20/1625 [00:03<03:47,  7.07it/s, acc=77.3%, loss=0.619]
Epoch 3/3:   1%|          | 20/1625 [00:03<03:47,  7.07it/s, acc=77.4%, loss=0.639]
Epoch 3/3:   1%|▏         | 21/1625 [00:03<03:39,  7.30it/s, acc=77.4%, loss=0.639]
Epoch 3/3:   1%|▏         | 21/1625 [00:03<03:39,  7.30it/s, acc=77.3%, loss=0.563]
Epoch 3/3:   1%|▏         | 22/1625 [00:03<03:48,  7.01it/s, acc=77.3%, loss=0.563]
Epoch 3/3:   1%|▏         | 22/1625 [00:03<03:48,  7.01it/s, acc=77.4%, loss=0.548]
Epoch 3/3:   1%|▏         | 23/1625 [00:03<03:50,  6.96it/s, acc=77.4%, loss=0.548]
Epoch 3/3:   1%|▏         | 23/1625 [00:03<03:50,  6.96it/s, acc=77.9%, loss=0.341]
Epoch 3/3:   1%|▏         | 24/1625 [00:03<03:43,  7.16it/s, acc=77.9%, loss=0.341]
Epoch 3/3:   1%|▏         | 24/1625 [00:03<03:43,  7.16it/s, acc=77.6%, loss=0.623]
Epoch 3/3:   2%|▏         | 25/1625 [00:03<03:50,  6.93it/s, acc=77.6%, loss=0.623]
Epoch 3/3:   2%|▏         | 25/1625 [00:04<03:50,  6.93it/s, acc=77.6%, loss=0.502]
Epoch 3/3:   2%|▏         | 26/1625 [00:04<03:51,  6.91it/s, acc=77.6%, loss=0.502]
Epoch 3/3:   2%|▏         | 26/1625 [00:04<03:51,  6.91it/s, acc=77.5%, loss=0.598]
Epoch 3/3:   2%|▏         | 27/1625 [00:04<03:59,  6.67it/s, acc=77.5%, loss=0.598]
Epoch 3/3:   2%|▏         | 27/1625 [00:04<03:59,  6.67it/s, acc=77.2%, loss=0.714]
Epoch 3/3:   2%|▏         | 28/1625 [00:04<03:56,  6.75it/s, acc=77.2%, loss=0.714]
Epoch 3/3:   2%|▏         | 28/1625 [00:04<03:56,  6.75it/s, acc=77.3%, loss=0.468]
Epoch 3/3:   2%|▏         | 29/1625 [00:04<03:55,  6.79it/s, acc=77.3%, loss=0.468]
Epoch 3/3:   2%|▏         | 29/1625 [00:04<03:55,  6.79it/s, acc=77.2%, loss=0.506]
Epoch 3/3:   2%|▏         | 30/1625 [00:04<03:40,  7.22it/s, acc=77.2%, loss=0.506]
Epoch 3/3:   2%|▏         | 30/1625 [00:04<03:40,  7.22it/s, acc=77.2%, loss=0.575]
Epoch 3/3:   2%|▏         | 31/1625 [00:04<03:45,  7.06it/s, acc=77.2%, loss=0.575]
Epoch 3/3:   2%|▏         | 31/1625 [00:04<03:45,  7.06it/s, acc=77.1%, loss=0.679]
Epoch 3/3:   2%|▏         | 32/1625 [00:04<03:47,  7.00it/s, acc=77.1%, loss=0.679]
Epoch 3/3:   2%|▏         | 32/1625 [00:05<03:47,  7.00it/s, acc=77.0%, loss=0.652]
Epoch 3/3:   2%|▏         | 33/1625 [00:05<03:43,  7.13it/s, acc=77.0%, loss=0.652]
Epoch 3/3:   2%|▏         | 33/1625 [00:05<03:43,  7.13it/s, acc=77.1%, loss=0.419]
Epoch 3/3:   2%|▏         | 34/1625 [00:05<03:48,  6.97it/s, acc=77.1%, loss=0.419]
Epoch 3/3:   2%|▏         | 34/1625 [00:05<03:48,  6.97it/s, acc=76.7%, loss=0.795]
Epoch 3/3:   2%|▏         | 35/1625 [00:05<03:48,  6.97it/s, acc=76.7%, loss=0.795]
Epoch 3/3:   2%|▏         | 35/1625 [00:05<03:48,  6.97it/s, acc=76.8%, loss=0.531]
Epoch 3/3:   2%|▏         | 36/1625 [00:05<03:46,  7.03it/s, acc=76.8%, loss=0.531]
Epoch 3/3:   2%|▏         | 36/1625 [00:05<03:46,  7.03it/s, acc=77.0%, loss=0.400]
Epoch 3/3:   2%|▏         | 37/1625 [00:05<03:48,  6.94it/s, acc=77.0%, loss=0.400]
Epoch 3/3:   2%|▏         | 37/1625 [00:05<03:48,  6.94it/s, acc=77.2%, loss=0.467]
Epoch 3/3:   2%|▏         | 38/1625 [00:05<03:42,  7.12it/s, acc=77.2%, loss=0.467]
Epoch 3/3:   2%|▏         | 38/1625 [00:05<03:42,  7.12it/s, acc=77.0%, loss=0.692]
Epoch 3/3:   2%|▏         | 39/1625 [00:05<03:42,  7.13it/s, acc=77.0%, loss=0.692]
Epoch 3/3:   2%|▏         | 39/1625 [00:06<03:42,  7.13it/s, acc=77.1%, loss=0.624]
Epoch 3/3:   2%|▏         | 40/1625 [00:06<03:41,  7.15it/s, acc=77.1%, loss=0.624]
Epoch 3/3:   2%|▏         | 40/1625 [00:06<03:41,  7.15it/s, acc=77.2%, loss=0.606]
Epoch 3/3:   3%|▎         | 41/1625 [00:06<03:40,  7.19it/s, acc=77.2%, loss=0.606]
Epoch 3/3:   3%|▎         | 41/1625 [00:06<03:40,  7.19it/s, acc=76.9%, loss=0.692]
Epoch 3/3:   3%|▎         | 42/1625 [00:06<03:46,  6.99it/s, acc=76.9%, loss=0.692]
Epoch 3/3:   3%|▎         | 42/1625 [00:06<03:46,  6.99it/s, acc=76.8%, loss=0.545]
Epoch 3/3:   3%|▎         | 43/1625 [00:06<03:59,  6.60it/s, acc=76.8%, loss=0.545]
Epoch 3/3:   3%|▎         | 43/1625 [00:06<03:59,  6.60it/s, acc=76.9%, loss=0.390]
Epoch 3/3:   3%|▎         | 44/1625 [00:06<04:00,  6.58it/s, acc=76.9%, loss=0.390]
Epoch 3/3:   3%|▎         | 44/1625 [00:06<04:00,  6.58it/s, acc=76.9%, loss=0.476]
Epoch 3/3:   3%|▎         | 45/1625 [00:06<03:49,  6.87it/s, acc=76.9%, loss=0.476]
Epoch 3/3:   3%|▎         | 45/1625 [00:06<03:49,  6.87it/s, acc=76.9%, loss=0.555]
Epoch 3/3:   3%|▎         | 46/1625 [00:06<03:42,  7.10it/s, acc=76.9%, loss=0.555]
Epoch 3/3:   3%|▎         | 46/1625 [00:07<03:42,  7.10it/s, acc=77.3%, loss=0.276]
Epoch 3/3:   3%|▎         | 47/1625 [00:07<03:48,  6.90it/s, acc=77.3%, loss=0.276]
Epoch 3/3:   3%|▎         | 47/1625 [00:07<03:48,  6.90it/s, acc=77.3%, loss=0.543]
Epoch 3/3:   3%|▎         | 48/1625 [00:07<03:39,  7.17it/s, acc=77.3%, loss=0.543]
Epoch 3/3:   3%|▎         | 48/1625 [00:07<03:39,  7.17it/s, acc=77.0%, loss=0.601]
Epoch 3/3:   3%|▎         | 49/1625 [00:07<03:36,  7.28it/s, acc=77.0%, loss=0.601]
Epoch 3/3:   3%|▎         | 49/1625 [00:07<03:36,  7.28it/s, acc=77.2%, loss=0.358]
Epoch 3/3:   3%|▎         | 50/1625 [00:07<03:42,  7.08it/s, acc=77.2%, loss=0.358]
Epoch 3/3:   3%|▎         | 50/1625 [00:07<03:42,  7.08it/s, acc=77.1%, loss=0.765]
Epoch 3/3:   3%|▎         | 51/1625 [00:07<03:43,  7.03it/s, acc=77.1%, loss=0.765]
Epoch 3/3:   3%|▎         | 51/1625 [00:07<03:43,  7.03it/s, acc=76.8%, loss=0.902]
Epoch 3/3:   3%|▎         | 52/1625 [00:07<03:41,  7.11it/s, acc=76.8%, loss=0.902]
Epoch 3/3:   3%|▎         | 52/1625 [00:07<03:41,  7.11it/s, acc=76.9%, loss=0.508]
Epoch 3/3:   3%|▎         | 53/1625 [00:07<03:44,  7.01it/s, acc=76.9%, loss=0.508]
Epoch 3/3:   3%|▎         | 53/1625 [00:08<03:44,  7.01it/s, acc=76.8%, loss=0.655]
Epoch 3/3:   3%|▎         | 54/1625 [00:08<03:47,  6.91it/s, acc=76.8%, loss=0.655]
Epoch 3/3:   3%|▎         | 54/1625 [00:08<03:47,  6.91it/s, acc=76.8%, loss=0.562]
Epoch 3/3:   3%|▎         | 55/1625 [00:08<03:41,  7.09it/s, acc=76.8%, loss=0.562]
Epoch 3/3:   3%|▎         | 55/1625 [00:08<03:41,  7.09it/s, acc=76.8%, loss=0.507]
Epoch 3/3:   3%|▎         | 56/1625 [00:08<03:44,  7.00it/s, acc=76.8%, loss=0.507]
Epoch 3/3:   3%|▎         | 56/1625 [00:08<03:44,  7.00it/s, acc=76.9%, loss=0.443]
Epoch 3/3:   4%|▎         | 57/1625 [00:08<03:48,  6.87it/s, acc=76.9%, loss=0.443]
Epoch 3/3:   4%|▎         | 57/1625 [00:08<03:48,  6.87it/s, acc=76.8%, loss=0.685]
Epoch 3/3:   4%|▎         | 58/1625 [00:08<03:44,  6.98it/s, acc=76.8%, loss=0.685]
Epoch 3/3:   4%|▎         | 58/1625 [00:08<03:44,  6.98it/s, acc=76.9%, loss=0.463]
Epoch 3/3:   4%|▎         | 59/1625 [00:08<03:59,  6.53it/s, acc=76.9%, loss=0.463]
Epoch 3/3:   4%|▎         | 59/1625 [00:08<03:59,  6.53it/s, acc=76.9%, loss=0.404]
Epoch 3/3:   4%|▎         | 60/1625 [00:08<03:47,  6.87it/s, acc=76.9%, loss=0.404]
Epoch 3/3:   4%|▎         | 60/1625 [00:09<03:47,  6.87it/s, acc=76.8%, loss=0.580]
Epoch 3/3:   4%|▍         | 61/1625 [00:09<03:41,  7.05it/s, acc=76.8%, loss=0.580]
Epoch 3/3:   4%|▍         | 61/1625 [00:09<03:41,  7.05it/s, acc=76.9%, loss=0.563]
Epoch 3/3:   4%|▍         | 62/1625 [00:09<03:47,  6.88it/s, acc=76.9%, loss=0.563]
Epoch 3/3:   4%|▍         | 62/1625 [00:09<03:47,  6.88it/s, acc=77.1%, loss=0.479]
Epoch 3/3:   4%|▍         | 63/1625 [00:09<03:46,  6.90it/s, acc=77.1%, loss=0.479]
Epoch 3/3:   4%|▍         | 63/1625 [00:09<03:46,  6.90it/s, acc=77.2%, loss=0.484]
Epoch 3/3:   4%|▍         | 64/1625 [00:09<03:46,  6.90it/s, acc=77.2%, loss=0.484]
Epoch 3/3:   4%|▍         | 64/1625 [00:09<03:46,  6.90it/s, acc=77.3%, loss=0.565]
Epoch 3/3:   4%|▍         | 65/1625 [00:09<03:54,  6.66it/s, acc=77.3%, loss=0.565]
Epoch 3/3:   4%|▍         | 65/1625 [00:09<03:54,  6.66it/s, acc=77.3%, loss=0.474]
Epoch 3/3:   4%|▍         | 66/1625 [00:09<03:46,  6.88it/s, acc=77.3%, loss=0.474]
Epoch 3/3:   4%|▍         | 66/1625 [00:09<03:46,  6.88it/s, acc=77.3%, loss=0.643]
Epoch 3/3:   4%|▍         | 67/1625 [00:09<03:46,  6.89it/s, acc=77.3%, loss=0.643]
Epoch 3/3:   4%|▍         | 67/1625 [00:10<03:46,  6.89it/s, acc=77.3%, loss=0.766]
Epoch 3/3:   4%|▍         | 68/1625 [00:10<03:57,  6.55it/s, acc=77.3%, loss=0.766]
Epoch 3/3:   4%|▍         | 68/1625 [00:10<03:57,  6.55it/s, acc=77.3%, loss=0.399]
Epoch 3/3:   4%|▍         | 69/1625 [00:10<03:44,  6.92it/s, acc=77.3%, loss=0.399]
Epoch 3/3:   4%|▍         | 69/1625 [00:10<03:44,  6.92it/s, acc=77.4%, loss=0.441]
Epoch 3/3:   4%|▍         | 70/1625 [00:10<03:41,  7.01it/s, acc=77.4%, loss=0.441]
Epoch 3/3:   4%|▍         | 70/1625 [00:10<03:41,  7.01it/s, acc=77.3%, loss=0.738]
Epoch 3/3:   4%|▍         | 71/1625 [00:10<03:51,  6.73it/s, acc=77.3%, loss=0.738]
Epoch 3/3:   4%|▍         | 71/1625 [00:10<03:51,  6.73it/s, acc=77.4%, loss=0.574]
Epoch 3/3:   4%|▍         | 72/1625 [00:10<03:41,  7.01it/s, acc=77.4%, loss=0.574]
Epoch 3/3:   4%|▍         | 72/1625 [00:10<03:41,  7.01it/s, acc=77.4%, loss=0.611]
Epoch 3/3:   4%|▍         | 73/1625 [00:10<03:43,  6.96it/s, acc=77.4%, loss=0.611]
Epoch 3/3:   4%|▍         | 73/1625 [00:10<03:43,  6.96it/s, acc=77.3%, loss=0.587]
Epoch 3/3:   5%|▍         | 74/1625 [00:10<03:55,  6.59it/s, acc=77.3%, loss=0.587]
Epoch 3/3:   5%|▍         | 74/1625 [00:11<03:55,  6.59it/s, acc=77.5%, loss=0.402]
Epoch 3/3:   5%|▍         | 75/1625 [00:11<04:00,  6.44it/s, acc=77.5%, loss=0.402]
Epoch 3/3:   5%|▍         | 75/1625 [00:11<04:00,  6.44it/s, acc=77.4%, loss=0.541]
Epoch 3/3:   5%|▍         | 76/1625 [00:11<04:10,  6.18it/s, acc=77.4%, loss=0.541]
Epoch 3/3:   5%|▍         | 76/1625 [00:11<04:10,  6.18it/s, acc=77.4%, loss=0.502]
Epoch 3/3:   5%|▍         | 77/1625 [00:11<03:59,  6.46it/s, acc=77.4%, loss=0.502]
Epoch 3/3:   5%|▍         | 77/1625 [00:11<03:59,  6.46it/s, acc=77.5%, loss=0.437]
Epoch 3/3:   5%|▍         | 78/1625 [00:11<03:50,  6.71it/s, acc=77.5%, loss=0.437]
Epoch 3/3:   5%|▍         | 78/1625 [00:11<03:50,  6.71it/s, acc=77.7%, loss=0.293]
Epoch 3/3:   5%|▍         | 79/1625 [00:11<03:57,  6.52it/s, acc=77.7%, loss=0.293]
Epoch 3/3:   5%|▍         | 79/1625 [00:11<03:57,  6.52it/s, acc=77.7%, loss=0.564]
Epoch 3/3:   5%|▍         | 80/1625 [00:11<03:43,  6.90it/s, acc=77.7%, loss=0.564]
Epoch 3/3:   5%|▍         | 80/1625 [00:12<03:43,  6.90it/s, acc=77.7%, loss=0.398]
Epoch 3/3:   5%|▍         | 81/1625 [00:12<03:41,  6.96it/s, acc=77.7%, loss=0.398]
Epoch 3/3:   5%|▍         | 81/1625 [00:12<03:41,  6.96it/s, acc=77.8%, loss=0.448]
Epoch 3/3:   5%|▌         | 82/1625 [00:12<03:46,  6.81it/s, acc=77.8%, loss=0.448]
Epoch 3/3:   5%|▌         | 82/1625 [00:12<03:46,  6.81it/s, acc=77.7%, loss=0.462]
Epoch 3/3:   5%|▌         | 83/1625 [00:12<03:42,  6.93it/s, acc=77.7%, loss=0.462]
Epoch 3/3:   5%|▌         | 83/1625 [00:12<03:42,  6.93it/s, acc=77.7%, loss=0.463]
Epoch 3/3:   5%|▌         | 84/1625 [00:12<03:39,  7.01it/s, acc=77.7%, loss=0.463]
Epoch 3/3:   5%|▌         | 84/1625 [00:12<03:39,  7.01it/s, acc=77.8%, loss=0.510]
Epoch 3/3:   5%|▌         | 85/1625 [00:12<03:53,  6.60it/s, acc=77.8%, loss=0.510]
Epoch 3/3:   5%|▌         | 85/1625 [00:12<03:53,  6.60it/s, acc=77.8%, loss=0.504]
Epoch 3/3:   5%|▌         | 86/1625 [00:12<03:43,  6.89it/s, acc=77.8%, loss=0.504]
Epoch 3/3:   5%|▌         | 86/1625 [00:12<03:43,  6.89it/s, acc=77.8%, loss=0.682]
Epoch 3/3:   5%|▌         | 87/1625 [00:12<03:41,  6.95it/s, acc=77.8%, loss=0.682]
Epoch 3/3:   5%|▌         | 87/1625 [00:13<03:41,  6.95it/s, acc=77.9%, loss=0.244]
Epoch 3/3:   5%|▌         | 88/1625 [00:13<03:54,  6.56it/s, acc=77.9%, loss=0.244]
Epoch 3/3:   5%|▌         | 88/1625 [00:13<03:54,  6.56it/s, acc=77.8%, loss=0.732]
Epoch 3/3:   5%|▌         | 89/1625 [00:13<03:38,  7.03it/s, acc=77.8%, loss=0.732]
Epoch 3/3:   5%|▌         | 89/1625 [00:13<03:38,  7.03it/s, acc=77.8%, loss=0.500]
Epoch 3/3:   6%|▌         | 90/1625 [00:13<03:37,  7.05it/s, acc=77.8%, loss=0.500]
Epoch 3/3:   6%|▌         | 90/1625 [00:13<03:37,  7.05it/s, acc=77.8%, loss=0.622]
Epoch 3/3:   6%|▌         | 91/1625 [00:13<03:49,  6.69it/s, acc=77.8%, loss=0.622]
Epoch 3/3:   6%|▌         | 91/1625 [00:13<03:49,  6.69it/s, acc=77.9%, loss=0.496]
Epoch 3/3:   6%|▌         | 92/1625 [00:13<03:49,  6.68it/s, acc=77.9%, loss=0.496]
Epoch 3/3:   6%|▌         | 92/1625 [00:13<03:49,  6.68it/s, acc=77.7%, loss=0.760]
Epoch 3/3:   6%|▌         | 93/1625 [00:13<04:05,  6.24it/s, acc=77.7%, loss=0.760]
Epoch 3/3:   6%|▌         | 93/1625 [00:13<04:05,  6.24it/s, acc=77.8%, loss=0.514]
Epoch 3/3:   6%|▌         | 94/1625 [00:13<03:53,  6.54it/s, acc=77.8%, loss=0.514]
Epoch 3/3:   6%|▌         | 94/1625 [00:14<03:53,  6.54it/s, acc=77.8%, loss=0.315]
Epoch 3/3:   6%|▌         | 95/1625 [00:14<03:49,  6.68it/s, acc=77.8%, loss=0.315]
Epoch 3/3:   6%|▌         | 95/1625 [00:14<03:49,  6.68it/s, acc=77.8%, loss=0.616]
Epoch 3/3:   6%|▌         | 96/1625 [00:14<03:54,  6.52it/s, acc=77.8%, loss=0.616]
Epoch 3/3:   6%|▌         | 96/1625 [00:14<03:54,  6.52it/s, acc=77.8%, loss=0.659]
Epoch 3/3:   6%|▌         | 97/1625 [00:14<03:44,  6.80it/s, acc=77.8%, loss=0.659]
Epoch 3/3:   6%|▌         | 97/1625 [00:14<03:44,  6.80it/s, acc=77.9%, loss=0.485]
Epoch 3/3:   6%|▌         | 98/1625 [00:14<03:43,  6.84it/s, acc=77.9%, loss=0.485]
Epoch 3/3:   6%|▌         | 98/1625 [00:14<03:43,  6.84it/s, acc=77.9%, loss=0.318]
Epoch 3/3:   6%|▌         | 99/1625 [00:14<03:48,  6.68it/s, acc=77.9%, loss=0.318]
Epoch 3/3:   6%|▌         | 99/1625 [00:14<03:48,  6.68it/s, acc=77.9%, loss=0.573]
Epoch 3/3:   6%|▌         | 100/1625 [00:14<03:41,  6.89it/s, acc=77.9%, loss=0.573]
Epoch 3/3:   6%|▌         | 100/1625 [00:14<03:41,  6.89it/s, acc=77.9%, loss=0.506]
Epoch 3/3:   6%|▌         | 101/1625 [00:14<03:33,  7.15it/s, acc=77.9%, loss=0.506]
Epoch 3/3:   6%|▌         | 101/1625 [00:15<03:33,  7.15it/s, acc=77.9%, loss=0.565]
Epoch 3/3:   6%|▋         | 102/1625 [00:15<03:24,  7.47it/s, acc=77.9%, loss=0.565]
Epoch 3/3:   6%|▋         | 102/1625 [00:15<03:24,  7.47it/s, acc=78.1%, loss=0.332]
Epoch 3/3:   6%|▋         | 103/1625 [00:15<03:38,  6.97it/s, acc=78.1%, loss=0.332]
Epoch 3/3:   6%|▋         | 103/1625 [00:15<03:38,  6.97it/s, acc=78.0%, loss=0.620]
Epoch 3/3:   6%|▋         | 104/1625 [00:15<03:26,  7.36it/s, acc=78.0%, loss=0.620]
Epoch 3/3:   6%|▋         | 104/1625 [00:15<03:26,  7.36it/s, acc=78.1%, loss=0.450]
Epoch 3/3:   6%|▋         | 105/1625 [00:15<03:26,  7.37it/s, acc=78.1%, loss=0.450]
Epoch 3/3:   6%|▋         | 105/1625 [00:15<03:26,  7.37it/s, acc=78.1%, loss=0.478]
Epoch 3/3:   7%|▋         | 106/1625 [00:15<03:34,  7.07it/s, acc=78.1%, loss=0.478]
Epoch 3/3:   7%|▋         | 106/1625 [00:15<03:34,  7.07it/s, acc=78.1%, loss=0.630]
Epoch 3/3:   7%|▋         | 107/1625 [00:15<03:32,  7.15it/s, acc=78.1%, loss=0.630]
Epoch 3/3:   7%|▋         | 107/1625 [00:15<03:32,  7.15it/s, acc=78.1%, loss=0.492]
Epoch 3/3:   7%|▋         | 108/1625 [00:15<03:32,  7.13it/s, acc=78.1%, loss=0.492]
Epoch 3/3:   7%|▋         | 108/1625 [00:16<03:32,  7.13it/s, acc=78.1%, loss=0.417]
Epoch 3/3:   7%|▋         | 109/1625 [00:16<03:49,  6.61it/s, acc=78.1%, loss=0.417]
Epoch 3/3:   7%|▋         | 109/1625 [00:16<03:49,  6.61it/s, acc=78.1%, loss=0.802]
Epoch 3/3:   7%|▋         | 110/1625 [00:16<03:46,  6.70it/s, acc=78.1%, loss=0.802]
Epoch 3/3:   7%|▋         | 110/1625 [00:16<03:46,  6.70it/s, acc=78.0%, loss=0.659]
Epoch 3/3:   7%|▋         | 111/1625 [00:16<03:36,  6.98it/s, acc=78.0%, loss=0.659]
Epoch 3/3:   7%|▋         | 111/1625 [00:16<03:36,  6.98it/s, acc=77.8%, loss=0.809]
Epoch 3/3:   7%|▋         | 112/1625 [00:16<03:28,  7.25it/s, acc=77.8%, loss=0.809]
Epoch 3/3:   7%|▋         | 112/1625 [00:16<03:28,  7.25it/s, acc=77.9%, loss=0.430]
Epoch 3/3:   7%|▋         | 113/1625 [00:16<03:29,  7.21it/s, acc=77.9%, loss=0.430]
Epoch 3/3:   7%|▋         | 113/1625 [00:16<03:29,  7.21it/s, acc=77.7%, loss=0.827]
Epoch 3/3:   7%|▋         | 114/1625 [00:16<03:41,  6.83it/s, acc=77.7%, loss=0.827]
Epoch 3/3:   7%|▋         | 114/1625 [00:16<03:41,  6.83it/s, acc=77.7%, loss=0.762]
Epoch 3/3:   7%|▋         | 115/1625 [00:16<03:32,  7.09it/s, acc=77.7%, loss=0.762]
Epoch 3/3:   7%|▋         | 115/1625 [00:17<03:32,  7.09it/s, acc=77.7%, loss=0.581]
Epoch 3/3:   7%|▋         | 116/1625 [00:17<03:32,  7.10it/s, acc=77.7%, loss=0.581]
Epoch 3/3:   7%|▋         | 116/1625 [00:17<03:32,  7.10it/s, acc=77.8%, loss=0.376]
Epoch 3/3:   7%|▋         | 117/1625 [00:17<03:41,  6.81it/s, acc=77.8%, loss=0.376]
Epoch 3/3:   7%|▋         | 117/1625 [00:17<03:41,  6.81it/s, acc=77.8%, loss=0.504]
Epoch 3/3:   7%|▋         | 118/1625 [00:17<03:35,  6.99it/s, acc=77.8%, loss=0.504]
Epoch 3/3:   7%|▋         | 118/1625 [00:17<03:35,  6.99it/s, acc=77.8%, loss=0.489]
Epoch 3/3:   7%|▋         | 119/1625 [00:17<03:34,  7.02it/s, acc=77.8%, loss=0.489]
Epoch 3/3:   7%|▋         | 119/1625 [00:17<03:34,  7.02it/s, acc=78.0%, loss=0.282]
Epoch 3/3:   7%|▋         | 120/1625 [00:17<03:45,  6.68it/s, acc=78.0%, loss=0.282]
Epoch 3/3:   7%|▋         | 120/1625 [00:17<03:45,  6.68it/s, acc=77.9%, loss=0.681]
Epoch 3/3:   7%|▋         | 121/1625 [00:17<03:35,  6.98it/s, acc=77.9%, loss=0.681]
Epoch 3/3:   7%|▋         | 121/1625 [00:17<03:35,  6.98it/s, acc=77.8%, loss=0.839]
Epoch 3/3:   8%|▊         | 122/1625 [00:17<03:35,  6.97it/s, acc=77.8%, loss=0.839]
Epoch 3/3:   8%|▊         | 122/1625 [00:18<03:35,  6.97it/s, acc=77.7%, loss=0.599]
Epoch 3/3:   8%|▊         | 123/1625 [00:18<03:47,  6.60it/s, acc=77.7%, loss=0.599]
Epoch 3/3:   8%|▊         | 123/1625 [00:18<03:47,  6.60it/s, acc=77.7%, loss=0.621]
Epoch 3/3:   8%|▊         | 124/1625 [00:18<03:35,  6.97it/s, acc=77.7%, loss=0.621]
Epoch 3/3:   8%|▊         | 124/1625 [00:18<03:35,  6.97it/s, acc=77.7%, loss=0.656]
Epoch 3/3:   8%|▊         | 125/1625 [00:18<03:46,  6.61it/s, acc=77.7%, loss=0.656]
Epoch 3/3:   8%|▊         | 125/1625 [00:18<03:46,  6.61it/s, acc=77.7%, loss=0.386]
Epoch 3/3:   8%|▊         | 126/1625 [00:18<03:35,  6.96it/s, acc=77.7%, loss=0.386]
Epoch 3/3:   8%|▊         | 126/1625 [00:18<03:35,  6.96it/s, acc=77.7%, loss=0.679]
Epoch 3/3:   8%|▊         | 127/1625 [00:18<03:28,  7.17it/s, acc=77.7%, loss=0.679]
Epoch 3/3:   8%|▊         | 127/1625 [00:18<03:28,  7.17it/s, acc=77.7%, loss=0.605]
Epoch 3/3:   8%|▊         | 128/1625 [00:18<03:20,  7.46it/s, acc=77.7%, loss=0.605]
Epoch 3/3:   8%|▊         | 128/1625 [00:18<03:20,  7.46it/s, acc=77.7%, loss=0.657]
Epoch 3/3:   8%|▊         | 129/1625 [00:18<03:34,  6.98it/s, acc=77.7%, loss=0.657]
Epoch 3/3:   8%|▊         | 129/1625 [00:19<03:34,  6.98it/s, acc=77.8%, loss=0.385]
Epoch 3/3:   8%|▊         | 130/1625 [00:19<03:22,  7.39it/s, acc=77.8%, loss=0.385]
Epoch 3/3:   8%|▊         | 130/1625 [00:19<03:22,  7.39it/s, acc=77.8%, loss=0.571]
Epoch 3/3:   8%|▊         | 131/1625 [00:19<03:23,  7.36it/s, acc=77.8%, loss=0.571]
Epoch 3/3:   8%|▊         | 131/1625 [00:19<03:23,  7.36it/s, acc=77.7%, loss=0.728]
Epoch 3/3:   8%|▊         | 132/1625 [00:19<03:34,  6.95it/s, acc=77.7%, loss=0.728]
Epoch 3/3:   8%|▊         | 132/1625 [00:19<03:34,  6.95it/s, acc=77.7%, loss=0.453]
Epoch 3/3:   8%|▊         | 133/1625 [00:19<03:28,  7.15it/s, acc=77.7%, loss=0.453]
Epoch 3/3:   8%|▊         | 133/1625 [00:19<03:28,  7.15it/s, acc=77.8%, loss=0.347]
Epoch 3/3:   8%|▊         | 134/1625 [00:19<03:29,  7.12it/s, acc=77.8%, loss=0.347]
Epoch 3/3:   8%|▊         | 134/1625 [00:19<03:29,  7.12it/s, acc=77.7%, loss=0.679]
Epoch 3/3:   8%|▊         | 135/1625 [00:19<03:40,  6.77it/s, acc=77.7%, loss=0.679]
Epoch 3/3:   8%|▊         | 135/1625 [00:19<03:40,  6.77it/s, acc=77.7%, loss=0.491]
Epoch 3/3:   8%|▊         | 136/1625 [00:19<03:31,  7.05it/s, acc=77.7%, loss=0.491]
Epoch 3/3:   8%|▊         | 136/1625 [00:20<03:31,  7.05it/s, acc=77.8%, loss=0.428]
Epoch 3/3:   8%|▊         | 137/1625 [00:20<03:31,  7.04it/s, acc=77.8%, loss=0.428]
Epoch 3/3:   8%|▊         | 137/1625 [00:20<03:31,  7.04it/s, acc=77.7%, loss=0.609]
Epoch 3/3:   8%|▊         | 138/1625 [00:20<03:39,  6.77it/s, acc=77.7%, loss=0.609]
Epoch 3/3:   8%|▊         | 138/1625 [00:20<03:39,  6.77it/s, acc=77.8%, loss=0.448]
Epoch 3/3:   9%|▊         | 139/1625 [00:20<03:33,  6.97it/s, acc=77.8%, loss=0.448]
Epoch 3/3:   9%|▊         | 139/1625 [00:20<03:33,  6.97it/s, acc=77.7%, loss=0.980]
Epoch 3/3:   9%|▊         | 140/1625 [00:20<03:32,  6.97it/s, acc=77.7%, loss=0.980]
Epoch 3/3:   9%|▊         | 140/1625 [00:20<03:32,  6.97it/s, acc=77.7%, loss=0.491]
Epoch 3/3:   9%|▊         | 141/1625 [00:20<03:45,  6.58it/s, acc=77.7%, loss=0.491]
Epoch 3/3:   9%|▊         | 141/1625 [00:20<03:45,  6.58it/s, acc=77.7%, loss=0.544]
Epoch 3/3:   9%|▊         | 142/1625 [00:20<03:53,  6.34it/s, acc=77.7%, loss=0.544]
Epoch 3/3:   9%|▊         | 142/1625 [00:21<03:53,  6.34it/s, acc=77.7%, loss=0.728]
Epoch 3/3:   9%|▉         | 143/1625 [00:21<03:49,  6.45it/s, acc=77.7%, loss=0.728]
Epoch 3/3:   9%|▉         | 143/1625 [00:21<03:49,  6.45it/s, acc=77.7%, loss=0.494]
Epoch 3/3:   9%|▉         | 144/1625 [00:21<03:44,  6.60it/s, acc=77.7%, loss=0.494]
Epoch 3/3:   9%|▉         | 144/1625 [00:21<03:44,  6.60it/s, acc=77.8%, loss=0.455]
Epoch 3/3:   9%|▉         | 145/1625 [00:21<03:41,  6.70it/s, acc=77.8%, loss=0.455]
Epoch 3/3:   9%|▉         | 145/1625 [00:21<03:41,  6.70it/s, acc=77.8%, loss=0.500]
Epoch 3/3:   9%|▉         | 146/1625 [00:21<03:49,  6.43it/s, acc=77.8%, loss=0.500]
Epoch 3/3:   9%|▉         | 146/1625 [00:21<03:49,  6.43it/s, acc=77.8%, loss=0.526]
Epoch 3/3:   9%|▉         | 147/1625 [00:21<03:36,  6.82it/s, acc=77.8%, loss=0.526]
Epoch 3/3:   9%|▉         | 147/1625 [00:21<03:36,  6.82it/s, acc=77.7%, loss=0.733]
Epoch 3/3:   9%|▉         | 148/1625 [00:21<03:34,  6.89it/s, acc=77.7%, loss=0.733]
Epoch 3/3:   9%|▉         | 148/1625 [00:21<03:34,  6.89it/s, acc=77.7%, loss=0.733]
Epoch 3/3:   9%|▉         | 149/1625 [00:21<03:41,  6.66it/s, acc=77.7%, loss=0.733]
Epoch 3/3:   9%|▉         | 149/1625 [00:22<03:41,  6.66it/s, acc=77.7%, loss=0.562]
Epoch 3/3:   9%|▉         | 150/1625 [00:22<03:33,  6.92it/s, acc=77.7%, loss=0.562]
Epoch 3/3:   9%|▉         | 150/1625 [00:22<03:33,  6.92it/s, acc=77.7%, loss=0.559]
Epoch 3/3:   9%|▉         | 151/1625 [00:22<03:33,  6.92it/s, acc=77.7%, loss=0.559]
Epoch 3/3:   9%|▉         | 151/1625 [00:22<03:33,  6.92it/s, acc=77.8%, loss=0.413]
Epoch 3/3:   9%|▉         | 152/1625 [00:22<03:42,  6.63it/s, acc=77.8%, loss=0.413]
Epoch 3/3:   9%|▉         | 152/1625 [00:22<03:42,  6.63it/s, acc=77.8%, loss=0.319]
Epoch 3/3:   9%|▉         | 153/1625 [00:22<03:32,  6.94it/s, acc=77.8%, loss=0.319]
Epoch 3/3:   9%|▉         | 153/1625 [00:22<03:32,  6.94it/s, acc=77.8%, loss=0.509]
Epoch 3/3:   9%|▉         | 154/1625 [00:22<03:30,  6.98it/s, acc=77.8%, loss=0.509]
Epoch 3/3:   9%|▉         | 154/1625 [00:22<03:30,  6.98it/s, acc=77.8%, loss=0.431]
Epoch 3/3:  10%|▉         | 155/1625 [00:22<03:41,  6.65it/s, acc=77.8%, loss=0.431]
Epoch 3/3:  10%|▉         | 155/1625 [00:22<03:41,  6.65it/s, acc=77.9%, loss=0.493]
Epoch 3/3:  10%|▉         | 156/1625 [00:22<03:31,  6.94it/s, acc=77.9%, loss=0.493]
Epoch 3/3:  10%|▉         | 156/1625 [00:23<03:31,  6.94it/s, acc=77.8%, loss=0.586]
Epoch 3/3:  10%|▉         | 157/1625 [00:23<03:30,  6.98it/s, acc=77.8%, loss=0.586]
Epoch 3/3:  10%|▉         | 157/1625 [00:23<03:30,  6.98it/s, acc=77.9%, loss=0.390]
Epoch 3/3:  10%|▉         | 158/1625 [00:23<03:31,  6.93it/s, acc=77.9%, loss=0.390]
Epoch 3/3:  10%|▉         | 158/1625 [00:23<03:31,  6.93it/s, acc=77.9%, loss=0.682]
Epoch 3/3:  10%|▉         | 159/1625 [00:23<03:30,  6.96it/s, acc=77.9%, loss=0.682]
Epoch 3/3:  10%|▉         | 159/1625 [00:23<03:30,  6.96it/s, acc=77.8%, loss=0.671]
Epoch 3/3:  10%|▉         | 160/1625 [00:23<03:16,  7.44it/s, acc=77.8%, loss=0.671]
Epoch 3/3:  10%|▉         | 160/1625 [00:23<03:16,  7.44it/s, acc=77.9%, loss=0.567]
Epoch 3/3:  10%|▉         | 161/1625 [00:23<03:17,  7.42it/s, acc=77.9%, loss=0.567]
Epoch 3/3:  10%|▉         | 161/1625 [00:23<03:17,  7.42it/s, acc=77.9%, loss=0.509]
Epoch 3/3:  10%|▉         | 162/1625 [00:23<03:33,  6.87it/s, acc=77.9%, loss=0.509]
Epoch 3/3:  10%|▉         | 162/1625 [00:23<03:33,  6.87it/s, acc=77.9%, loss=0.446]
Epoch 3/3:  10%|█         | 163/1625 [00:23<03:22,  7.21it/s, acc=77.9%, loss=0.446]
Epoch 3/3:  10%|█         | 163/1625 [00:24<03:22,  7.21it/s, acc=78.0%, loss=0.305]
Epoch 3/3:  10%|█         | 164/1625 [00:24<03:21,  7.25it/s, acc=78.0%, loss=0.305]
Epoch 3/3:  10%|█         | 164/1625 [00:24<03:21,  7.25it/s, acc=78.0%, loss=0.512]
Epoch 3/3:  10%|█         | 165/1625 [00:24<03:33,  6.85it/s, acc=78.0%, loss=0.512]
Epoch 3/3:  10%|█         | 165/1625 [00:24<03:33,  6.85it/s, acc=77.9%, loss=0.676]
Epoch 3/3:  10%|█         | 166/1625 [00:24<03:22,  7.19it/s, acc=77.9%, loss=0.676]
Epoch 3/3:  10%|█         | 166/1625 [00:24<03:22,  7.19it/s, acc=77.9%, loss=0.501]
Epoch 3/3:  10%|█         | 167/1625 [00:24<03:24,  7.14it/s, acc=77.9%, loss=0.501]
Epoch 3/3:  10%|█         | 167/1625 [00:24<03:24,  7.14it/s, acc=77.9%, loss=0.515]
Epoch 3/3:  10%|█         | 168/1625 [00:24<03:31,  6.88it/s, acc=77.9%, loss=0.515]
Epoch 3/3:  10%|█         | 168/1625 [00:24<03:31,  6.88it/s, acc=78.0%, loss=0.404]
Epoch 3/3:  10%|█         | 169/1625 [00:24<03:27,  7.02it/s, acc=78.0%, loss=0.404]
Epoch 3/3:  10%|█         | 169/1625 [00:24<03:27,  7.02it/s, acc=77.9%, loss=0.522]
Epoch 3/3:  10%|█         | 170/1625 [00:24<03:28,  6.96it/s, acc=77.9%, loss=0.522]
Epoch 3/3:  10%|█         | 170/1625 [00:25<03:28,  6.96it/s, acc=78.0%, loss=0.494]
Epoch 3/3:  11%|█         | 171/1625 [00:25<03:31,  6.86it/s, acc=78.0%, loss=0.494]
Epoch 3/3:  11%|█         | 171/1625 [00:25<03:31,  6.86it/s, acc=77.9%, loss=0.575]
Epoch 3/3:  11%|█         | 172/1625 [00:25<03:29,  6.94it/s, acc=77.9%, loss=0.575]
Epoch 3/3:  11%|█         | 172/1625 [00:25<03:29,  6.94it/s, acc=78.0%, loss=0.506]
Epoch 3/3:  11%|█         | 173/1625 [00:25<03:33,  6.79it/s, acc=78.0%, loss=0.506]
Epoch 3/3:  11%|█         | 173/1625 [00:25<03:33,  6.79it/s, acc=78.0%, loss=0.567]
Epoch 3/3:  11%|█         | 174/1625 [00:25<03:49,  6.33it/s, acc=78.0%, loss=0.567]
Epoch 3/3:  11%|█         | 174/1625 [00:25<03:49,  6.33it/s, acc=77.9%, loss=0.591]
Epoch 3/3:  11%|█         | 175/1625 [00:25<03:30,  6.89it/s, acc=77.9%, loss=0.591]
Epoch 3/3:  11%|█         | 175/1625 [00:25<03:30,  6.89it/s, acc=77.9%, loss=0.643]
Epoch 3/3:  11%|█         | 176/1625 [00:25<03:25,  7.05it/s, acc=77.9%, loss=0.643]
Epoch 3/3:  11%|█         | 176/1625 [00:25<03:25,  7.05it/s, acc=77.8%, loss=0.603]
Epoch 3/3:  11%|█         | 177/1625 [00:25<03:25,  7.03it/s, acc=77.8%, loss=0.603]
Epoch 3/3:  11%|█         | 177/1625 [00:26<03:25,  7.03it/s, acc=77.8%, loss=0.441]
Epoch 3/3:  11%|█         | 178/1625 [00:26<03:25,  7.02it/s, acc=77.8%, loss=0.441]
Epoch 3/3:  11%|█         | 178/1625 [00:26<03:25,  7.02it/s, acc=77.7%, loss=0.586]
Epoch 3/3:  11%|█         | 179/1625 [00:26<03:19,  7.25it/s, acc=77.7%, loss=0.586]
Epoch 3/3:  11%|█         | 179/1625 [00:26<03:19,  7.25it/s, acc=77.7%, loss=0.800]
Epoch 3/3:  11%|█         | 180/1625 [00:26<03:21,  7.16it/s, acc=77.7%, loss=0.800]
Epoch 3/3:  11%|█         | 180/1625 [00:26<03:21,  7.16it/s, acc=77.7%, loss=0.719]
Epoch 3/3:  11%|█         | 181/1625 [00:26<03:24,  7.05it/s, acc=77.7%, loss=0.719]
Epoch 3/3:  11%|█         | 181/1625 [00:26<03:24,  7.05it/s, acc=77.7%, loss=0.264]
Epoch 3/3:  11%|█         | 182/1625 [00:26<03:19,  7.25it/s, acc=77.7%, loss=0.264]
Epoch 3/3:  11%|█         | 182/1625 [00:26<03:19,  7.25it/s, acc=77.7%, loss=0.816]
Epoch 3/3:  11%|█▏        | 183/1625 [00:26<03:21,  7.17it/s, acc=77.7%, loss=0.816]
Epoch 3/3:  11%|█▏        | 183/1625 [00:26<03:21,  7.17it/s, acc=77.7%, loss=0.558]
Epoch 3/3:  11%|█▏        | 184/1625 [00:26<03:21,  7.14it/s, acc=77.7%, loss=0.558]
Epoch 3/3:  11%|█▏        | 184/1625 [00:27<03:21,  7.14it/s, acc=77.7%, loss=0.405]
Epoch 3/3:  11%|█▏        | 185/1625 [00:27<03:17,  7.29it/s, acc=77.7%, loss=0.405]
Epoch 3/3:  11%|█▏        | 185/1625 [00:27<03:17,  7.29it/s, acc=77.7%, loss=0.578]
Epoch 3/3:  11%|█▏        | 186/1625 [00:27<03:18,  7.24it/s, acc=77.7%, loss=0.578]
Epoch 3/3:  11%|█▏        | 186/1625 [00:27<03:18,  7.24it/s, acc=77.7%, loss=0.490]
Epoch 3/3:  12%|█▏        | 187/1625 [00:27<03:26,  6.97it/s, acc=77.7%, loss=0.490]
Epoch 3/3:  12%|█▏        | 187/1625 [00:27<03:26,  6.97it/s, acc=77.7%, loss=0.536]
Epoch 3/3:  12%|█▏        | 188/1625 [00:27<03:31,  6.79it/s, acc=77.7%, loss=0.536]
Epoch 3/3:  12%|█▏        | 188/1625 [00:27<03:31,  6.79it/s, acc=77.7%, loss=0.446]
Epoch 3/3:  12%|█▏        | 189/1625 [00:27<03:31,  6.80it/s, acc=77.7%, loss=0.446]
Epoch 3/3:  12%|█▏        | 189/1625 [00:27<03:31,  6.80it/s, acc=77.7%, loss=0.880]
Epoch 3/3:  12%|█▏        | 190/1625 [00:27<03:31,  6.77it/s, acc=77.7%, loss=0.880]
Epoch 3/3:  12%|█▏        | 190/1625 [00:27<03:31,  6.77it/s, acc=77.7%, loss=0.403]
Epoch 3/3:  12%|█▏        | 191/1625 [00:27<03:17,  7.28it/s, acc=77.7%, loss=0.403]
Epoch 3/3:  12%|█▏        | 191/1625 [00:28<03:17,  7.28it/s, acc=77.8%, loss=0.381]
Epoch 3/3:  12%|█▏        | 192/1625 [00:28<03:12,  7.45it/s, acc=77.8%, loss=0.381]
Epoch 3/3:  12%|█▏        | 192/1625 [00:28<03:12,  7.45it/s, acc=77.8%, loss=0.314]
Epoch 3/3:  12%|█▏        | 193/1625 [00:28<03:13,  7.40it/s, acc=77.8%, loss=0.314]
Epoch 3/3:  12%|█▏        | 193/1625 [00:28<03:13,  7.40it/s, acc=77.8%, loss=0.550]
Epoch 3/3:  12%|█▏        | 194/1625 [00:28<03:10,  7.50it/s, acc=77.8%, loss=0.550]
Epoch 3/3:  12%|█▏        | 194/1625 [00:28<03:10,  7.50it/s, acc=77.9%, loss=0.407]
Epoch 3/3:  12%|█▏        | 195/1625 [00:28<03:11,  7.47it/s, acc=77.9%, loss=0.407]
Epoch 3/3:  12%|█▏        | 195/1625 [00:28<03:11,  7.47it/s, acc=77.9%, loss=0.604]
Epoch 3/3:  12%|█▏        | 196/1625 [00:28<03:19,  7.15it/s, acc=77.9%, loss=0.604]
Epoch 3/3:  12%|█▏        | 196/1625 [00:28<03:19,  7.15it/s, acc=77.9%, loss=0.419]
Epoch 3/3:  12%|█▏        | 197/1625 [00:28<03:22,  7.06it/s, acc=77.9%, loss=0.419]
Epoch 3/3:  12%|█▏        | 197/1625 [00:28<03:22,  7.06it/s, acc=77.9%, loss=0.549]
Epoch 3/3:  12%|█▏        | 198/1625 [00:28<03:20,  7.13it/s, acc=77.9%, loss=0.549]
Epoch 3/3:  12%|█▏        | 198/1625 [00:29<03:20,  7.13it/s, acc=77.9%, loss=0.676]
Epoch 3/3:  12%|█▏        | 199/1625 [00:29<03:24,  6.97it/s, acc=77.9%, loss=0.676]
Epoch 3/3:  12%|█▏        | 199/1625 [00:29<03:24,  6.97it/s, acc=78.0%, loss=0.317]
Epoch 3/3:  12%|█▏        | 200/1625 [00:29<03:26,  6.90it/s, acc=78.0%, loss=0.317]
Epoch 3/3:  12%|█▏        | 200/1625 [00:29<03:26,  6.90it/s, acc=78.0%, loss=0.520]
Epoch 3/3:  12%|█▏        | 201/1625 [00:29<03:22,  7.04it/s, acc=78.0%, loss=0.520]
Epoch 3/3:  12%|█▏        | 201/1625 [00:29<03:22,  7.04it/s, acc=77.9%, loss=0.664]
Epoch 3/3:  12%|█▏        | 202/1625 [00:29<03:26,  6.91it/s, acc=77.9%, loss=0.664]
Epoch 3/3:  12%|█▏        | 202/1625 [00:29<03:26,  6.91it/s, acc=77.9%, loss=0.318]
Epoch 3/3:  12%|█▏        | 203/1625 [00:29<03:27,  6.86it/s, acc=77.9%, loss=0.318]
Epoch 3/3:  12%|█▏        | 203/1625 [00:29<03:27,  6.86it/s, acc=78.0%, loss=0.308]
Epoch 3/3:  13%|█▎        | 204/1625 [00:29<03:23,  6.99it/s, acc=78.0%, loss=0.308]
Epoch 3/3:  13%|█▎        | 204/1625 [00:29<03:23,  6.99it/s, acc=78.0%, loss=0.727]
Epoch 3/3:  13%|█▎        | 205/1625 [00:29<03:25,  6.90it/s, acc=78.0%, loss=0.727]
Epoch 3/3:  13%|█▎        | 205/1625 [00:30<03:25,  6.90it/s, acc=78.0%, loss=0.522]
Epoch 3/3:  13%|█▎        | 206/1625 [00:30<03:28,  6.81it/s, acc=78.0%, loss=0.522]
Epoch 3/3:  13%|█▎        | 206/1625 [00:30<03:28,  6.81it/s, acc=78.0%, loss=0.335]
Epoch 3/3:  13%|█▎        | 207/1625 [00:30<03:22,  7.01it/s, acc=78.0%, loss=0.335]
Epoch 3/3:  13%|█▎        | 207/1625 [00:30<03:22,  7.01it/s, acc=78.1%, loss=0.337]
Epoch 3/3:  13%|█▎        | 208/1625 [00:30<03:33,  6.65it/s, acc=78.1%, loss=0.337]
Epoch 3/3:  13%|█▎        | 208/1625 [00:30<03:33,  6.65it/s, acc=78.1%, loss=0.635]
Epoch 3/3:  13%|█▎        | 209/1625 [00:30<03:17,  7.18it/s, acc=78.1%, loss=0.635]
Epoch 3/3:  13%|█▎        | 209/1625 [00:30<03:17,  7.18it/s, acc=78.0%, loss=0.590]
Epoch 3/3:  13%|█▎        | 210/1625 [00:30<03:10,  7.41it/s, acc=78.0%, loss=0.590]
Epoch 3/3:  13%|█▎        | 210/1625 [00:30<03:10,  7.41it/s, acc=78.0%, loss=0.831]
Epoch 3/3:  13%|█▎        | 211/1625 [00:30<03:13,  7.30it/s, acc=78.0%, loss=0.831]
Epoch 3/3:  13%|█▎        | 211/1625 [00:30<03:13,  7.30it/s, acc=78.0%, loss=0.520]
Epoch 3/3:  13%|█▎        | 212/1625 [00:30<03:20,  7.06it/s, acc=78.0%, loss=0.520]
Epoch 3/3:  13%|█▎        | 212/1625 [00:30<03:20,  7.06it/s, acc=78.0%, loss=0.516]
Epoch 3/3:  13%|█▎        | 213/1625 [00:30<03:16,  7.19it/s, acc=78.0%, loss=0.516]
Epoch 3/3:  13%|█▎        | 213/1625 [00:31<03:16,  7.19it/s, acc=78.0%, loss=0.604]
Epoch 3/3:  13%|█▎        | 214/1625 [00:31<03:15,  7.21it/s, acc=78.0%, loss=0.604]
Epoch 3/3:  13%|█▎        | 214/1625 [00:31<03:15,  7.21it/s, acc=78.0%, loss=0.547]
Epoch 3/3:  13%|█▎        | 215/1625 [00:31<03:22,  6.96it/s, acc=78.0%, loss=0.547]
Epoch 3/3:  13%|█▎        | 215/1625 [00:31<03:22,  6.96it/s, acc=78.0%, loss=0.608]
Epoch 3/3:  13%|█▎        | 216/1625 [00:31<03:16,  7.16it/s, acc=78.0%, loss=0.608]
Epoch 3/3:  13%|█▎        | 216/1625 [00:31<03:16,  7.16it/s, acc=78.0%, loss=0.644]
Epoch 3/3:  13%|█▎        | 217/1625 [00:31<03:18,  7.10it/s, acc=78.0%, loss=0.644]
Epoch 3/3:  13%|█▎        | 217/1625 [00:31<03:18,  7.10it/s, acc=77.9%, loss=0.642]
Epoch 3/3:  13%|█▎        | 218/1625 [00:31<03:19,  7.06it/s, acc=77.9%, loss=0.642]
Epoch 3/3:  13%|█▎        | 218/1625 [00:31<03:19,  7.06it/s, acc=77.9%, loss=0.585]
Epoch 3/3:  13%|█▎        | 219/1625 [00:31<03:15,  7.20it/s, acc=77.9%, loss=0.585]
Epoch 3/3:  13%|█▎        | 219/1625 [00:31<03:15,  7.20it/s, acc=77.9%, loss=0.495]
Epoch 3/3:  14%|█▎        | 220/1625 [00:31<03:12,  7.28it/s, acc=77.9%, loss=0.495]
Epoch 3/3:  14%|█▎        | 220/1625 [00:32<03:12,  7.28it/s, acc=77.9%, loss=0.575]
Epoch 3/3:  14%|█▎        | 221/1625 [00:32<03:21,  6.96it/s, acc=77.9%, loss=0.575]
Epoch 3/3:  14%|█▎        | 221/1625 [00:32<03:21,  6.96it/s, acc=77.8%, loss=0.873]
Epoch 3/3:  14%|█▎        | 222/1625 [00:32<03:15,  7.18it/s, acc=77.8%, loss=0.873]
Epoch 3/3:  14%|█▎        | 222/1625 [00:32<03:15,  7.18it/s, acc=77.9%, loss=0.483]
Epoch 3/3:  14%|█▎        | 223/1625 [00:32<03:20,  7.01it/s, acc=77.9%, loss=0.483]
Epoch 3/3:  14%|█▎        | 223/1625 [00:32<03:20,  7.01it/s, acc=77.9%, loss=0.642]
Epoch 3/3:  14%|█▍        | 224/1625 [00:32<03:24,  6.84it/s, acc=77.9%, loss=0.642]
Epoch 3/3:  14%|█▍        | 224/1625 [00:32<03:24,  6.84it/s, acc=77.9%, loss=0.593]
Epoch 3/3:  14%|█▍        | 225/1625 [00:32<03:14,  7.21it/s, acc=77.9%, loss=0.593]
Epoch 3/3:  14%|█▍        | 225/1625 [00:32<03:14,  7.21it/s, acc=77.9%, loss=0.685]
Epoch 3/3:  14%|█▍        | 226/1625 [00:32<03:06,  7.52it/s, acc=77.9%, loss=0.685]
Epoch 3/3:  14%|█▍        | 226/1625 [00:32<03:06,  7.52it/s, acc=77.8%, loss=0.683]
Epoch 3/3:  14%|█▍        | 227/1625 [00:32<03:09,  7.38it/s, acc=77.8%, loss=0.683]
Epoch 3/3:  14%|█▍        | 227/1625 [00:33<03:09,  7.38it/s, acc=77.8%, loss=0.570]
Epoch 3/3:  14%|█▍        | 228/1625 [00:33<03:16,  7.11it/s, acc=77.8%, loss=0.570]
Epoch 3/3:  14%|█▍        | 228/1625 [00:33<03:16,  7.11it/s, acc=77.8%, loss=0.573]
Epoch 3/3:  14%|█▍        | 229/1625 [00:33<03:11,  7.27it/s, acc=77.8%, loss=0.573]
Epoch 3/3:  14%|█▍        | 229/1625 [00:33<03:11,  7.27it/s, acc=77.8%, loss=0.562]
Epoch 3/3:  14%|█▍        | 230/1625 [00:33<03:21,  6.92it/s, acc=77.8%, loss=0.562]
Epoch 3/3:  14%|█▍        | 230/1625 [00:33<03:21,  6.92it/s, acc=77.8%, loss=0.540]
Epoch 3/3:  14%|█▍        | 231/1625 [00:33<03:20,  6.95it/s, acc=77.8%, loss=0.540]
Epoch 3/3:  14%|█▍        | 231/1625 [00:33<03:20,  6.95it/s, acc=77.8%, loss=0.430]
Epoch 3/3:  14%|█▍        | 232/1625 [00:33<03:14,  7.17it/s, acc=77.8%, loss=0.430]
Epoch 3/3:  14%|█▍        | 232/1625 [00:33<03:14,  7.17it/s, acc=77.8%, loss=0.517]
Epoch 3/3:  14%|█▍        | 233/1625 [00:33<03:22,  6.89it/s, acc=77.8%, loss=0.517]
Epoch 3/3:  14%|█▍        | 233/1625 [00:33<03:22,  6.89it/s, acc=77.8%, loss=0.728]
Epoch 3/3:  14%|█▍        | 234/1625 [00:33<03:19,  6.99it/s, acc=77.8%, loss=0.728]
Epoch 3/3:  14%|█▍        | 234/1625 [00:34<03:19,  6.99it/s, acc=77.7%, loss=0.730]
Epoch 3/3:  14%|█▍        | 235/1625 [00:34<03:16,  7.09it/s, acc=77.7%, loss=0.730]
Epoch 3/3:  14%|█▍        | 235/1625 [00:34<03:16,  7.09it/s, acc=77.7%, loss=0.493]
Epoch 3/3:  15%|█▍        | 236/1625 [00:34<03:15,  7.12it/s, acc=77.7%, loss=0.493]
Epoch 3/3:  15%|█▍        | 236/1625 [00:34<03:15,  7.12it/s, acc=77.7%, loss=0.612]
Epoch 3/3:  15%|█▍        | 237/1625 [00:34<03:06,  7.43it/s, acc=77.7%, loss=0.612]
Epoch 3/3:  15%|█▍        | 237/1625 [00:34<03:06,  7.43it/s, acc=77.7%, loss=0.465]
Epoch 3/3:  15%|█▍        | 238/1625 [00:34<03:10,  7.28it/s, acc=77.7%, loss=0.465]
Epoch 3/3:  15%|█▍        | 238/1625 [00:34<03:10,  7.28it/s, acc=77.7%, loss=0.603]
Epoch 3/3:  15%|█▍        | 239/1625 [00:34<03:20,  6.93it/s, acc=77.7%, loss=0.603]
Epoch 3/3:  15%|█▍        | 239/1625 [00:34<03:20,  6.93it/s, acc=77.7%, loss=0.675]
Epoch 3/3:  15%|█▍        | 240/1625 [00:34<03:27,  6.66it/s, acc=77.7%, loss=0.675]
Epoch 3/3:  15%|█▍        | 240/1625 [00:34<03:27,  6.66it/s, acc=77.7%, loss=0.407]
Epoch 3/3:  15%|█▍        | 241/1625 [00:34<03:21,  6.87it/s, acc=77.7%, loss=0.407]
Epoch 3/3:  15%|█▍        | 241/1625 [00:35<03:21,  6.87it/s, acc=77.8%, loss=0.536]
Epoch 3/3:  15%|█▍        | 242/1625 [00:35<03:20,  6.89it/s, acc=77.8%, loss=0.536]
Epoch 3/3:  15%|█▍        | 242/1625 [00:35<03:20,  6.89it/s, acc=77.8%, loss=0.411]
Epoch 3/3:  15%|█▍        | 243/1625 [00:35<03:11,  7.22it/s, acc=77.8%, loss=0.411]
Epoch 3/3:  15%|█▍        | 243/1625 [00:35<03:11,  7.22it/s, acc=77.7%, loss=0.690]
Epoch 3/3:  15%|█▌        | 244/1625 [00:35<03:12,  7.19it/s, acc=77.7%, loss=0.690]
Epoch 3/3:  15%|█▌        | 244/1625 [00:35<03:12,  7.19it/s, acc=77.8%, loss=0.323]
Epoch 3/3:  15%|█▌        | 245/1625 [00:35<03:20,  6.90it/s, acc=77.8%, loss=0.323]
Epoch 3/3:  15%|█▌        | 245/1625 [00:35<03:20,  6.90it/s, acc=77.8%, loss=0.460]
Epoch 3/3:  15%|█▌        | 246/1625 [00:35<03:10,  7.25it/s, acc=77.8%, loss=0.460]
Epoch 3/3:  15%|█▌        | 246/1625 [00:35<03:10,  7.25it/s, acc=77.7%, loss=0.822]
Epoch 3/3:  15%|█▌        | 247/1625 [00:35<03:10,  7.22it/s, acc=77.7%, loss=0.822]
Epoch 3/3:  15%|█▌        | 247/1625 [00:35<03:10,  7.22it/s, acc=77.8%, loss=0.495]
Epoch 3/3:  15%|█▌        | 248/1625 [00:35<03:15,  7.06it/s, acc=77.8%, loss=0.495]
Epoch 3/3:  15%|█▌        | 248/1625 [00:36<03:15,  7.06it/s, acc=77.8%, loss=0.513]
Epoch 3/3:  15%|█▌        | 249/1625 [00:36<03:14,  7.08it/s, acc=77.8%, loss=0.513]
Epoch 3/3:  15%|█▌        | 249/1625 [00:36<03:14,  7.08it/s, acc=77.8%, loss=0.536]
Epoch 3/3:  15%|█▌        | 250/1625 [00:36<03:11,  7.17it/s, acc=77.8%, loss=0.536]
Epoch 3/3:  15%|█▌        | 250/1625 [00:36<03:11,  7.17it/s, acc=77.8%, loss=0.366]
Epoch 3/3:  15%|█▌        | 251/1625 [00:36<03:15,  7.03it/s, acc=77.8%, loss=0.366]
Epoch 3/3:  15%|█▌        | 251/1625 [00:36<03:15,  7.03it/s, acc=77.8%, loss=0.675]
Epoch 3/3:  16%|█▌        | 252/1625 [00:36<03:16,  6.98it/s, acc=77.8%, loss=0.675]
Epoch 3/3:  16%|█▌        | 252/1625 [00:36<03:16,  6.98it/s, acc=77.8%, loss=0.577]
Epoch 3/3:  16%|█▌        | 253/1625 [00:36<03:12,  7.12it/s, acc=77.8%, loss=0.577]
Epoch 3/3:  16%|█▌        | 253/1625 [00:36<03:12,  7.12it/s, acc=77.8%, loss=0.563]
Epoch 3/3:  16%|█▌        | 254/1625 [00:36<03:19,  6.88it/s, acc=77.8%, loss=0.563]
Epoch 3/3:  16%|█▌        | 254/1625 [00:36<03:19,  6.88it/s, acc=77.7%, loss=0.574]
Epoch 3/3:  16%|█▌        | 255/1625 [00:36<03:21,  6.78it/s, acc=77.7%, loss=0.574]
Epoch 3/3:  16%|█▌        | 255/1625 [00:37<03:21,  6.78it/s, acc=77.8%, loss=0.461]
Epoch 3/3:  16%|█▌        | 256/1625 [00:37<03:31,  6.48it/s, acc=77.8%, loss=0.461]
Epoch 3/3:  16%|█▌        | 256/1625 [00:37<03:31,  6.48it/s, acc=77.7%, loss=0.500]
Epoch 3/3:  16%|█▌        | 257/1625 [00:37<03:18,  6.89it/s, acc=77.7%, loss=0.500]
Epoch 3/3:  16%|█▌        | 257/1625 [00:37<03:18,  6.89it/s, acc=77.7%, loss=0.580]
Epoch 3/3:  16%|█▌        | 258/1625 [00:37<03:08,  7.24it/s, acc=77.7%, loss=0.580]
Epoch 3/3:  16%|█▌        | 258/1625 [00:37<03:08,  7.24it/s, acc=77.8%, loss=0.445]
Epoch 3/3:  16%|█▌        | 259/1625 [00:37<03:02,  7.47it/s, acc=77.8%, loss=0.445]
Epoch 3/3:  16%|█▌        | 259/1625 [00:37<03:02,  7.47it/s, acc=77.7%, loss=0.553]
Epoch 3/3:  16%|█▌        | 260/1625 [00:37<03:17,  6.91it/s, acc=77.7%, loss=0.553]
Epoch 3/3:  16%|█▌        | 260/1625 [00:37<03:17,  6.91it/s, acc=77.8%, loss=0.648]
Epoch 3/3:  16%|█▌        | 261/1625 [00:37<03:10,  7.16it/s, acc=77.8%, loss=0.648]
Epoch 3/3:  16%|█▌        | 261/1625 [00:37<03:10,  7.16it/s, acc=77.7%, loss=0.675]
Epoch 3/3:  16%|█▌        | 262/1625 [00:37<03:09,  7.19it/s, acc=77.7%, loss=0.675]
Epoch 3/3:  16%|█▌        | 262/1625 [00:38<03:09,  7.19it/s, acc=77.8%, loss=0.462]
Epoch 3/3:  16%|█▌        | 263/1625 [00:38<03:22,  6.73it/s, acc=77.8%, loss=0.462]
Epoch 3/3:  16%|█▌        | 263/1625 [00:38<03:22,  6.73it/s, acc=77.8%, loss=0.438]
Epoch 3/3:  16%|█▌        | 264/1625 [00:38<03:13,  7.02it/s, acc=77.8%, loss=0.438]
Epoch 3/3:  16%|█▌        | 264/1625 [00:38<03:13,  7.02it/s, acc=77.8%, loss=0.457]
Epoch 3/3:  16%|█▋        | 265/1625 [00:38<03:12,  7.06it/s, acc=77.8%, loss=0.457]
Epoch 3/3:  16%|█▋        | 265/1625 [00:38<03:12,  7.06it/s, acc=77.8%, loss=0.691]
Epoch 3/3:  16%|█▋        | 266/1625 [00:38<03:21,  6.74it/s, acc=77.8%, loss=0.691]
Epoch 3/3:  16%|█▋        | 266/1625 [00:38<03:21,  6.74it/s, acc=77.8%, loss=0.372]
Epoch 3/3:  16%|█▋        | 267/1625 [00:38<03:10,  7.12it/s, acc=77.8%, loss=0.372]
Epoch 3/3:  16%|█▋        | 267/1625 [00:38<03:10,  7.12it/s, acc=77.8%, loss=0.421]
Epoch 3/3:  16%|█▋        | 268/1625 [00:38<03:09,  7.16it/s, acc=77.8%, loss=0.421]
Epoch 3/3:  16%|█▋        | 268/1625 [00:38<03:09,  7.16it/s, acc=77.8%, loss=0.479]
Epoch 3/3:  17%|█▋        | 269/1625 [00:38<03:18,  6.84it/s, acc=77.8%, loss=0.479]
Epoch 3/3:  17%|█▋        | 269/1625 [00:39<03:18,  6.84it/s, acc=77.8%, loss=0.510]
Epoch 3/3:  17%|█▋        | 270/1625 [00:39<03:11,  7.08it/s, acc=77.8%, loss=0.510]
Epoch 3/3:  17%|█▋        | 270/1625 [00:39<03:11,  7.08it/s, acc=77.8%, loss=0.607]
Epoch 3/3:  17%|█▋        | 271/1625 [00:39<03:10,  7.10it/s, acc=77.8%, loss=0.607]
Epoch 3/3:  17%|█▋        | 271/1625 [00:39<03:10,  7.10it/s, acc=77.8%, loss=0.554]
Epoch 3/3:  17%|█▋        | 272/1625 [00:39<03:19,  6.78it/s, acc=77.8%, loss=0.554]
Epoch 3/3:  17%|█▋        | 272/1625 [00:39<03:19,  6.78it/s, acc=77.8%, loss=0.529]
Epoch 3/3:  17%|█▋        | 273/1625 [00:39<03:16,  6.87it/s, acc=77.8%, loss=0.529]
Epoch 3/3:  17%|█▋        | 273/1625 [00:39<03:16,  6.87it/s, acc=77.9%, loss=0.252]
Epoch 3/3:  17%|█▋        | 274/1625 [00:39<03:11,  7.04it/s, acc=77.9%, loss=0.252]
Epoch 3/3:  17%|█▋        | 274/1625 [00:39<03:11,  7.04it/s, acc=77.9%, loss=0.568]
Epoch 3/3:  17%|█▋        | 275/1625 [00:39<03:14,  6.93it/s, acc=77.9%, loss=0.568]
Epoch 3/3:  17%|█▋        | 275/1625 [00:39<03:14,  6.93it/s, acc=77.9%, loss=0.418]
Epoch 3/3:  17%|█▋        | 276/1625 [00:39<03:12,  7.02it/s, acc=77.9%, loss=0.418]
Epoch 3/3:  17%|█▋        | 276/1625 [00:40<03:12,  7.02it/s, acc=77.8%, loss=0.868]
Epoch 3/3:  17%|█▋        | 277/1625 [00:40<03:07,  7.18it/s, acc=77.8%, loss=0.868]
Epoch 3/3:  17%|█▋        | 277/1625 [00:40<03:07,  7.18it/s, acc=77.8%, loss=0.770]
Epoch 3/3:  17%|█▋        | 278/1625 [00:40<03:12,  7.01it/s, acc=77.8%, loss=0.770]
Epoch 3/3:  17%|█▋        | 278/1625 [00:40<03:12,  7.01it/s, acc=77.8%, loss=0.485]
Epoch 3/3:  17%|█▋        | 279/1625 [00:40<03:14,  6.92it/s, acc=77.8%, loss=0.485]
Epoch 3/3:  17%|█▋        | 279/1625 [00:40<03:14,  6.92it/s, acc=77.8%, loss=0.323]
Epoch 3/3:  17%|█▋        | 280/1625 [00:40<03:11,  7.02it/s, acc=77.8%, loss=0.323]
Epoch 3/3:  17%|█▋        | 280/1625 [00:40<03:11,  7.02it/s, acc=77.9%, loss=0.383]
Epoch 3/3:  17%|█▋        | 281/1625 [00:40<03:15,  6.89it/s, acc=77.9%, loss=0.383]
Epoch 3/3:  17%|█▋        | 281/1625 [00:40<03:15,  6.89it/s, acc=77.9%, loss=0.610]
Epoch 3/3:  17%|█▋        | 282/1625 [00:40<03:16,  6.84it/s, acc=77.9%, loss=0.610]
Epoch 3/3:  17%|█▋        | 282/1625 [00:40<03:16,  6.84it/s, acc=77.9%, loss=0.438]
Epoch 3/3:  17%|█▋        | 283/1625 [00:40<03:11,  7.00it/s, acc=77.9%, loss=0.438]
Epoch 3/3:  17%|█▋        | 283/1625 [00:41<03:11,  7.00it/s, acc=77.9%, loss=0.494]
Epoch 3/3:  17%|█▋        | 284/1625 [00:41<03:13,  6.94it/s, acc=77.9%, loss=0.494]
Epoch 3/3:  17%|█▋        | 284/1625 [00:41<03:13,  6.94it/s, acc=77.9%, loss=0.611]
Epoch 3/3:  18%|█▊        | 285/1625 [00:41<03:14,  6.89it/s, acc=77.9%, loss=0.611]
Epoch 3/3:  18%|█▊        | 285/1625 [00:41<03:14,  6.89it/s, acc=77.9%, loss=0.547]
Epoch 3/3:  18%|█▊        | 286/1625 [00:41<03:09,  7.07it/s, acc=77.9%, loss=0.547]
Epoch 3/3:  18%|█▊        | 286/1625 [00:41<03:09,  7.07it/s, acc=77.9%, loss=0.513]
Epoch 3/3:  18%|█▊        | 287/1625 [00:41<03:16,  6.82it/s, acc=77.9%, loss=0.513]
Epoch 3/3:  18%|█▊        | 287/1625 [00:41<03:16,  6.82it/s, acc=77.9%, loss=0.615]
Epoch 3/3:  18%|█▊        | 288/1625 [00:41<03:15,  6.83it/s, acc=77.9%, loss=0.615]
Epoch 3/3:  18%|█▊        | 288/1625 [00:41<03:15,  6.83it/s, acc=77.9%, loss=0.478]
Epoch 3/3:  18%|█▊        | 289/1625 [00:41<03:26,  6.47it/s, acc=77.9%, loss=0.478]
Epoch 3/3:  18%|█▊        | 289/1625 [00:41<03:26,  6.47it/s, acc=77.9%, loss=0.451]
Epoch 3/3:  18%|█▊        | 290/1625 [00:41<03:14,  6.86it/s, acc=77.9%, loss=0.451]
Epoch 3/3:  18%|█▊        | 290/1625 [00:42<03:14,  6.86it/s, acc=77.9%, loss=0.494]
Epoch 3/3:  18%|█▊        | 291/1625 [00:42<03:13,  6.90it/s, acc=77.9%, loss=0.494]
Epoch 3/3:  18%|█▊        | 291/1625 [00:42<03:13,  6.90it/s, acc=78.0%, loss=0.454]
Epoch 3/3:  18%|█▊        | 292/1625 [00:42<03:07,  7.12it/s, acc=78.0%, loss=0.454]
Epoch 3/3:  18%|█▊        | 292/1625 [00:42<03:07,  7.12it/s, acc=78.0%, loss=0.433]
Epoch 3/3:  18%|█▊        | 293/1625 [00:42<03:41,  6.01it/s, acc=78.0%, loss=0.433]
Epoch 3/3:  18%|█▊        | 293/1625 [00:42<03:41,  6.01it/s, acc=77.9%, loss=0.695]
Epoch 3/3:  18%|█▊        | 294/1625 [00:42<04:04,  5.45it/s, acc=77.9%, loss=0.695]
Epoch 3/3:  18%|█▊        | 294/1625 [00:42<04:04,  5.45it/s, acc=78.0%, loss=0.578]
Epoch 3/3:  18%|█▊        | 295/1625 [00:42<04:06,  5.40it/s, acc=78.0%, loss=0.578]
Epoch 3/3:  18%|█▊        | 295/1625 [00:43<04:06,  5.40it/s, acc=78.0%, loss=0.489]
Epoch 3/3:  18%|█▊        | 296/1625 [00:43<04:18,  5.14it/s, acc=78.0%, loss=0.489]
Epoch 3/3:  18%|█▊        | 296/1625 [00:43<04:18,  5.14it/s, acc=77.9%, loss=0.908]
Epoch 3/3:  18%|█▊        | 297/1625 [00:43<04:23,  5.04it/s, acc=77.9%, loss=0.908]
Epoch 3/3:  18%|█▊        | 297/1625 [00:43<04:23,  5.04it/s, acc=77.9%, loss=0.628]
Epoch 3/3:  18%|█▊        | 298/1625 [00:43<04:00,  5.52it/s, acc=77.9%, loss=0.628]
Epoch 3/3:  18%|█▊        | 298/1625 [00:43<04:00,  5.52it/s, acc=77.9%, loss=0.358]
Epoch 3/3:  18%|█▊        | 299/1625 [00:43<03:45,  5.88it/s, acc=77.9%, loss=0.358]
Epoch 3/3:  18%|█▊        | 299/1625 [00:43<03:45,  5.88it/s, acc=77.9%, loss=0.793]
Epoch 3/3:  18%|█▊        | 300/1625 [00:43<03:36,  6.11it/s, acc=77.9%, loss=0.793]
Epoch 3/3:  18%|█▊        | 300/1625 [00:43<03:36,  6.11it/s, acc=77.9%, loss=0.347]
Epoch 3/3:  19%|█▊        | 301/1625 [00:43<03:55,  5.62it/s, acc=77.9%, loss=0.347]
Epoch 3/3:  19%|█▊        | 301/1625 [00:44<03:55,  5.62it/s, acc=78.0%, loss=0.379]
Epoch 3/3:  19%|█▊        | 302/1625 [00:44<03:45,  5.86it/s, acc=78.0%, loss=0.379]
Epoch 3/3:  19%|█▊        | 302/1625 [00:44<03:45,  5.86it/s, acc=78.0%, loss=0.471]
Epoch 3/3:  19%|█▊        | 303/1625 [00:44<03:33,  6.19it/s, acc=78.0%, loss=0.471]
Epoch 3/3:  19%|█▊        | 303/1625 [00:44<03:33,  6.19it/s, acc=78.0%, loss=0.831]
Epoch 3/3:  19%|█▊        | 304/1625 [00:44<03:23,  6.48it/s, acc=78.0%, loss=0.831]
Epoch 3/3:  19%|█▊        | 304/1625 [00:44<03:23,  6.48it/s, acc=78.0%, loss=0.456]
Epoch 3/3:  19%|█▉        | 305/1625 [00:44<03:08,  7.01it/s, acc=78.0%, loss=0.456]
Epoch 3/3:  19%|█▉        | 305/1625 [00:44<03:08,  7.01it/s, acc=78.0%, loss=0.379]
Epoch 3/3:  19%|█▉        | 306/1625 [00:44<03:12,  6.84it/s, acc=78.0%, loss=0.379]
Epoch 3/3:  19%|█▉        | 306/1625 [00:44<03:12,  6.84it/s, acc=78.0%, loss=0.534]
Epoch 3/3:  19%|█▉        | 307/1625 [00:44<03:08,  7.00it/s, acc=78.0%, loss=0.534]
Epoch 3/3:  19%|█▉        | 307/1625 [00:44<03:08,  7.00it/s, acc=78.0%, loss=0.557]
Epoch 3/3:  19%|█▉        | 308/1625 [00:44<03:11,  6.88it/s, acc=78.0%, loss=0.557]
Epoch 3/3:  19%|█▉        | 308/1625 [00:45<03:11,  6.88it/s, acc=78.0%, loss=0.345]
Epoch 3/3:  19%|█▉        | 309/1625 [00:45<03:20,  6.56it/s, acc=78.0%, loss=0.345]
Epoch 3/3:  19%|█▉        | 309/1625 [00:45<03:20,  6.56it/s, acc=78.1%, loss=0.391]
Epoch 3/3:  19%|█▉        | 310/1625 [00:45<03:28,  6.30it/s, acc=78.1%, loss=0.391]
Epoch 3/3:  19%|█▉        | 310/1625 [00:45<03:28,  6.30it/s, acc=78.1%, loss=0.436]
Epoch 3/3:  19%|█▉        | 311/1625 [00:45<03:24,  6.44it/s, acc=78.1%, loss=0.436]
Epoch 3/3:  19%|█▉        | 311/1625 [00:45<03:24,  6.44it/s, acc=78.0%, loss=0.572]
Epoch 3/3:  19%|█▉        | 312/1625 [00:45<03:15,  6.72it/s, acc=78.0%, loss=0.572]
Epoch 3/3:  19%|█▉        | 312/1625 [00:45<03:15,  6.72it/s, acc=78.0%, loss=0.716]
Epoch 3/3:  19%|█▉        | 313/1625 [00:45<03:07,  7.00it/s, acc=78.0%, loss=0.716]
Epoch 3/3:  19%|█▉        | 313/1625 [00:45<03:07,  7.00it/s, acc=78.0%, loss=0.514]
Epoch 3/3:  19%|█▉        | 314/1625 [00:45<02:58,  7.35it/s, acc=78.0%, loss=0.514]
Epoch 3/3:  19%|█▉        | 314/1625 [00:45<02:58,  7.35it/s, acc=78.0%, loss=0.454]
Epoch 3/3:  19%|█▉        | 315/1625 [00:45<02:51,  7.62it/s, acc=78.0%, loss=0.454]
Epoch 3/3:  19%|█▉        | 315/1625 [00:46<02:51,  7.62it/s, acc=78.0%, loss=0.696]
Epoch 3/3:  19%|█▉        | 316/1625 [00:46<02:56,  7.41it/s, acc=78.0%, loss=0.696]
Epoch 3/3:  19%|█▉        | 316/1625 [00:46<02:56,  7.41it/s, acc=78.0%, loss=0.549]
Epoch 3/3:  20%|█▉        | 317/1625 [00:46<03:43,  5.84it/s, acc=78.0%, loss=0.549]
Epoch 3/3:  20%|█▉        | 317/1625 [00:46<03:43,  5.84it/s, acc=78.0%, loss=0.408]
Epoch 3/3:  20%|█▉        | 318/1625 [00:46<03:38,  5.98it/s, acc=78.0%, loss=0.408]
Epoch 3/3:  20%|█▉        | 318/1625 [00:46<03:38,  5.98it/s, acc=78.0%, loss=0.577]
Epoch 3/3:  20%|█▉        | 319/1625 [00:46<03:24,  6.39it/s, acc=78.0%, loss=0.577]
Epoch 3/3:  20%|█▉        | 319/1625 [00:46<03:24,  6.39it/s, acc=78.0%, loss=0.584]
Epoch 3/3:  20%|█▉        | 320/1625 [00:46<03:07,  6.95it/s, acc=78.0%, loss=0.584]
Epoch 3/3:  20%|█▉        | 320/1625 [00:46<03:07,  6.95it/s, acc=78.0%, loss=0.504]
Epoch 3/3:  20%|█▉        | 321/1625 [00:46<03:05,  7.02it/s, acc=78.0%, loss=0.504]
Epoch 3/3:  20%|█▉        | 321/1625 [00:47<03:05,  7.02it/s, acc=78.0%, loss=0.651]
Epoch 3/3:  20%|█▉        | 322/1625 [00:47<03:02,  7.14it/s, acc=78.0%, loss=0.651]
Epoch 3/3:  20%|█▉        | 322/1625 [00:47<03:02,  7.14it/s, acc=77.9%, loss=0.760]
Epoch 3/3:  20%|█▉        | 323/1625 [00:47<03:05,  7.01it/s, acc=77.9%, loss=0.760]
Epoch 3/3:  20%|█▉        | 323/1625 [00:47<03:05,  7.01it/s, acc=77.9%, loss=0.399]
Epoch 3/3:  20%|█▉        | 324/1625 [00:47<03:01,  7.19it/s, acc=77.9%, loss=0.399]
Epoch 3/3:  20%|█▉        | 324/1625 [00:47<03:01,  7.19it/s, acc=77.9%, loss=0.537]
Epoch 3/3:  20%|██        | 325/1625 [00:47<03:03,  7.08it/s, acc=77.9%, loss=0.537]
Epoch 3/3:  20%|██        | 325/1625 [00:47<03:03,  7.08it/s, acc=78.0%, loss=0.247]
Epoch 3/3:  20%|██        | 326/1625 [00:47<02:59,  7.23it/s, acc=78.0%, loss=0.247]
Epoch 3/3:  20%|██        | 326/1625 [00:47<02:59,  7.23it/s, acc=78.0%, loss=0.622]
Epoch 3/3:  20%|██        | 327/1625 [00:47<03:00,  7.18it/s, acc=78.0%, loss=0.622]
Epoch 3/3:  20%|██        | 327/1625 [00:47<03:00,  7.18it/s, acc=78.0%, loss=0.387]
Epoch 3/3:  20%|██        | 328/1625 [00:47<03:02,  7.10it/s, acc=78.0%, loss=0.387]
Epoch 3/3:  20%|██        | 328/1625 [00:47<03:02,  7.10it/s, acc=78.1%, loss=0.340]
Epoch 3/3:  20%|██        | 329/1625 [00:47<02:58,  7.26it/s, acc=78.1%, loss=0.340]
Epoch 3/3:  20%|██        | 329/1625 [00:48<02:58,  7.26it/s, acc=78.1%, loss=0.434]
Epoch 3/3:  20%|██        | 330/1625 [00:48<02:56,  7.33it/s, acc=78.1%, loss=0.434]
Epoch 3/3:  20%|██        | 330/1625 [00:48<02:56,  7.33it/s, acc=78.1%, loss=0.381]
Epoch 3/3:  20%|██        | 331/1625 [00:48<02:50,  7.59it/s, acc=78.1%, loss=0.381]
Epoch 3/3:  20%|██        | 331/1625 [00:48<02:50,  7.59it/s, acc=78.0%, loss=0.733]
Epoch 3/3:  20%|██        | 332/1625 [00:48<02:46,  7.76it/s, acc=78.0%, loss=0.733]
Epoch 3/3:  20%|██        | 332/1625 [00:48<02:46,  7.76it/s, acc=78.0%, loss=0.662]
Epoch 3/3:  20%|██        | 333/1625 [00:48<02:43,  7.91it/s, acc=78.0%, loss=0.662]
Epoch 3/3:  20%|██        | 333/1625 [00:48<02:43,  7.91it/s, acc=78.1%, loss=0.324]
Epoch 3/3:  21%|██        | 334/1625 [00:48<02:48,  7.68it/s, acc=78.1%, loss=0.324]
Epoch 3/3:  21%|██        | 334/1625 [00:48<02:48,  7.68it/s, acc=78.1%, loss=0.541]
Epoch 3/3:  21%|██        | 335/1625 [00:48<02:47,  7.69it/s, acc=78.1%, loss=0.541]
Epoch 3/3:  21%|██        | 335/1625 [00:48<02:47,  7.69it/s, acc=78.1%, loss=0.490]
Epoch 3/3:  21%|██        | 336/1625 [00:48<02:47,  7.69it/s, acc=78.1%, loss=0.490]
Epoch 3/3:  21%|██        | 336/1625 [00:49<02:47,  7.69it/s, acc=78.1%, loss=0.351]
Epoch 3/3:  21%|██        | 337/1625 [00:49<02:49,  7.59it/s, acc=78.1%, loss=0.351]
Epoch 3/3:  21%|██        | 337/1625 [00:49<02:49,  7.59it/s, acc=78.1%, loss=0.521]
Epoch 3/3:  21%|██        | 338/1625 [00:49<03:03,  7.02it/s, acc=78.1%, loss=0.521]
Epoch 3/3:  21%|██        | 338/1625 [00:49<03:03,  7.02it/s, acc=78.0%, loss=0.932]
Epoch 3/3:  21%|██        | 339/1625 [00:49<03:09,  6.79it/s, acc=78.0%, loss=0.932]
Epoch 3/3:  21%|██        | 339/1625 [00:49<03:09,  6.79it/s, acc=78.0%, loss=0.855]
Epoch 3/3:  21%|██        | 340/1625 [00:49<03:16,  6.53it/s, acc=78.0%, loss=0.855]
Epoch 3/3:  21%|██        | 340/1625 [00:49<03:16,  6.53it/s, acc=78.0%, loss=0.724]
Epoch 3/3:  21%|██        | 341/1625 [00:49<03:24,  6.29it/s, acc=78.0%, loss=0.724]
Epoch 3/3:  21%|██        | 341/1625 [00:49<03:24,  6.29it/s, acc=78.0%, loss=0.579]
Epoch 3/3:  21%|██        | 342/1625 [00:49<03:23,  6.30it/s, acc=78.0%, loss=0.579]
Epoch 3/3:  21%|██        | 342/1625 [00:49<03:23,  6.30it/s, acc=78.0%, loss=0.478]
Epoch 3/3:  21%|██        | 343/1625 [00:49<03:20,  6.39it/s, acc=78.0%, loss=0.478]
Epoch 3/3:  21%|██        | 343/1625 [00:50<03:20,  6.39it/s, acc=78.0%, loss=0.503]
Epoch 3/3:  21%|██        | 344/1625 [00:50<03:11,  6.68it/s, acc=78.0%, loss=0.503]
Epoch 3/3:  21%|██        | 344/1625 [00:50<03:11,  6.68it/s, acc=78.0%, loss=0.691]
Epoch 3/3:  21%|██        | 345/1625 [00:50<03:04,  6.93it/s, acc=78.0%, loss=0.691]
Epoch 3/3:  21%|██        | 345/1625 [00:50<03:04,  6.93it/s, acc=78.0%, loss=0.451]
Epoch 3/3:  21%|██▏       | 346/1625 [00:50<02:59,  7.12it/s, acc=78.0%, loss=0.451]
Epoch 3/3:  21%|██▏       | 346/1625 [00:50<02:59,  7.12it/s, acc=78.0%, loss=0.749]
Epoch 3/3:  21%|██▏       | 347/1625 [00:50<02:52,  7.40it/s, acc=78.0%, loss=0.749]
Epoch 3/3:  21%|██▏       | 347/1625 [00:50<02:52,  7.40it/s, acc=78.0%, loss=0.413]
Epoch 3/3:  21%|██▏       | 348/1625 [00:50<02:54,  7.33it/s, acc=78.0%, loss=0.413]
Epoch 3/3:  21%|██▏       | 348/1625 [00:50<02:54,  7.33it/s, acc=78.0%, loss=0.640]
Epoch 3/3:  21%|██▏       | 349/1625 [00:50<03:17,  6.46it/s, acc=78.0%, loss=0.640]
Epoch 3/3:  21%|██▏       | 349/1625 [00:51<03:17,  6.46it/s, acc=78.0%, loss=0.453]
Epoch 3/3:  22%|██▏       | 350/1625 [00:51<03:54,  5.43it/s, acc=78.0%, loss=0.453]
Epoch 3/3:  22%|██▏       | 350/1625 [00:51<03:54,  5.43it/s, acc=78.0%, loss=0.486]
Epoch 3/3:  22%|██▏       | 351/1625 [00:51<04:32,  4.67it/s, acc=78.0%, loss=0.486]
Epoch 3/3:  22%|██▏       | 351/1625 [00:51<04:32,  4.67it/s, acc=78.0%, loss=0.601]
Epoch 3/3:  22%|██▏       | 352/1625 [00:51<04:54,  4.32it/s, acc=78.0%, loss=0.601]
Epoch 3/3:  22%|██▏       | 352/1625 [00:51<04:54,  4.32it/s, acc=78.0%, loss=0.333]
Epoch 3/3:  22%|██▏       | 353/1625 [00:51<04:46,  4.43it/s, acc=78.0%, loss=0.333]
Epoch 3/3:  22%|██▏       | 353/1625 [00:51<04:46,  4.43it/s, acc=78.0%, loss=0.733]
Epoch 3/3:  22%|██▏       | 354/1625 [00:51<04:07,  5.14it/s, acc=78.0%, loss=0.733]
Epoch 3/3:  22%|██▏       | 354/1625 [00:52<04:07,  5.14it/s, acc=78.0%, loss=0.474]
Epoch 3/3:  22%|██▏       | 355/1625 [00:52<03:38,  5.81it/s, acc=78.0%, loss=0.474]
Epoch 3/3:  22%|██▏       | 355/1625 [00:52<03:38,  5.81it/s, acc=78.1%, loss=0.458]
Epoch 3/3:  22%|██▏       | 356/1625 [00:52<03:17,  6.42it/s, acc=78.1%, loss=0.458]
Epoch 3/3:  22%|██▏       | 356/1625 [00:52<03:17,  6.42it/s, acc=78.0%, loss=0.619]
Epoch 3/3:  22%|██▏       | 357/1625 [00:52<03:06,  6.78it/s, acc=78.0%, loss=0.619]
Epoch 3/3:  22%|██▏       | 357/1625 [00:52<03:06,  6.78it/s, acc=78.0%, loss=0.462]
Epoch 3/3:  22%|██▏       | 358/1625 [00:52<03:49,  5.53it/s, acc=78.0%, loss=0.462]
Epoch 3/3:  22%|██▏       | 358/1625 [00:52<03:49,  5.53it/s, acc=78.0%, loss=0.581]
Epoch 3/3:  22%|██▏       | 359/1625 [00:52<03:53,  5.42it/s, acc=78.0%, loss=0.581]
Epoch 3/3:  22%|██▏       | 359/1625 [00:53<03:53,  5.42it/s, acc=78.0%, loss=0.555]
Epoch 3/3:  22%|██▏       | 360/1625 [00:53<03:54,  5.39it/s, acc=78.0%, loss=0.555]
Epoch 3/3:  22%|██▏       | 360/1625 [00:53<03:54,  5.39it/s, acc=78.0%, loss=0.679]
Epoch 3/3:  22%|██▏       | 361/1625 [00:53<03:24,  6.17it/s, acc=78.0%, loss=0.679]
Epoch 3/3:  22%|██▏       | 361/1625 [00:53<03:24,  6.17it/s, acc=78.1%, loss=0.426]
Epoch 3/3:  22%|██▏       | 362/1625 [00:53<03:19,  6.32it/s, acc=78.1%, loss=0.426]
Epoch 3/3:  22%|██▏       | 362/1625 [00:53<03:19,  6.32it/s, acc=78.1%, loss=0.674]
Epoch 3/3:  22%|██▏       | 363/1625 [00:53<03:43,  5.64it/s, acc=78.1%, loss=0.674]
Epoch 3/3:  22%|██▏       | 363/1625 [00:53<03:43,  5.64it/s, acc=78.1%, loss=0.437]
Epoch 3/3:  22%|██▏       | 364/1625 [00:53<03:41,  5.69it/s, acc=78.1%, loss=0.437]
Epoch 3/3:  22%|██▏       | 364/1625 [00:53<03:41,  5.69it/s, acc=78.1%, loss=0.541]
Epoch 3/3:  22%|██▏       | 365/1625 [00:53<03:33,  5.90it/s, acc=78.1%, loss=0.541]
Epoch 3/3:  22%|██▏       | 365/1625 [00:53<03:33,  5.90it/s, acc=78.0%, loss=0.585]
Epoch 3/3:  23%|██▎       | 366/1625 [00:53<03:32,  5.93it/s, acc=78.0%, loss=0.585]
Epoch 3/3:  23%|██▎       | 366/1625 [00:54<03:32,  5.93it/s, acc=78.1%, loss=0.602]
Epoch 3/3:  23%|██▎       | 367/1625 [00:54<03:31,  5.94it/s, acc=78.1%, loss=0.602]
Epoch 3/3:  23%|██▎       | 367/1625 [00:54<03:31,  5.94it/s, acc=78.1%, loss=0.631]
Epoch 3/3:  23%|██▎       | 368/1625 [00:54<03:18,  6.34it/s, acc=78.1%, loss=0.631]
Epoch 3/3:  23%|██▎       | 368/1625 [00:54<03:18,  6.34it/s, acc=78.1%, loss=0.537]
Epoch 3/3:  23%|██▎       | 369/1625 [00:54<03:03,  6.86it/s, acc=78.1%, loss=0.537]
Epoch 3/3:  23%|██▎       | 369/1625 [00:54<03:03,  6.86it/s, acc=78.1%, loss=0.598]
Epoch 3/3:  23%|██▎       | 370/1625 [00:54<03:07,  6.69it/s, acc=78.1%, loss=0.598]
Epoch 3/3:  23%|██▎       | 370/1625 [00:54<03:07,  6.69it/s, acc=78.1%, loss=0.621]
Epoch 3/3:  23%|██▎       | 371/1625 [00:54<03:21,  6.22it/s, acc=78.1%, loss=0.621]
Epoch 3/3:  23%|██▎       | 371/1625 [00:54<03:21,  6.22it/s, acc=78.1%, loss=0.720]
Epoch 3/3:  23%|██▎       | 372/1625 [00:54<03:47,  5.50it/s, acc=78.1%, loss=0.720]
Epoch 3/3:  23%|██▎       | 372/1625 [00:55<03:47,  5.50it/s, acc=78.1%, loss=0.608]
Epoch 3/3:  23%|██▎       | 373/1625 [00:55<03:42,  5.62it/s, acc=78.1%, loss=0.608]
Epoch 3/3:  23%|██▎       | 373/1625 [00:55<03:42,  5.62it/s, acc=78.1%, loss=0.570]
Epoch 3/3:  23%|██▎       | 374/1625 [00:55<03:41,  5.66it/s, acc=78.1%, loss=0.570]
Epoch 3/3:  23%|██▎       | 374/1625 [00:55<03:41,  5.66it/s, acc=78.1%, loss=0.404]
Epoch 3/3:  23%|██▎       | 375/1625 [00:55<03:38,  5.73it/s, acc=78.1%, loss=0.404]
Epoch 3/3:  23%|██▎       | 375/1625 [00:55<03:38,  5.73it/s, acc=78.1%, loss=0.500]
Epoch 3/3:  23%|██▎       | 376/1625 [00:55<04:17,  4.84it/s, acc=78.1%, loss=0.500]
Epoch 3/3:  23%|██▎       | 376/1625 [00:56<04:17,  4.84it/s, acc=78.1%, loss=0.443]
Epoch 3/3:  23%|██▎       | 377/1625 [00:56<04:44,  4.39it/s, acc=78.1%, loss=0.443]
Epoch 3/3:  23%|██▎       | 377/1625 [00:56<04:44,  4.39it/s, acc=78.1%, loss=0.375]
Epoch 3/3:  23%|██▎       | 378/1625 [00:56<04:57,  4.19it/s, acc=78.1%, loss=0.375]
Epoch 3/3:  23%|██▎       | 378/1625 [00:56<04:57,  4.19it/s, acc=78.1%, loss=0.520]
Epoch 3/3:  23%|██▎       | 379/1625 [00:56<04:41,  4.43it/s, acc=78.1%, loss=0.520]
Epoch 3/3:  23%|██▎       | 379/1625 [00:56<04:41,  4.43it/s, acc=78.2%, loss=0.407]
Epoch 3/3:  23%|██▎       | 380/1625 [00:56<04:14,  4.89it/s, acc=78.2%, loss=0.407]
Epoch 3/3:  23%|██▎       | 380/1625 [00:56<04:14,  4.89it/s, acc=78.2%, loss=0.503]
Epoch 3/3:  23%|██▎       | 381/1625 [00:56<03:50,  5.40it/s, acc=78.2%, loss=0.503]
Epoch 3/3:  23%|██▎       | 381/1625 [00:56<03:50,  5.40it/s, acc=78.2%, loss=0.628]
Epoch 3/3:  24%|██▎       | 382/1625 [00:56<03:29,  5.93it/s, acc=78.2%, loss=0.628]
Epoch 3/3:  24%|██▎       | 382/1625 [00:57<03:29,  5.93it/s, acc=78.2%, loss=0.632]
Epoch 3/3:  24%|██▎       | 383/1625 [00:57<03:15,  6.35it/s, acc=78.2%, loss=0.632]
Epoch 3/3:  24%|██▎       | 383/1625 [00:57<03:15,  6.35it/s, acc=78.2%, loss=0.581]
Epoch 3/3:  24%|██▎       | 384/1625 [00:57<03:00,  6.87it/s, acc=78.2%, loss=0.581]
Epoch 3/3:  24%|██▎       | 384/1625 [00:57<03:00,  6.87it/s, acc=78.2%, loss=0.377]
Epoch 3/3:  24%|██▎       | 385/1625 [00:57<03:20,  6.18it/s, acc=78.2%, loss=0.377]
Epoch 3/3:  24%|██▎       | 385/1625 [00:57<03:20,  6.18it/s, acc=78.2%, loss=0.507]
Epoch 3/3:  24%|██▍       | 386/1625 [00:57<03:05,  6.70it/s, acc=78.2%, loss=0.507]
Epoch 3/3:  24%|██▍       | 386/1625 [00:57<03:05,  6.70it/s, acc=78.2%, loss=0.448]
Epoch 3/3:  24%|██▍       | 387/1625 [00:57<02:55,  7.06it/s, acc=78.2%, loss=0.448]
Epoch 3/3:  24%|██▍       | 387/1625 [00:57<02:55,  7.06it/s, acc=78.3%, loss=0.426]
Epoch 3/3:  24%|██▍       | 388/1625 [00:57<02:52,  7.19it/s, acc=78.3%, loss=0.426]
Epoch 3/3:  24%|██▍       | 388/1625 [00:57<02:52,  7.19it/s, acc=78.3%, loss=0.414]
Epoch 3/3:  24%|██▍       | 389/1625 [00:57<02:43,  7.56it/s, acc=78.3%, loss=0.414]
Epoch 3/3:  24%|██▍       | 389/1625 [00:58<02:43,  7.56it/s, acc=78.2%, loss=0.798]
Epoch 3/3:  24%|██▍       | 390/1625 [00:58<02:53,  7.11it/s, acc=78.2%, loss=0.798]
Epoch 3/3:  24%|██▍       | 390/1625 [00:58<02:53,  7.11it/s, acc=78.3%, loss=0.540]
Epoch 3/3:  24%|██▍       | 391/1625 [00:58<04:18,  4.77it/s, acc=78.3%, loss=0.540]
Epoch 3/3:  24%|██▍       | 391/1625 [00:58<04:18,  4.77it/s, acc=78.2%, loss=0.505]
Epoch 3/3:  24%|██▍       | 392/1625 [00:58<03:57,  5.19it/s, acc=78.2%, loss=0.505]
Epoch 3/3:  24%|██▍       | 392/1625 [00:58<03:57,  5.19it/s, acc=78.3%, loss=0.286]
Epoch 3/3:  24%|██▍       | 393/1625 [00:58<03:47,  5.43it/s, acc=78.3%, loss=0.286]
Epoch 3/3:  24%|██▍       | 393/1625 [00:58<03:47,  5.43it/s, acc=78.3%, loss=0.471]
Epoch 3/3:  24%|██▍       | 394/1625 [00:58<03:35,  5.71it/s, acc=78.3%, loss=0.471]
Epoch 3/3:  24%|██▍       | 394/1625 [00:58<03:35,  5.71it/s, acc=78.3%, loss=0.337]
Epoch 3/3:  24%|██▍       | 395/1625 [00:58<03:14,  6.31it/s, acc=78.3%, loss=0.337]
Epoch 3/3:  24%|██▍       | 395/1625 [00:59<03:14,  6.31it/s, acc=78.3%, loss=0.450]
Epoch 3/3:  24%|██▍       | 396/1625 [00:59<03:07,  6.55it/s, acc=78.3%, loss=0.450]
Epoch 3/3:  24%|██▍       | 396/1625 [00:59<03:07,  6.55it/s, acc=78.3%, loss=0.558]
Epoch 3/3:  24%|██▍       | 397/1625 [00:59<03:10,  6.44it/s, acc=78.3%, loss=0.558]
Epoch 3/3:  24%|██▍       | 397/1625 [00:59<03:10,  6.44it/s, acc=78.3%, loss=0.513]
Epoch 3/3:  24%|██▍       | 398/1625 [00:59<03:14,  6.31it/s, acc=78.3%, loss=0.513]
Epoch 3/3:  24%|██▍       | 398/1625 [00:59<03:14,  6.31it/s, acc=78.3%, loss=0.452]
Epoch 3/3:  25%|██▍       | 399/1625 [00:59<03:15,  6.26it/s, acc=78.3%, loss=0.452]
Epoch 3/3:  25%|██▍       | 399/1625 [00:59<03:15,  6.26it/s, acc=78.3%, loss=0.562]
Epoch 3/3:  25%|██▍       | 400/1625 [00:59<03:27,  5.91it/s, acc=78.3%, loss=0.562]
Epoch 3/3:  25%|██▍       | 400/1625 [00:59<03:27,  5.91it/s, acc=78.3%, loss=0.375]
Epoch 3/3:  25%|██▍       | 401/1625 [00:59<03:32,  5.77it/s, acc=78.3%, loss=0.375]
Epoch 3/3:  25%|██▍       | 401/1625 [01:00<03:32,  5.77it/s, acc=78.4%, loss=0.485]
Epoch 3/3:  25%|██▍       | 402/1625 [01:00<03:40,  5.55it/s, acc=78.4%, loss=0.485]
Epoch 3/3:  25%|██▍       | 402/1625 [01:00<03:40,  5.55it/s, acc=78.4%, loss=0.610]
Epoch 3/3:  25%|██▍       | 403/1625 [01:00<03:48,  5.34it/s, acc=78.4%, loss=0.610]
Epoch 3/3:  25%|██▍       | 403/1625 [01:00<03:48,  5.34it/s, acc=78.3%, loss=0.575]
Epoch 3/3:  25%|██▍       | 404/1625 [01:00<03:49,  5.32it/s, acc=78.3%, loss=0.575]
Epoch 3/3:  25%|██▍       | 404/1625 [01:00<03:49,  5.32it/s, acc=78.3%, loss=0.560]
Epoch 3/3:  25%|██▍       | 405/1625 [01:00<03:51,  5.26it/s, acc=78.3%, loss=0.560]
Epoch 3/3:  25%|██▍       | 405/1625 [01:00<03:51,  5.26it/s, acc=78.3%, loss=0.342]
Epoch 3/3:  25%|██▍       | 406/1625 [01:00<03:55,  5.18it/s, acc=78.3%, loss=0.342]
Epoch 3/3:  25%|██▍       | 406/1625 [01:01<03:55,  5.18it/s, acc=78.4%, loss=0.360]
Epoch 3/3:  25%|██▌       | 407/1625 [01:01<03:50,  5.29it/s, acc=78.4%, loss=0.360]
Epoch 3/3:  25%|██▌       | 407/1625 [01:01<03:50,  5.29it/s, acc=78.4%, loss=0.300]
Epoch 3/3:  25%|██▌       | 408/1625 [01:01<03:26,  5.91it/s, acc=78.4%, loss=0.300]
Epoch 3/3:  25%|██▌       | 408/1625 [01:01<03:26,  5.91it/s, acc=78.4%, loss=0.486]
Epoch 3/3:  25%|██▌       | 409/1625 [01:01<03:21,  6.03it/s, acc=78.4%, loss=0.486]
Epoch 3/3:  25%|██▌       | 409/1625 [01:01<03:21,  6.03it/s, acc=78.4%, loss=0.435]
Epoch 3/3:  25%|██▌       | 410/1625 [01:01<03:15,  6.22it/s, acc=78.4%, loss=0.435]
Epoch 3/3:  25%|██▌       | 410/1625 [01:01<03:15,  6.22it/s, acc=78.4%, loss=0.439]
Epoch 3/3:  25%|██▌       | 411/1625 [01:01<03:04,  6.57it/s, acc=78.4%, loss=0.439]
Epoch 3/3:  25%|██▌       | 411/1625 [01:01<03:04,  6.57it/s, acc=78.4%, loss=0.502]
Epoch 3/3:  25%|██▌       | 412/1625 [01:01<03:02,  6.65it/s, acc=78.4%, loss=0.502]
Epoch 3/3:  25%|██▌       | 412/1625 [01:02<03:02,  6.65it/s, acc=78.4%, loss=0.698]
Epoch 3/3:  25%|██▌       | 413/1625 [01:02<02:57,  6.83it/s, acc=78.4%, loss=0.698]
Epoch 3/3:  25%|██▌       | 413/1625 [01:02<02:57,  6.83it/s, acc=78.3%, loss=0.952]
Epoch 3/3:  25%|██▌       | 414/1625 [01:02<03:12,  6.28it/s, acc=78.3%, loss=0.952]
Epoch 3/3:  25%|██▌       | 414/1625 [01:02<03:12,  6.28it/s, acc=78.3%, loss=0.571]
Epoch 3/3:  26%|██▌       | 415/1625 [01:02<03:17,  6.13it/s, acc=78.3%, loss=0.571]
Epoch 3/3:  26%|██▌       | 415/1625 [01:02<03:17,  6.13it/s, acc=78.4%, loss=0.392]
Epoch 3/3:  26%|██▌       | 416/1625 [01:02<04:03,  4.97it/s, acc=78.4%, loss=0.392]
Epoch 3/3:  26%|██▌       | 416/1625 [01:02<04:03,  4.97it/s, acc=78.4%, loss=0.528]
Epoch 3/3:  26%|██▌       | 417/1625 [01:02<03:44,  5.37it/s, acc=78.4%, loss=0.528]
Epoch 3/3:  26%|██▌       | 417/1625 [01:02<03:44,  5.37it/s, acc=78.4%, loss=0.557]
Epoch 3/3:  26%|██▌       | 418/1625 [01:02<03:27,  5.82it/s, acc=78.4%, loss=0.557]
Epoch 3/3:  26%|██▌       | 418/1625 [01:03<03:27,  5.82it/s, acc=78.4%, loss=0.475]
Epoch 3/3:  26%|██▌       | 419/1625 [01:03<03:11,  6.30it/s, acc=78.4%, loss=0.475]
Epoch 3/3:  26%|██▌       | 419/1625 [01:03<03:11,  6.30it/s, acc=78.4%, loss=0.486]
Epoch 3/3:  26%|██▌       | 420/1625 [01:03<03:03,  6.55it/s, acc=78.4%, loss=0.486]
Epoch 3/3:  26%|██▌       | 420/1625 [01:03<03:03,  6.55it/s, acc=78.4%, loss=0.498]
Epoch 3/3:  26%|██▌       | 421/1625 [01:03<02:52,  6.97it/s, acc=78.4%, loss=0.498]
Epoch 3/3:  26%|██▌       | 421/1625 [01:03<02:52,  6.97it/s, acc=78.4%, loss=0.506]
Epoch 3/3:  26%|██▌       | 422/1625 [01:03<03:03,  6.54it/s, acc=78.4%, loss=0.506]
Epoch 3/3:  26%|██▌       | 422/1625 [01:03<03:03,  6.54it/s, acc=78.4%, loss=0.603]
Epoch 3/3:  26%|██▌       | 423/1625 [01:03<02:59,  6.68it/s, acc=78.4%, loss=0.603]
Epoch 3/3:  26%|██▌       | 423/1625 [01:03<02:59,  6.68it/s, acc=78.4%, loss=0.426]
Epoch 3/3:  26%|██▌       | 424/1625 [01:03<02:53,  6.91it/s, acc=78.4%, loss=0.426]
Epoch 3/3:  26%|██▌       | 424/1625 [01:03<02:53,  6.91it/s, acc=78.4%, loss=0.571]
Epoch 3/3:  26%|██▌       | 425/1625 [01:03<02:46,  7.22it/s, acc=78.4%, loss=0.571]
Epoch 3/3:  26%|██▌       | 425/1625 [01:04<02:46,  7.22it/s, acc=78.4%, loss=0.554]
Epoch 3/3:  26%|██▌       | 426/1625 [01:04<02:34,  7.77it/s, acc=78.4%, loss=0.554]
Epoch 3/3:  26%|██▌       | 426/1625 [01:04<02:34,  7.77it/s, acc=78.4%, loss=0.495]
Epoch 3/3:  26%|██▋       | 427/1625 [01:04<02:31,  7.88it/s, acc=78.4%, loss=0.495]
Epoch 3/3:  26%|██▋       | 427/1625 [01:04<02:31,  7.88it/s, acc=78.4%, loss=0.707]
Epoch 3/3:  26%|██▋       | 428/1625 [01:04<02:30,  7.97it/s, acc=78.4%, loss=0.707]
Epoch 3/3:  26%|██▋       | 428/1625 [01:04<02:30,  7.97it/s, acc=78.4%, loss=0.399]
Epoch 3/3:  26%|██▋       | 429/1625 [01:04<02:25,  8.21it/s, acc=78.4%, loss=0.399]
Epoch 3/3:  26%|██▋       | 429/1625 [01:04<02:25,  8.21it/s, acc=78.4%, loss=0.616]
Epoch 3/3:  26%|██▋       | 430/1625 [01:04<02:33,  7.78it/s, acc=78.4%, loss=0.616]
Epoch 3/3:  26%|██▋       | 430/1625 [01:04<02:33,  7.78it/s, acc=78.4%, loss=0.570]
Epoch 3/3:  27%|██▋       | 431/1625 [01:04<03:08,  6.35it/s, acc=78.4%, loss=0.570]
Epoch 3/3:  27%|██▋       | 431/1625 [01:04<03:08,  6.35it/s, acc=78.4%, loss=0.404]
Epoch 3/3:  27%|██▋       | 432/1625 [01:04<03:12,  6.21it/s, acc=78.4%, loss=0.404]
Epoch 3/3:  27%|██▋       | 432/1625 [01:05<03:12,  6.21it/s, acc=78.4%, loss=0.606]
Epoch 3/3:  27%|██▋       | 433/1625 [01:05<02:59,  6.66it/s, acc=78.4%, loss=0.606]
Epoch 3/3:  27%|██▋       | 433/1625 [01:05<02:59,  6.66it/s, acc=78.4%, loss=0.524]
Epoch 3/3:  27%|██▋       | 434/1625 [01:05<02:50,  6.99it/s, acc=78.4%, loss=0.524]
Epoch 3/3:  27%|██▋       | 434/1625 [01:05<02:50,  6.99it/s, acc=78.4%, loss=0.404]
Epoch 3/3:  27%|██▋       | 435/1625 [01:05<02:48,  7.05it/s, acc=78.4%, loss=0.404]
Epoch 3/3:  27%|██▋       | 435/1625 [01:05<02:48,  7.05it/s, acc=78.4%, loss=0.429]
Epoch 3/3:  27%|██▋       | 436/1625 [01:05<02:58,  6.68it/s, acc=78.4%, loss=0.429]
Epoch 3/3:  27%|██▋       | 436/1625 [01:05<02:58,  6.68it/s, acc=78.4%, loss=0.614]
Epoch 3/3:  27%|██▋       | 437/1625 [01:05<03:19,  5.96it/s, acc=78.4%, loss=0.614]
Epoch 3/3:  27%|██▋       | 437/1625 [01:05<03:19,  5.96it/s, acc=78.4%, loss=0.599]
Epoch 3/3:  27%|██▋       | 438/1625 [01:05<03:21,  5.89it/s, acc=78.4%, loss=0.599]
Epoch 3/3:  27%|██▋       | 438/1625 [01:06<03:21,  5.89it/s, acc=78.4%, loss=0.461]
Epoch 3/3:  27%|██▋       | 439/1625 [01:06<03:19,  5.95it/s, acc=78.4%, loss=0.461]
Epoch 3/3:  27%|██▋       | 439/1625 [01:06<03:19,  5.95it/s, acc=78.4%, loss=0.547]
Epoch 3/3:  27%|██▋       | 440/1625 [01:06<03:09,  6.27it/s, acc=78.4%, loss=0.547]
Epoch 3/3:  27%|██▋       | 440/1625 [01:06<03:09,  6.27it/s, acc=78.5%, loss=0.291]
Epoch 3/3:  27%|██▋       | 441/1625 [01:06<02:54,  6.80it/s, acc=78.5%, loss=0.291]
Epoch 3/3:  27%|██▋       | 441/1625 [01:06<02:54,  6.80it/s, acc=78.5%, loss=0.503]
Epoch 3/3:  27%|██▋       | 442/1625 [01:06<03:05,  6.38it/s, acc=78.5%, loss=0.503]
Epoch 3/3:  27%|██▋       | 442/1625 [01:06<03:05,  6.38it/s, acc=78.5%, loss=0.398]
Epoch 3/3:  27%|██▋       | 443/1625 [01:06<03:14,  6.08it/s, acc=78.5%, loss=0.398]
Epoch 3/3:  27%|██▋       | 443/1625 [01:06<03:14,  6.08it/s, acc=78.5%, loss=0.500]
Epoch 3/3:  27%|██▋       | 444/1625 [01:06<03:15,  6.04it/s, acc=78.5%, loss=0.500]
Epoch 3/3:  27%|██▋       | 444/1625 [01:06<03:15,  6.04it/s, acc=78.5%, loss=0.635]
Epoch 3/3:  27%|██▋       | 445/1625 [01:06<03:08,  6.26it/s, acc=78.5%, loss=0.635]
Epoch 3/3:  27%|██▋       | 445/1625 [01:07<03:08,  6.26it/s, acc=78.5%, loss=0.464]
Epoch 3/3:  27%|██▋       | 446/1625 [01:07<03:13,  6.08it/s, acc=78.5%, loss=0.464]
Epoch 3/3:  27%|██▋       | 446/1625 [01:07<03:13,  6.08it/s, acc=78.6%, loss=0.313]
Epoch 3/3:  28%|██▊       | 447/1625 [01:07<02:58,  6.60it/s, acc=78.6%, loss=0.313]
Epoch 3/3:  28%|██▊       | 447/1625 [01:07<02:58,  6.60it/s, acc=78.6%, loss=0.485]
Epoch 3/3:  28%|██▊       | 448/1625 [01:07<03:07,  6.27it/s, acc=78.6%, loss=0.485]
Epoch 3/3:  28%|██▊       | 448/1625 [01:07<03:07,  6.27it/s, acc=78.5%, loss=0.575]
Epoch 3/3:  28%|██▊       | 449/1625 [01:07<03:01,  6.46it/s, acc=78.5%, loss=0.575]
Epoch 3/3:  28%|██▊       | 449/1625 [01:07<03:01,  6.46it/s, acc=78.6%, loss=0.316]
Epoch 3/3:  28%|██▊       | 450/1625 [01:07<03:06,  6.29it/s, acc=78.6%, loss=0.316]
Epoch 3/3:  28%|██▊       | 450/1625 [01:07<03:06,  6.29it/s, acc=78.6%, loss=0.372]
Epoch 3/3:  28%|██▊       | 451/1625 [01:07<02:58,  6.59it/s, acc=78.6%, loss=0.372]
Epoch 3/3:  28%|██▊       | 451/1625 [01:08<02:58,  6.59it/s, acc=78.5%, loss=0.865]
Epoch 3/3:  28%|██▊       | 452/1625 [01:08<02:55,  6.68it/s, acc=78.5%, loss=0.865]
Epoch 3/3:  28%|██▊       | 452/1625 [01:08<02:55,  6.68it/s, acc=78.5%, loss=0.537]
Epoch 3/3:  28%|██▊       | 453/1625 [01:08<03:10,  6.14it/s, acc=78.5%, loss=0.537]
Epoch 3/3:  28%|██▊       | 453/1625 [01:08<03:10,  6.14it/s, acc=78.5%, loss=0.530]
Epoch 3/3:  28%|██▊       | 454/1625 [01:08<03:05,  6.32it/s, acc=78.5%, loss=0.530]
Epoch 3/3:  28%|██▊       | 454/1625 [01:08<03:05,  6.32it/s, acc=78.5%, loss=0.659]
Epoch 3/3:  28%|██▊       | 455/1625 [01:08<02:55,  6.68it/s, acc=78.5%, loss=0.659]
Epoch 3/3:  28%|██▊       | 455/1625 [01:08<02:55,  6.68it/s, acc=78.5%, loss=0.728]
Epoch 3/3:  28%|██▊       | 456/1625 [01:08<02:58,  6.57it/s, acc=78.5%, loss=0.728]
Epoch 3/3:  28%|██▊       | 456/1625 [01:08<02:58,  6.57it/s, acc=78.5%, loss=0.866]
Epoch 3/3:  28%|██▊       | 457/1625 [01:08<02:49,  6.88it/s, acc=78.5%, loss=0.866]
Epoch 3/3:  28%|██▊       | 457/1625 [01:08<02:49,  6.88it/s, acc=78.5%, loss=0.603]
Epoch 3/3:  28%|██▊       | 458/1625 [01:08<02:45,  7.05it/s, acc=78.5%, loss=0.603]
Epoch 3/3:  28%|██▊       | 458/1625 [01:09<02:45,  7.05it/s, acc=78.5%, loss=0.307]
Epoch 3/3:  28%|██▊       | 459/1625 [01:09<02:33,  7.59it/s, acc=78.5%, loss=0.307]
Epoch 3/3:  28%|██▊       | 459/1625 [01:09<02:33,  7.59it/s, acc=78.5%, loss=0.540]
Epoch 3/3:  28%|██▊       | 460/1625 [01:09<02:39,  7.29it/s, acc=78.5%, loss=0.540]
Epoch 3/3:  28%|██▊       | 460/1625 [01:09<02:39,  7.29it/s, acc=78.5%, loss=0.784]
Epoch 3/3:  28%|██▊       | 461/1625 [01:09<03:00,  6.44it/s, acc=78.5%, loss=0.784]
Epoch 3/3:  28%|██▊       | 461/1625 [01:09<03:00,  6.44it/s, acc=78.5%, loss=0.582]
Epoch 3/3:  28%|██▊       | 462/1625 [01:09<02:56,  6.59it/s, acc=78.5%, loss=0.582]
Epoch 3/3:  28%|██▊       | 462/1625 [01:09<02:56,  6.59it/s, acc=78.5%, loss=0.611]
Epoch 3/3:  28%|██▊       | 463/1625 [01:09<02:50,  6.80it/s, acc=78.5%, loss=0.611]
Epoch 3/3:  28%|██▊       | 463/1625 [01:09<02:50,  6.80it/s, acc=78.5%, loss=0.423]
Epoch 3/3:  29%|██▊       | 464/1625 [01:09<02:46,  6.97it/s, acc=78.5%, loss=0.423]
Epoch 3/3:  29%|██▊       | 464/1625 [01:09<02:46,  6.97it/s, acc=78.5%, loss=0.667]
Epoch 3/3:  29%|██▊       | 465/1625 [01:09<02:41,  7.18it/s, acc=78.5%, loss=0.667]
Epoch 3/3:  29%|██▊       | 465/1625 [01:10<02:41,  7.18it/s, acc=78.5%, loss=0.458]
Epoch 3/3:  29%|██▊       | 466/1625 [01:10<02:48,  6.90it/s, acc=78.5%, loss=0.458]
Epoch 3/3:  29%|██▊       | 466/1625 [01:10<02:48,  6.90it/s, acc=78.5%, loss=0.411]
Epoch 3/3:  29%|██▊       | 467/1625 [01:10<02:44,  7.04it/s, acc=78.5%, loss=0.411]
Epoch 3/3:  29%|██▊       | 467/1625 [01:10<02:44,  7.04it/s, acc=78.5%, loss=0.614]
Epoch 3/3:  29%|██▉       | 468/1625 [01:10<02:47,  6.91it/s, acc=78.5%, loss=0.614]
Epoch 3/3:  29%|██▉       | 468/1625 [01:10<02:47,  6.91it/s, acc=78.5%, loss=0.431]
Epoch 3/3:  29%|██▉       | 469/1625 [01:10<02:56,  6.53it/s, acc=78.5%, loss=0.431]
Epoch 3/3:  29%|██▉       | 469/1625 [01:10<02:56,  6.53it/s, acc=78.5%, loss=0.447]
Epoch 3/3:  29%|██▉       | 470/1625 [01:10<03:09,  6.09it/s, acc=78.5%, loss=0.447]
Epoch 3/3:  29%|██▉       | 470/1625 [01:10<03:09,  6.09it/s, acc=78.5%, loss=0.320]
Epoch 3/3:  29%|██▉       | 471/1625 [01:10<03:19,  5.77it/s, acc=78.5%, loss=0.320]
Epoch 3/3:  29%|██▉       | 471/1625 [01:11<03:19,  5.77it/s, acc=78.5%, loss=0.528]
Epoch 3/3:  29%|██▉       | 472/1625 [01:11<03:10,  6.04it/s, acc=78.5%, loss=0.528]
Epoch 3/3:  29%|██▉       | 472/1625 [01:11<03:10,  6.04it/s, acc=78.5%, loss=0.333]
Epoch 3/3:  29%|██▉       | 473/1625 [01:11<02:59,  6.42it/s, acc=78.5%, loss=0.333]
Epoch 3/3:  29%|██▉       | 473/1625 [01:11<02:59,  6.42it/s, acc=78.5%, loss=0.529]
Epoch 3/3:  29%|██▉       | 474/1625 [01:11<02:59,  6.40it/s, acc=78.5%, loss=0.529]
Epoch 3/3:  29%|██▉       | 474/1625 [01:11<02:59,  6.40it/s, acc=78.5%, loss=0.605]
Epoch 3/3:  29%|██▉       | 475/1625 [01:11<02:47,  6.86it/s, acc=78.5%, loss=0.605]
Epoch 3/3:  29%|██▉       | 475/1625 [01:11<02:47,  6.86it/s, acc=78.5%, loss=0.516]
Epoch 3/3:  29%|██▉       | 476/1625 [01:11<02:55,  6.53it/s, acc=78.5%, loss=0.516]
Epoch 3/3:  29%|██▉       | 476/1625 [01:11<02:55,  6.53it/s, acc=78.5%, loss=0.633]
Epoch 3/3:  29%|██▉       | 477/1625 [01:11<02:45,  6.92it/s, acc=78.5%, loss=0.633]
Epoch 3/3:  29%|██▉       | 477/1625 [01:11<02:45,  6.92it/s, acc=78.5%, loss=0.402]
Epoch 3/3:  29%|██▉       | 478/1625 [01:11<02:40,  7.17it/s, acc=78.5%, loss=0.402]
Epoch 3/3:  29%|██▉       | 478/1625 [01:12<02:40,  7.17it/s, acc=78.5%, loss=0.757]
Epoch 3/3:  29%|██▉       | 479/1625 [01:12<02:50,  6.72it/s, acc=78.5%, loss=0.757]
Epoch 3/3:  29%|██▉       | 479/1625 [01:12<02:50,  6.72it/s, acc=78.5%, loss=0.732]
Epoch 3/3:  30%|██▉       | 480/1625 [01:12<03:10,  6.02it/s, acc=78.5%, loss=0.732]
Epoch 3/3:  30%|██▉       | 480/1625 [01:12<03:10,  6.02it/s, acc=78.5%, loss=0.529]
Epoch 3/3:  30%|██▉       | 481/1625 [01:12<02:55,  6.52it/s, acc=78.5%, loss=0.529]
Epoch 3/3:  30%|██▉       | 481/1625 [01:12<02:55,  6.52it/s, acc=78.5%, loss=0.576]
Epoch 3/3:  30%|██▉       | 482/1625 [01:12<02:46,  6.86it/s, acc=78.5%, loss=0.576]
Epoch 3/3:  30%|██▉       | 482/1625 [01:12<02:46,  6.86it/s, acc=78.5%, loss=0.454]
Epoch 3/3:  30%|██▉       | 483/1625 [01:12<02:44,  6.93it/s, acc=78.5%, loss=0.454]
Epoch 3/3:  30%|██▉       | 483/1625 [01:12<02:44,  6.93it/s, acc=78.5%, loss=0.570]
Epoch 3/3:  30%|██▉       | 484/1625 [01:12<02:57,  6.43it/s, acc=78.5%, loss=0.570]
Epoch 3/3:  30%|██▉       | 484/1625 [01:13<02:57,  6.43it/s, acc=78.5%, loss=0.289]
Epoch 3/3:  30%|██▉       | 485/1625 [01:13<03:21,  5.66it/s, acc=78.5%, loss=0.289]
Epoch 3/3:  30%|██▉       | 485/1625 [01:13<03:21,  5.66it/s, acc=78.5%, loss=0.586]
Epoch 3/3:  30%|██▉       | 486/1625 [01:13<03:28,  5.48it/s, acc=78.5%, loss=0.586]
Epoch 3/3:  30%|██▉       | 486/1625 [01:13<03:28,  5.48it/s, acc=78.6%, loss=0.552]
Epoch 3/3:  30%|██▉       | 487/1625 [01:13<03:39,  5.17it/s, acc=78.6%, loss=0.552]
Epoch 3/3:  30%|██▉       | 487/1625 [01:13<03:39,  5.17it/s, acc=78.6%, loss=0.505]
Epoch 3/3:  30%|███       | 488/1625 [01:13<03:25,  5.53it/s, acc=78.6%, loss=0.505]
Epoch 3/3:  30%|███       | 488/1625 [01:13<03:25,  5.53it/s, acc=78.6%, loss=0.517]
Epoch 3/3:  30%|███       | 489/1625 [01:13<03:07,  6.07it/s, acc=78.6%, loss=0.517]
Epoch 3/3:  30%|███       | 489/1625 [01:13<03:07,  6.07it/s, acc=78.6%, loss=0.485]
Epoch 3/3:  30%|███       | 490/1625 [01:13<02:57,  6.38it/s, acc=78.6%, loss=0.485]
Epoch 3/3:  30%|███       | 490/1625 [01:14<02:57,  6.38it/s, acc=78.6%, loss=0.526]
Epoch 3/3:  30%|███       | 491/1625 [01:14<03:03,  6.19it/s, acc=78.6%, loss=0.526]
Epoch 3/3:  30%|███       | 491/1625 [01:14<03:03,  6.19it/s, acc=78.6%, loss=0.541]
Epoch 3/3:  30%|███       | 492/1625 [01:14<02:52,  6.55it/s, acc=78.6%, loss=0.541]
Epoch 3/3:  30%|███       | 492/1625 [01:14<02:52,  6.55it/s, acc=78.5%, loss=0.693]
Epoch 3/3:  30%|███       | 493/1625 [01:14<03:07,  6.04it/s, acc=78.5%, loss=0.693]
Epoch 3/3:  30%|███       | 493/1625 [01:14<03:07,  6.04it/s, acc=78.5%, loss=0.553]
Epoch 3/3:  30%|███       | 494/1625 [01:14<03:20,  5.64it/s, acc=78.5%, loss=0.553]
Epoch 3/3:  30%|███       | 494/1625 [01:14<03:20,  5.64it/s, acc=78.5%, loss=0.700]
Epoch 3/3:  30%|███       | 495/1625 [01:14<03:00,  6.28it/s, acc=78.5%, loss=0.700]
Epoch 3/3:  30%|███       | 495/1625 [01:14<03:00,  6.28it/s, acc=78.5%, loss=0.510]
Epoch 3/3:  31%|███       | 496/1625 [01:14<02:48,  6.69it/s, acc=78.5%, loss=0.510]
Epoch 3/3:  31%|███       | 496/1625 [01:14<02:48,  6.69it/s, acc=78.5%, loss=0.390]
Epoch 3/3:  31%|███       | 497/1625 [01:14<02:49,  6.65it/s, acc=78.5%, loss=0.390]
Epoch 3/3:  31%|███       | 497/1625 [01:15<02:49,  6.65it/s, acc=78.5%, loss=0.465]
Epoch 3/3:  31%|███       | 498/1625 [01:15<02:43,  6.88it/s, acc=78.5%, loss=0.465]
Epoch 3/3:  31%|███       | 498/1625 [01:15<02:43,  6.88it/s, acc=78.5%, loss=0.668]
Epoch 3/3:  31%|███       | 499/1625 [01:15<02:47,  6.72it/s, acc=78.5%, loss=0.668]
Epoch 3/3:  31%|███       | 499/1625 [01:15<02:47,  6.72it/s, acc=78.5%, loss=0.544]
Epoch 3/3:  31%|███       | 500/1625 [01:15<02:48,  6.69it/s, acc=78.5%, loss=0.544]
Epoch 3/3:  31%|███       | 500/1625 [01:15<02:48,  6.69it/s, acc=78.5%, loss=0.442]
Epoch 3/3:  31%|███       | 501/1625 [01:15<02:59,  6.25it/s, acc=78.5%, loss=0.442]
Epoch 3/3:  31%|███       | 501/1625 [01:15<02:59,  6.25it/s, acc=78.5%, loss=0.385]
Epoch 3/3:  31%|███       | 502/1625 [01:15<02:49,  6.63it/s, acc=78.5%, loss=0.385]
Epoch 3/3:  31%|███       | 502/1625 [01:15<02:49,  6.63it/s, acc=78.5%, loss=0.668]
Epoch 3/3:  31%|███       | 503/1625 [01:15<02:41,  6.93it/s, acc=78.5%, loss=0.668]
Epoch 3/3:  31%|███       | 503/1625 [01:16<02:41,  6.93it/s, acc=78.5%, loss=0.472]
Epoch 3/3:  31%|███       | 504/1625 [01:16<02:38,  7.07it/s, acc=78.5%, loss=0.472]
Epoch 3/3:  31%|███       | 504/1625 [01:16<02:38,  7.07it/s, acc=78.5%, loss=0.475]
Epoch 3/3:  31%|███       | 505/1625 [01:16<02:44,  6.81it/s, acc=78.5%, loss=0.475]
Epoch 3/3:  31%|███       | 505/1625 [01:16<02:44,  6.81it/s, acc=78.5%, loss=0.242]
Epoch 3/3:  31%|███       | 506/1625 [01:16<02:37,  7.10it/s, acc=78.5%, loss=0.242]
Epoch 3/3:  31%|███       | 506/1625 [01:16<02:37,  7.10it/s, acc=78.5%, loss=0.662]
Epoch 3/3:  31%|███       | 507/1625 [01:16<02:50,  6.56it/s, acc=78.5%, loss=0.662]
Epoch 3/3:  31%|███       | 507/1625 [01:16<02:50,  6.56it/s, acc=78.5%, loss=0.478]
Epoch 3/3:  31%|███▏      | 508/1625 [01:16<02:41,  6.90it/s, acc=78.5%, loss=0.478]
Epoch 3/3:  31%|███▏      | 508/1625 [01:16<02:41,  6.90it/s, acc=78.5%, loss=0.799]
Epoch 3/3:  31%|███▏      | 509/1625 [01:16<02:55,  6.38it/s, acc=78.5%, loss=0.799]
Epoch 3/3:  31%|███▏      | 509/1625 [01:17<02:55,  6.38it/s, acc=78.5%, loss=0.497]
Epoch 3/3:  31%|███▏      | 510/1625 [01:17<03:13,  5.75it/s, acc=78.5%, loss=0.497]
Epoch 3/3:  31%|███▏      | 510/1625 [01:17<03:13,  5.75it/s, acc=78.5%, loss=0.334]
Epoch 3/3:  31%|███▏      | 511/1625 [01:17<02:54,  6.38it/s, acc=78.5%, loss=0.334]
Epoch 3/3:  31%|███▏      | 511/1625 [01:17<02:54,  6.38it/s, acc=78.5%, loss=0.401]
Epoch 3/3:  32%|███▏      | 512/1625 [01:17<02:49,  6.58it/s, acc=78.5%, loss=0.401]
Epoch 3/3:  32%|███▏      | 512/1625 [01:17<02:49,  6.58it/s, acc=78.5%, loss=0.651]
Epoch 3/3:  32%|███▏      | 513/1625 [01:17<02:34,  7.21it/s, acc=78.5%, loss=0.651]
Epoch 3/3:  32%|███▏      | 513/1625 [01:17<02:34,  7.21it/s, acc=78.5%, loss=0.613]
Epoch 3/3:  32%|███▏      | 514/1625 [01:17<02:25,  7.63it/s, acc=78.5%, loss=0.613]
Epoch 3/3:  32%|███▏      | 514/1625 [01:17<02:25,  7.63it/s, acc=78.5%, loss=0.277]
Epoch 3/3:  32%|███▏      | 515/1625 [01:17<02:32,  7.27it/s, acc=78.5%, loss=0.277]
Epoch 3/3:  32%|███▏      | 515/1625 [01:17<02:32,  7.27it/s, acc=78.5%, loss=0.590]
Epoch 3/3:  32%|███▏      | 516/1625 [01:17<02:53,  6.38it/s, acc=78.5%, loss=0.590]
Epoch 3/3:  32%|███▏      | 516/1625 [01:17<02:53,  6.38it/s, acc=78.5%, loss=0.569]
Epoch 3/3:  32%|███▏      | 517/1625 [01:17<02:43,  6.76it/s, acc=78.5%, loss=0.569]
Epoch 3/3:  32%|███▏      | 517/1625 [01:18<02:43,  6.76it/s, acc=78.5%, loss=0.497]
Epoch 3/3:  32%|███▏      | 518/1625 [01:18<02:42,  6.81it/s, acc=78.5%, loss=0.497]
Epoch 3/3:  32%|███▏      | 518/1625 [01:18<02:42,  6.81it/s, acc=78.5%, loss=0.553]
Epoch 3/3:  32%|███▏      | 519/1625 [01:18<02:46,  6.63it/s, acc=78.5%, loss=0.553]
Epoch 3/3:  32%|███▏      | 519/1625 [01:18<02:46,  6.63it/s, acc=78.5%, loss=0.493]
Epoch 3/3:  32%|███▏      | 520/1625 [01:18<02:40,  6.88it/s, acc=78.5%, loss=0.493]
Epoch 3/3:  32%|███▏      | 520/1625 [01:18<02:40,  6.88it/s, acc=78.5%, loss=0.819]
Epoch 3/3:  32%|███▏      | 521/1625 [01:18<02:50,  6.49it/s, acc=78.5%, loss=0.819]
Epoch 3/3:  32%|███▏      | 521/1625 [01:18<02:50,  6.49it/s, acc=78.5%, loss=0.590]
Epoch 3/3:  32%|███▏      | 522/1625 [01:18<02:36,  7.05it/s, acc=78.5%, loss=0.590]
Epoch 3/3:  32%|███▏      | 522/1625 [01:18<02:36,  7.05it/s, acc=78.5%, loss=0.472]
Epoch 3/3:  32%|███▏      | 523/1625 [01:18<02:39,  6.90it/s, acc=78.5%, loss=0.472]
Epoch 3/3:  32%|███▏      | 523/1625 [01:18<02:39,  6.90it/s, acc=78.5%, loss=0.489]
Epoch 3/3:  32%|███▏      | 524/1625 [01:18<02:27,  7.44it/s, acc=78.5%, loss=0.489]
Epoch 3/3:  32%|███▏      | 524/1625 [01:19<02:27,  7.44it/s, acc=78.5%, loss=0.392]
Epoch 3/3:  32%|███▏      | 525/1625 [01:19<03:01,  6.07it/s, acc=78.5%, loss=0.392]
Epoch 3/3:  32%|███▏      | 525/1625 [01:19<03:01,  6.07it/s, acc=78.5%, loss=0.654]
Epoch 3/3:  32%|███▏      | 526/1625 [01:19<03:28,  5.28it/s, acc=78.5%, loss=0.654]
Epoch 3/3:  32%|███▏      | 526/1625 [01:19<03:28,  5.28it/s, acc=78.6%, loss=0.395]
Epoch 3/3:  32%|███▏      | 527/1625 [01:19<03:33,  5.15it/s, acc=78.6%, loss=0.395]
Epoch 3/3:  32%|███▏      | 527/1625 [01:19<03:33,  5.15it/s, acc=78.6%, loss=0.652]
Epoch 3/3:  32%|███▏      | 528/1625 [01:19<03:30,  5.22it/s, acc=78.6%, loss=0.652]
Epoch 3/3:  32%|███▏      | 528/1625 [01:19<03:30,  5.22it/s, acc=78.5%, loss=0.720]
Epoch 3/3:  33%|███▎      | 529/1625 [01:19<03:03,  5.97it/s, acc=78.5%, loss=0.720]
Epoch 3/3:  33%|███▎      | 529/1625 [01:20<03:03,  5.97it/s, acc=78.5%, loss=0.421]
Epoch 3/3:  33%|███▎      | 530/1625 [01:20<02:50,  6.43it/s, acc=78.5%, loss=0.421]
Epoch 3/3:  33%|███▎      | 530/1625 [01:20<02:50,  6.43it/s, acc=78.5%, loss=0.368]
Epoch 3/3:  33%|███▎      | 531/1625 [01:20<02:45,  6.60it/s, acc=78.5%, loss=0.368]
Epoch 3/3:  33%|███▎      | 531/1625 [01:20<02:45,  6.60it/s, acc=78.6%, loss=0.345]
Epoch 3/3:  33%|███▎      | 532/1625 [01:20<02:41,  6.77it/s, acc=78.6%, loss=0.345]
Epoch 3/3:  33%|███▎      | 532/1625 [01:20<02:41,  6.77it/s, acc=78.5%, loss=0.537]
Epoch 3/3:  33%|███▎      | 533/1625 [01:20<02:49,  6.45it/s, acc=78.5%, loss=0.537]
Epoch 3/3:  33%|███▎      | 533/1625 [01:20<02:49,  6.45it/s, acc=78.5%, loss=0.636]
Epoch 3/3:  33%|███▎      | 534/1625 [01:20<03:06,  5.85it/s, acc=78.5%, loss=0.636]
Epoch 3/3:  33%|███▎      | 534/1625 [01:20<03:06,  5.85it/s, acc=78.6%, loss=0.406]
Epoch 3/3:  33%|███▎      | 535/1625 [01:20<02:58,  6.10it/s, acc=78.6%, loss=0.406]
Epoch 3/3:  33%|███▎      | 535/1625 [01:21<02:58,  6.10it/s, acc=78.5%, loss=0.586]
Epoch 3/3:  33%|███▎      | 536/1625 [01:21<02:49,  6.42it/s, acc=78.5%, loss=0.586]
Epoch 3/3:  33%|███▎      | 536/1625 [01:21<02:49,  6.42it/s, acc=78.6%, loss=0.498]
Epoch 3/3:  33%|███▎      | 537/1625 [01:21<02:45,  6.57it/s, acc=78.6%, loss=0.498]
Epoch 3/3:  33%|███▎      | 537/1625 [01:21<02:45,  6.57it/s, acc=78.6%, loss=0.367]
Epoch 3/3:  33%|███▎      | 538/1625 [01:21<02:37,  6.92it/s, acc=78.6%, loss=0.367]
Epoch 3/3:  33%|███▎      | 538/1625 [01:21<02:37,  6.92it/s, acc=78.6%, loss=0.566]
Epoch 3/3:  33%|███▎      | 539/1625 [01:21<02:33,  7.06it/s, acc=78.6%, loss=0.566]
Epoch 3/3:  33%|███▎      | 539/1625 [01:21<02:33,  7.06it/s, acc=78.6%, loss=0.516]
Epoch 3/3:  33%|███▎      | 540/1625 [01:21<02:33,  7.08it/s, acc=78.6%, loss=0.516]
Epoch 3/3:  33%|███▎      | 540/1625 [01:21<02:33,  7.08it/s, acc=78.6%, loss=0.476]
Epoch 3/3:  33%|███▎      | 541/1625 [01:21<02:30,  7.20it/s, acc=78.6%, loss=0.476]
Epoch 3/3:  33%|███▎      | 541/1625 [01:21<02:30,  7.20it/s, acc=78.6%, loss=0.582]
Epoch 3/3:  33%|███▎      | 542/1625 [01:21<02:33,  7.04it/s, acc=78.6%, loss=0.582]
Epoch 3/3:  33%|███▎      | 542/1625 [01:21<02:33,  7.04it/s, acc=78.6%, loss=0.377]
Epoch 3/3:  33%|███▎      | 543/1625 [01:21<02:31,  7.13it/s, acc=78.6%, loss=0.377]
Epoch 3/3:  33%|███▎      | 543/1625 [01:22<02:31,  7.13it/s, acc=78.6%, loss=0.298]
Epoch 3/3:  33%|███▎      | 544/1625 [01:22<02:27,  7.32it/s, acc=78.6%, loss=0.298]
Epoch 3/3:  33%|███▎      | 544/1625 [01:22<02:27,  7.32it/s, acc=78.6%, loss=0.580]
Epoch 3/3:  34%|███▎      | 545/1625 [01:22<02:25,  7.42it/s, acc=78.6%, loss=0.580]
Epoch 3/3:  34%|███▎      | 545/1625 [01:22<02:25,  7.42it/s, acc=78.6%, loss=0.512]
Epoch 3/3:  34%|███▎      | 546/1625 [01:22<02:19,  7.74it/s, acc=78.6%, loss=0.512]
Epoch 3/3:  34%|███▎      | 546/1625 [01:22<02:19,  7.74it/s, acc=78.6%, loss=0.531]
Epoch 3/3:  34%|███▎      | 547/1625 [01:22<02:28,  7.25it/s, acc=78.6%, loss=0.531]
Epoch 3/3:  34%|███▎      | 547/1625 [01:22<02:28,  7.25it/s, acc=78.6%, loss=0.574]
Epoch 3/3:  34%|███▎      | 548/1625 [01:22<02:29,  7.18it/s, acc=78.6%, loss=0.574]
Epoch 3/3:  34%|███▎      | 548/1625 [01:22<02:29,  7.18it/s, acc=78.7%, loss=0.436]
Epoch 3/3:  34%|███▍      | 549/1625 [01:22<02:55,  6.12it/s, acc=78.7%, loss=0.436]
Epoch 3/3:  34%|███▍      | 549/1625 [01:23<02:55,  6.12it/s, acc=78.7%, loss=0.360]
Epoch 3/3:  34%|███▍      | 550/1625 [01:23<02:56,  6.08it/s, acc=78.7%, loss=0.360]
Epoch 3/3:  34%|███▍      | 550/1625 [01:23<02:56,  6.08it/s, acc=78.7%, loss=0.506]
Epoch 3/3:  34%|███▍      | 551/1625 [01:23<02:44,  6.54it/s, acc=78.7%, loss=0.506]
Epoch 3/3:  34%|███▍      | 551/1625 [01:23<02:44,  6.54it/s, acc=78.7%, loss=0.361]
Epoch 3/3:  34%|███▍      | 552/1625 [01:23<02:33,  7.00it/s, acc=78.7%, loss=0.361]
Epoch 3/3:  34%|███▍      | 552/1625 [01:23<02:33,  7.00it/s, acc=78.7%, loss=0.525]
Epoch 3/3:  34%|███▍      | 553/1625 [01:23<02:23,  7.47it/s, acc=78.7%, loss=0.525]
Epoch 3/3:  34%|███▍      | 553/1625 [01:23<02:23,  7.47it/s, acc=78.7%, loss=0.480]
Epoch 3/3:  34%|███▍      | 554/1625 [01:23<02:52,  6.22it/s, acc=78.7%, loss=0.480]
Epoch 3/3:  34%|███▍      | 554/1625 [01:23<02:52,  6.22it/s, acc=78.7%, loss=0.609]
Epoch 3/3:  34%|███▍      | 555/1625 [01:23<03:21,  5.31it/s, acc=78.7%, loss=0.609]
Epoch 3/3:  34%|███▍      | 555/1625 [01:24<03:21,  5.31it/s, acc=78.7%, loss=0.552]
Epoch 3/3:  34%|███▍      | 556/1625 [01:24<03:30,  5.09it/s, acc=78.7%, loss=0.552]
Epoch 3/3:  34%|███▍      | 556/1625 [01:24<03:30,  5.09it/s, acc=78.7%, loss=0.663]
Epoch 3/3:  34%|███▍      | 557/1625 [01:24<03:32,  5.02it/s, acc=78.7%, loss=0.663]
Epoch 3/3:  34%|███▍      | 557/1625 [01:24<03:32,  5.02it/s, acc=78.7%, loss=0.441]
Epoch 3/3:  34%|███▍      | 558/1625 [01:24<03:34,  4.98it/s, acc=78.7%, loss=0.441]
Epoch 3/3:  34%|███▍      | 558/1625 [01:24<03:34,  4.98it/s, acc=78.7%, loss=0.513]
Epoch 3/3:  34%|███▍      | 559/1625 [01:24<03:40,  4.83it/s, acc=78.7%, loss=0.513]
Epoch 3/3:  34%|███▍      | 559/1625 [01:24<03:40,  4.83it/s, acc=78.7%, loss=0.638]
Epoch 3/3:  34%|███▍      | 560/1625 [01:24<03:43,  4.76it/s, acc=78.7%, loss=0.638]
Epoch 3/3:  34%|███▍      | 560/1625 [01:25<03:43,  4.76it/s, acc=78.7%, loss=0.703]
Epoch 3/3:  35%|███▍      | 561/1625 [01:25<03:39,  4.85it/s, acc=78.7%, loss=0.703]
Epoch 3/3:  35%|███▍      | 561/1625 [01:25<03:39,  4.85it/s, acc=78.7%, loss=0.588]
Epoch 3/3:  35%|███▍      | 562/1625 [01:25<03:21,  5.26it/s, acc=78.7%, loss=0.588]
Epoch 3/3:  35%|███▍      | 562/1625 [01:25<03:21,  5.26it/s, acc=78.7%, loss=0.406]
Epoch 3/3:  35%|███▍      | 563/1625 [01:25<03:31,  5.03it/s, acc=78.7%, loss=0.406]
Epoch 3/3:  35%|███▍      | 563/1625 [01:25<03:31,  5.03it/s, acc=78.7%, loss=0.403]
Epoch 3/3:  35%|███▍      | 564/1625 [01:25<03:24,  5.20it/s, acc=78.7%, loss=0.403]
Epoch 3/3:  35%|███▍      | 564/1625 [01:25<03:24,  5.20it/s, acc=78.7%, loss=0.766]
Epoch 3/3:  35%|███▍      | 565/1625 [01:25<03:22,  5.24it/s, acc=78.7%, loss=0.766]
Epoch 3/3:  35%|███▍      | 565/1625 [01:25<03:22,  5.24it/s, acc=78.7%, loss=0.567]
Epoch 3/3:  35%|███▍      | 566/1625 [01:25<03:00,  5.87it/s, acc=78.7%, loss=0.567]
Epoch 3/3:  35%|███▍      | 566/1625 [01:26<03:00,  5.87it/s, acc=78.7%, loss=0.587]
Epoch 3/3:  35%|███▍      | 567/1625 [01:26<02:45,  6.41it/s, acc=78.7%, loss=0.587]
Epoch 3/3:  35%|███▍      | 567/1625 [01:26<02:45,  6.41it/s, acc=78.7%, loss=0.602]
Epoch 3/3:  35%|███▍      | 568/1625 [01:26<02:38,  6.69it/s, acc=78.7%, loss=0.602]
Epoch 3/3:  35%|███▍      | 568/1625 [01:26<02:38,  6.69it/s, acc=78.7%, loss=0.649]
Epoch 3/3:  35%|███▌      | 569/1625 [01:26<02:28,  7.13it/s, acc=78.7%, loss=0.649]
Epoch 3/3:  35%|███▌      | 569/1625 [01:26<02:28,  7.13it/s, acc=78.7%, loss=0.474]
Epoch 3/3:  35%|███▌      | 570/1625 [01:26<02:44,  6.42it/s, acc=78.7%, loss=0.474]
Epoch 3/3:  35%|███▌      | 570/1625 [01:26<02:44,  6.42it/s, acc=78.7%, loss=0.358]
Epoch 3/3:  35%|███▌      | 571/1625 [01:26<03:02,  5.78it/s, acc=78.7%, loss=0.358]
Epoch 3/3:  35%|███▌      | 571/1625 [01:26<03:02,  5.78it/s, acc=78.7%, loss=0.584]
Epoch 3/3:  35%|███▌      | 572/1625 [01:26<02:48,  6.23it/s, acc=78.7%, loss=0.584]
Epoch 3/3:  35%|███▌      | 572/1625 [01:27<02:48,  6.23it/s, acc=78.7%, loss=0.390]
Epoch 3/3:  35%|███▌      | 573/1625 [01:27<02:42,  6.47it/s, acc=78.7%, loss=0.390]
Epoch 3/3:  35%|███▌      | 573/1625 [01:27<02:42,  6.47it/s, acc=78.7%, loss=0.531]
Epoch 3/3:  35%|███▌      | 574/1625 [01:27<02:34,  6.78it/s, acc=78.7%, loss=0.531]
Epoch 3/3:  35%|███▌      | 574/1625 [01:27<02:34,  6.78it/s, acc=78.7%, loss=0.417]
Epoch 3/3:  35%|███▌      | 575/1625 [01:27<02:29,  7.04it/s, acc=78.7%, loss=0.417]
Epoch 3/3:  35%|███▌      | 575/1625 [01:27<02:29,  7.04it/s, acc=78.7%, loss=0.614]
Epoch 3/3:  35%|███▌      | 576/1625 [01:27<02:29,  7.03it/s, acc=78.7%, loss=0.614]
Epoch 3/3:  35%|███▌      | 576/1625 [01:27<02:29,  7.03it/s, acc=78.7%, loss=0.578]
Epoch 3/3:  36%|███▌      | 577/1625 [01:27<02:55,  5.98it/s, acc=78.7%, loss=0.578]
Epoch 3/3:  36%|███▌      | 577/1625 [01:27<02:55,  5.98it/s, acc=78.7%, loss=0.437]
Epoch 3/3:  36%|███▌      | 578/1625 [01:27<03:13,  5.40it/s, acc=78.7%, loss=0.437]
Epoch 3/3:  36%|███▌      | 578/1625 [01:28<03:13,  5.40it/s, acc=78.7%, loss=0.497]
Epoch 3/3:  36%|███▌      | 579/1625 [01:28<03:17,  5.30it/s, acc=78.7%, loss=0.497]
Epoch 3/3:  36%|███▌      | 579/1625 [01:28<03:17,  5.30it/s, acc=78.6%, loss=0.550]
Epoch 3/3:  36%|███▌      | 580/1625 [01:28<03:22,  5.16it/s, acc=78.6%, loss=0.550]
Epoch 3/3:  36%|███▌      | 580/1625 [01:28<03:22,  5.16it/s, acc=78.7%, loss=0.388]
Epoch 3/3:  36%|███▌      | 581/1625 [01:28<03:25,  5.08it/s, acc=78.7%, loss=0.388]
Epoch 3/3:  36%|███▌      | 581/1625 [01:28<03:25,  5.08it/s, acc=78.7%, loss=0.617]
Epoch 3/3:  36%|███▌      | 582/1625 [01:28<03:27,  5.03it/s, acc=78.7%, loss=0.617]
Epoch 3/3:  36%|███▌      | 582/1625 [01:28<03:27,  5.03it/s, acc=78.7%, loss=0.593]
Epoch 3/3:  36%|███▌      | 583/1625 [01:28<03:25,  5.08it/s, acc=78.7%, loss=0.593]
Epoch 3/3:  36%|███▌      | 583/1625 [01:29<03:25,  5.08it/s, acc=78.6%, loss=0.532]
Epoch 3/3:  36%|███▌      | 584/1625 [01:29<03:27,  5.01it/s, acc=78.6%, loss=0.532]
Epoch 3/3:  36%|███▌      | 584/1625 [01:29<03:27,  5.01it/s, acc=78.7%, loss=0.333]
Epoch 3/3:  36%|███▌      | 585/1625 [01:29<03:25,  5.06it/s, acc=78.7%, loss=0.333]
Epoch 3/3:  36%|███▌      | 585/1625 [01:29<03:25,  5.06it/s, acc=78.7%, loss=0.581]
Epoch 3/3:  36%|███▌      | 586/1625 [01:29<03:28,  4.99it/s, acc=78.7%, loss=0.581]
Epoch 3/3:  36%|███▌      | 586/1625 [01:29<03:28,  4.99it/s, acc=78.7%, loss=0.395]
Epoch 3/3:  36%|███▌      | 587/1625 [01:29<03:15,  5.31it/s, acc=78.7%, loss=0.395]
Epoch 3/3:  36%|███▌      | 587/1625 [01:29<03:15,  5.31it/s, acc=78.7%, loss=0.559]
Epoch 3/3:  36%|███▌      | 588/1625 [01:29<03:07,  5.53it/s, acc=78.7%, loss=0.559]
Epoch 3/3:  36%|███▌      | 588/1625 [01:29<03:07,  5.53it/s, acc=78.7%, loss=0.665]
Epoch 3/3:  36%|███▌      | 589/1625 [01:29<02:45,  6.27it/s, acc=78.7%, loss=0.665]
Epoch 3/3:  36%|███▌      | 589/1625 [01:30<02:45,  6.27it/s, acc=78.7%, loss=0.519]
Epoch 3/3:  36%|███▋      | 590/1625 [01:30<02:33,  6.72it/s, acc=78.7%, loss=0.519]
Epoch 3/3:  36%|███▋      | 590/1625 [01:30<02:33,  6.72it/s, acc=78.6%, loss=0.730]
Epoch 3/3:  36%|███▋      | 591/1625 [01:30<02:22,  7.26it/s, acc=78.6%, loss=0.730]
Epoch 3/3:  36%|███▋      | 591/1625 [01:30<02:22,  7.26it/s, acc=78.6%, loss=0.581]
Epoch 3/3:  36%|███▋      | 592/1625 [01:30<02:20,  7.36it/s, acc=78.6%, loss=0.581]
Epoch 3/3:  36%|███▋      | 592/1625 [01:30<02:20,  7.36it/s, acc=78.6%, loss=0.625]
Epoch 3/3:  36%|███▋      | 593/1625 [01:30<02:19,  7.40it/s, acc=78.6%, loss=0.625]
Epoch 3/3:  36%|███▋      | 593/1625 [01:30<02:19,  7.40it/s, acc=78.6%, loss=0.391]
Epoch 3/3:  37%|███▋      | 594/1625 [01:30<02:23,  7.20it/s, acc=78.6%, loss=0.391]
Epoch 3/3:  37%|███▋      | 594/1625 [01:30<02:23,  7.20it/s, acc=78.6%, loss=0.587]
Epoch 3/3:  37%|███▋      | 595/1625 [01:30<02:21,  7.29it/s, acc=78.6%, loss=0.587]
Epoch 3/3:  37%|███▋      | 595/1625 [01:30<02:21,  7.29it/s, acc=78.6%, loss=0.632]
Epoch 3/3:  37%|███▋      | 596/1625 [01:30<02:25,  7.10it/s, acc=78.6%, loss=0.632]
Epoch 3/3:  37%|███▋      | 596/1625 [01:31<02:25,  7.10it/s, acc=78.6%, loss=0.329]
Epoch 3/3:  37%|███▋      | 597/1625 [01:31<02:21,  7.28it/s, acc=78.6%, loss=0.329]
Epoch 3/3:  37%|███▋      | 597/1625 [01:31<02:21,  7.28it/s, acc=78.6%, loss=0.674]
Epoch 3/3:  37%|███▋      | 598/1625 [01:31<02:32,  6.73it/s, acc=78.6%, loss=0.674]
Epoch 3/3:  37%|███▋      | 598/1625 [01:31<02:32,  6.73it/s, acc=78.6%, loss=0.549]
Epoch 3/3:  37%|███▋      | 599/1625 [01:31<02:37,  6.52it/s, acc=78.6%, loss=0.549]
Epoch 3/3:  37%|███▋      | 599/1625 [01:31<02:37,  6.52it/s, acc=78.6%, loss=0.471]
Epoch 3/3:  37%|███▋      | 600/1625 [01:31<02:27,  6.95it/s, acc=78.6%, loss=0.471]
Epoch 3/3:  37%|███▋      | 600/1625 [01:31<02:27,  6.95it/s, acc=78.6%, loss=0.534]
Epoch 3/3:  37%|███▋      | 601/1625 [01:31<02:36,  6.56it/s, acc=78.6%, loss=0.534]
Epoch 3/3:  37%|███▋      | 601/1625 [01:31<02:36,  6.56it/s, acc=78.6%, loss=0.663]
Epoch 3/3:  37%|███▋      | 602/1625 [01:31<03:06,  5.47it/s, acc=78.6%, loss=0.663]
Epoch 3/3:  37%|███▋      | 602/1625 [01:32<03:06,  5.47it/s, acc=78.6%, loss=0.388]
Epoch 3/3:  37%|███▋      | 603/1625 [01:32<03:33,  4.78it/s, acc=78.6%, loss=0.388]
Epoch 3/3:  37%|███▋      | 603/1625 [01:32<03:33,  4.78it/s, acc=78.6%, loss=0.686]
Epoch 3/3:  37%|███▋      | 604/1625 [01:32<03:56,  4.31it/s, acc=78.6%, loss=0.686]
Epoch 3/3:  37%|███▋      | 604/1625 [01:32<03:56,  4.31it/s, acc=78.6%, loss=0.589]
Epoch 3/3:  37%|███▋      | 605/1625 [01:32<04:09,  4.09it/s, acc=78.6%, loss=0.589]
Epoch 3/3:  37%|███▋      | 605/1625 [01:32<04:09,  4.09it/s, acc=78.6%, loss=0.358]
Epoch 3/3:  37%|███▋      | 606/1625 [01:32<04:01,  4.21it/s, acc=78.6%, loss=0.358]
Epoch 3/3:  37%|███▋      | 606/1625 [01:33<04:01,  4.21it/s, acc=78.6%, loss=0.701]
Epoch 3/3:  37%|███▋      | 607/1625 [01:33<03:31,  4.82it/s, acc=78.6%, loss=0.701]
Epoch 3/3:  37%|███▋      | 607/1625 [01:33<03:31,  4.82it/s, acc=78.6%, loss=0.683]
Epoch 3/3:  37%|███▋      | 608/1625 [01:33<03:10,  5.34it/s, acc=78.6%, loss=0.683]
Epoch 3/3:  37%|███▋      | 608/1625 [01:33<03:10,  5.34it/s, acc=78.6%, loss=0.417]
Epoch 3/3:  37%|███▋      | 609/1625 [01:33<02:49,  5.99it/s, acc=78.6%, loss=0.417]
Epoch 3/3:  37%|███▋      | 609/1625 [01:33<02:49,  5.99it/s, acc=78.6%, loss=0.703]
Epoch 3/3:  38%|███▊      | 610/1625 [01:33<02:37,  6.43it/s, acc=78.6%, loss=0.703]
Epoch 3/3:  38%|███▊      | 610/1625 [01:33<02:37,  6.43it/s, acc=78.6%, loss=0.282]
Epoch 3/3:  38%|███▊      | 611/1625 [01:33<02:30,  6.75it/s, acc=78.6%, loss=0.282]
Epoch 3/3:  38%|███▊      | 611/1625 [01:33<02:30,  6.75it/s, acc=78.6%, loss=0.627]
Epoch 3/3:  38%|███▊      | 612/1625 [01:33<02:24,  7.01it/s, acc=78.6%, loss=0.627]
Epoch 3/3:  38%|███▊      | 612/1625 [01:33<02:24,  7.01it/s, acc=78.6%, loss=0.446]
Epoch 3/3:  38%|███▊      | 613/1625 [01:33<02:23,  7.04it/s, acc=78.6%, loss=0.446]
Epoch 3/3:  38%|███▊      | 613/1625 [01:34<02:23,  7.04it/s, acc=78.6%, loss=0.473]
Epoch 3/3:  38%|███▊      | 614/1625 [01:34<02:26,  6.88it/s, acc=78.6%, loss=0.473]
Epoch 3/3:  38%|███▊      | 614/1625 [01:34<02:26,  6.88it/s, acc=78.6%, loss=0.370]
Epoch 3/3:  38%|███▊      | 615/1625 [01:34<02:22,  7.09it/s, acc=78.6%, loss=0.370]
Epoch 3/3:  38%|███▊      | 615/1625 [01:34<02:22,  7.09it/s, acc=78.6%, loss=0.478]
Epoch 3/3:  38%|███▊      | 616/1625 [01:34<02:19,  7.25it/s, acc=78.6%, loss=0.478]
Epoch 3/3:  38%|███▊      | 616/1625 [01:34<02:19,  7.25it/s, acc=78.6%, loss=0.299]
Epoch 3/3:  38%|███▊      | 617/1625 [01:34<02:24,  6.97it/s, acc=78.6%, loss=0.299]
Epoch 3/3:  38%|███▊      | 617/1625 [01:34<02:24,  6.97it/s, acc=78.6%, loss=0.474]
Epoch 3/3:  38%|███▊      | 618/1625 [01:34<02:19,  7.24it/s, acc=78.6%, loss=0.474]
Epoch 3/3:  38%|███▊      | 618/1625 [01:34<02:19,  7.24it/s, acc=78.7%, loss=0.404]
Epoch 3/3:  38%|███▊      | 619/1625 [01:34<02:16,  7.37it/s, acc=78.7%, loss=0.404]
Epoch 3/3:  38%|███▊      | 619/1625 [01:34<02:16,  7.37it/s, acc=78.7%, loss=0.407]
Epoch 3/3:  38%|███▊      | 620/1625 [01:34<02:15,  7.44it/s, acc=78.7%, loss=0.407]
Epoch 3/3:  38%|███▊      | 620/1625 [01:34<02:15,  7.44it/s, acc=78.7%, loss=0.559]
Epoch 3/3:  38%|███▊      | 621/1625 [01:34<02:11,  7.64it/s, acc=78.7%, loss=0.559]
Epoch 3/3:  38%|███▊      | 621/1625 [01:35<02:11,  7.64it/s, acc=78.6%, loss=0.689]
Epoch 3/3:  38%|███▊      | 622/1625 [01:35<02:24,  6.96it/s, acc=78.6%, loss=0.689]
Epoch 3/3:  38%|███▊      | 622/1625 [01:35<02:24,  6.96it/s, acc=78.7%, loss=0.401]
Epoch 3/3:  38%|███▊      | 623/1625 [01:35<02:31,  6.62it/s, acc=78.7%, loss=0.401]
Epoch 3/3:  38%|███▊      | 623/1625 [01:35<02:31,  6.62it/s, acc=78.7%, loss=0.516]
Epoch 3/3:  38%|███▊      | 624/1625 [01:35<02:19,  7.18it/s, acc=78.7%, loss=0.516]
Epoch 3/3:  38%|███▊      | 624/1625 [01:35<02:19,  7.18it/s, acc=78.7%, loss=0.403]
Epoch 3/3:  38%|███▊      | 625/1625 [01:35<02:23,  6.96it/s, acc=78.7%, loss=0.403]
Epoch 3/3:  38%|███▊      | 625/1625 [01:35<02:23,  6.96it/s, acc=78.7%, loss=0.531]
Epoch 3/3:  39%|███▊      | 626/1625 [01:35<02:15,  7.39it/s, acc=78.7%, loss=0.531]
Epoch 3/3:  39%|███▊      | 626/1625 [01:35<02:15,  7.39it/s, acc=78.6%, loss=0.478]
Epoch 3/3:  39%|███▊      | 627/1625 [01:35<02:16,  7.33it/s, acc=78.6%, loss=0.478]
Epoch 3/3:  39%|███▊      | 627/1625 [01:35<02:16,  7.33it/s, acc=78.7%, loss=0.417]
Epoch 3/3:  39%|███▊      | 628/1625 [01:35<02:15,  7.36it/s, acc=78.7%, loss=0.417]
Epoch 3/3:  39%|███▊      | 628/1625 [01:36<02:15,  7.36it/s, acc=78.6%, loss=0.835]
Epoch 3/3:  39%|███▊      | 629/1625 [01:36<02:08,  7.73it/s, acc=78.6%, loss=0.835]
Epoch 3/3:  39%|███▊      | 629/1625 [01:36<02:08,  7.73it/s, acc=78.6%, loss=0.510]
Epoch 3/3:  39%|███▉      | 630/1625 [01:36<02:08,  7.72it/s, acc=78.6%, loss=0.510]
Epoch 3/3:  39%|███▉      | 630/1625 [01:36<02:08,  7.72it/s, acc=78.6%, loss=0.337]
Epoch 3/3:  39%|███▉      | 631/1625 [01:36<02:10,  7.59it/s, acc=78.6%, loss=0.337]
Epoch 3/3:  39%|███▉      | 631/1625 [01:36<02:10,  7.59it/s, acc=78.6%, loss=0.564]
Epoch 3/3:  39%|███▉      | 632/1625 [01:36<02:12,  7.47it/s, acc=78.6%, loss=0.564]
Epoch 3/3:  39%|███▉      | 632/1625 [01:36<02:12,  7.47it/s, acc=78.6%, loss=0.511]
Epoch 3/3:  39%|███▉      | 633/1625 [01:36<02:12,  7.50it/s, acc=78.6%, loss=0.511]
Epoch 3/3:  39%|███▉      | 633/1625 [01:36<02:12,  7.50it/s, acc=78.6%, loss=0.591]
Epoch 3/3:  39%|███▉      | 634/1625 [01:36<02:16,  7.25it/s, acc=78.6%, loss=0.591]
Epoch 3/3:  39%|███▉      | 634/1625 [01:36<02:16,  7.25it/s, acc=78.6%, loss=0.817]
Epoch 3/3:  39%|███▉      | 635/1625 [01:36<02:27,  6.73it/s, acc=78.6%, loss=0.817]
Epoch 3/3:  39%|███▉      | 635/1625 [01:37<02:27,  6.73it/s, acc=78.6%, loss=0.556]
Epoch 3/3:  39%|███▉      | 636/1625 [01:37<02:25,  6.81it/s, acc=78.6%, loss=0.556]
Epoch 3/3:  39%|███▉      | 636/1625 [01:37<02:25,  6.81it/s, acc=78.6%, loss=0.461]
Epoch 3/3:  39%|███▉      | 637/1625 [01:37<02:16,  7.25it/s, acc=78.6%, loss=0.461]
Epoch 3/3:  39%|███▉      | 637/1625 [01:37<02:16,  7.25it/s, acc=78.6%, loss=0.538]
Epoch 3/3:  39%|███▉      | 638/1625 [01:37<02:08,  7.70it/s, acc=78.6%, loss=0.538]
Epoch 3/3:  39%|███▉      | 638/1625 [01:37<02:08,  7.70it/s, acc=78.6%, loss=0.595]
Epoch 3/3:  39%|███▉      | 639/1625 [01:37<02:07,  7.71it/s, acc=78.6%, loss=0.595]
Epoch 3/3:  39%|███▉      | 639/1625 [01:37<02:07,  7.71it/s, acc=78.6%, loss=0.729]
Epoch 3/3:  39%|███▉      | 640/1625 [01:37<02:10,  7.56it/s, acc=78.6%, loss=0.729]
Epoch 3/3:  39%|███▉      | 640/1625 [01:37<02:10,  7.56it/s, acc=78.6%, loss=0.557]
Epoch 3/3:  39%|███▉      | 641/1625 [01:37<02:13,  7.37it/s, acc=78.6%, loss=0.557]
Epoch 3/3:  39%|███▉      | 641/1625 [01:37<02:13,  7.37it/s, acc=78.6%, loss=0.673]
Epoch 3/3:  40%|███▉      | 642/1625 [01:37<02:14,  7.28it/s, acc=78.6%, loss=0.673]
Epoch 3/3:  40%|███▉      | 642/1625 [01:37<02:14,  7.28it/s, acc=78.6%, loss=0.364]
Epoch 3/3:  40%|███▉      | 643/1625 [01:37<02:11,  7.49it/s, acc=78.6%, loss=0.364]
Epoch 3/3:  40%|███▉      | 643/1625 [01:38<02:11,  7.49it/s, acc=78.6%, loss=0.552]
Epoch 3/3:  40%|███▉      | 644/1625 [01:38<02:07,  7.67it/s, acc=78.6%, loss=0.552]
Epoch 3/3:  40%|███▉      | 644/1625 [01:38<02:07,  7.67it/s, acc=78.6%, loss=0.666]
Epoch 3/3:  40%|███▉      | 645/1625 [01:38<02:09,  7.55it/s, acc=78.6%, loss=0.666]
Epoch 3/3:  40%|███▉      | 645/1625 [01:38<02:09,  7.55it/s, acc=78.6%, loss=0.680]
Epoch 3/3:  40%|███▉      | 646/1625 [01:38<02:05,  7.78it/s, acc=78.6%, loss=0.680]
Epoch 3/3:  40%|███▉      | 646/1625 [01:38<02:05,  7.78it/s, acc=78.6%, loss=0.566]
Epoch 3/3:  40%|███▉      | 647/1625 [01:38<02:09,  7.57it/s, acc=78.6%, loss=0.566]
Epoch 3/3:  40%|███▉      | 647/1625 [01:38<02:09,  7.57it/s, acc=78.6%, loss=0.507]
Epoch 3/3:  40%|███▉      | 648/1625 [01:38<02:09,  7.56it/s, acc=78.6%, loss=0.507]
Epoch 3/3:  40%|███▉      | 648/1625 [01:38<02:09,  7.56it/s, acc=78.6%, loss=0.677]
Epoch 3/3:  40%|███▉      | 649/1625 [01:38<02:08,  7.58it/s, acc=78.6%, loss=0.677]
Epoch 3/3:  40%|███▉      | 649/1625 [01:38<02:08,  7.58it/s, acc=78.6%, loss=0.390]
Epoch 3/3:  40%|████      | 650/1625 [01:38<02:08,  7.60it/s, acc=78.6%, loss=0.390]
Epoch 3/3:  40%|████      | 650/1625 [01:39<02:08,  7.60it/s, acc=78.6%, loss=0.437]
Epoch 3/3:  40%|████      | 651/1625 [01:39<02:04,  7.83it/s, acc=78.6%, loss=0.437]
Epoch 3/3:  40%|████      | 651/1625 [01:39<02:04,  7.83it/s, acc=78.6%, loss=0.489]
Epoch 3/3:  40%|████      | 652/1625 [01:39<02:29,  6.50it/s, acc=78.6%, loss=0.489]
Epoch 3/3:  40%|████      | 652/1625 [01:39<02:29,  6.50it/s, acc=78.6%, loss=0.510]
Epoch 3/3:  40%|████      | 653/1625 [01:39<02:20,  6.92it/s, acc=78.6%, loss=0.510]
Epoch 3/3:  40%|████      | 653/1625 [01:39<02:20,  6.92it/s, acc=78.6%, loss=0.443]
Epoch 3/3:  40%|████      | 654/1625 [01:39<02:16,  7.14it/s, acc=78.6%, loss=0.443]
Epoch 3/3:  40%|████      | 654/1625 [01:39<02:16,  7.14it/s, acc=78.6%, loss=0.425]
Epoch 3/3:  40%|████      | 655/1625 [01:39<02:15,  7.15it/s, acc=78.6%, loss=0.425]
Epoch 3/3:  40%|████      | 655/1625 [01:39<02:15,  7.15it/s, acc=78.6%, loss=0.513]
Epoch 3/3:  40%|████      | 656/1625 [01:39<02:14,  7.21it/s, acc=78.6%, loss=0.513]
Epoch 3/3:  40%|████      | 656/1625 [01:39<02:14,  7.21it/s, acc=78.6%, loss=0.404]
Epoch 3/3:  40%|████      | 657/1625 [01:39<02:14,  7.22it/s, acc=78.6%, loss=0.404]
Epoch 3/3:  40%|████      | 657/1625 [01:40<02:14,  7.22it/s, acc=78.6%, loss=0.428]
Epoch 3/3:  40%|████      | 658/1625 [01:40<02:42,  5.93it/s, acc=78.6%, loss=0.428]
Epoch 3/3:  40%|████      | 658/1625 [01:40<02:42,  5.93it/s, acc=78.6%, loss=0.562]
Epoch 3/3:  41%|████      | 659/1625 [01:40<02:43,  5.89it/s, acc=78.6%, loss=0.562]
Epoch 3/3:  41%|████      | 659/1625 [01:40<02:43,  5.89it/s, acc=78.6%, loss=0.644]
Epoch 3/3:  41%|████      | 660/1625 [01:40<02:35,  6.20it/s, acc=78.6%, loss=0.644]
Epoch 3/3:  41%|████      | 660/1625 [01:40<02:35,  6.20it/s, acc=78.6%, loss=0.374]
Epoch 3/3:  41%|████      | 661/1625 [01:40<02:28,  6.48it/s, acc=78.6%, loss=0.374]
Epoch 3/3:  41%|████      | 661/1625 [01:40<02:28,  6.48it/s, acc=78.6%, loss=0.444]
Epoch 3/3:  41%|████      | 662/1625 [01:40<02:35,  6.18it/s, acc=78.6%, loss=0.444]
Epoch 3/3:  41%|████      | 662/1625 [01:40<02:35,  6.18it/s, acc=78.6%, loss=0.401]
Epoch 3/3:  41%|████      | 663/1625 [01:40<02:39,  6.02it/s, acc=78.6%, loss=0.401]
Epoch 3/3:  41%|████      | 663/1625 [01:41<02:39,  6.02it/s, acc=78.6%, loss=0.560]
Epoch 3/3:  41%|████      | 664/1625 [01:41<02:35,  6.17it/s, acc=78.6%, loss=0.560]
Epoch 3/3:  41%|████      | 664/1625 [01:41<02:35,  6.17it/s, acc=78.6%, loss=0.633]
Epoch 3/3:  41%|████      | 665/1625 [01:41<02:28,  6.47it/s, acc=78.6%, loss=0.633]
Epoch 3/3:  41%|████      | 665/1625 [01:41<02:28,  6.47it/s, acc=78.6%, loss=0.382]
Epoch 3/3:  41%|████      | 666/1625 [01:41<02:31,  6.34it/s, acc=78.6%, loss=0.382]
Epoch 3/3:  41%|████      | 666/1625 [01:41<02:31,  6.34it/s, acc=78.6%, loss=0.648]
Epoch 3/3:  41%|████      | 667/1625 [01:41<02:18,  6.91it/s, acc=78.6%, loss=0.648]
Epoch 3/3:  41%|████      | 667/1625 [01:41<02:18,  6.91it/s, acc=78.6%, loss=0.827]
Epoch 3/3:  41%|████      | 668/1625 [01:41<02:08,  7.46it/s, acc=78.6%, loss=0.827]
Epoch 3/3:  41%|████      | 668/1625 [01:41<02:08,  7.46it/s, acc=78.6%, loss=0.527]
Epoch 3/3:  41%|████      | 669/1625 [01:41<02:03,  7.74it/s, acc=78.6%, loss=0.527]
Epoch 3/3:  41%|████      | 669/1625 [01:41<02:03,  7.74it/s, acc=78.6%, loss=0.434]
Epoch 3/3:  41%|████      | 670/1625 [01:41<02:06,  7.56it/s, acc=78.6%, loss=0.434]
Epoch 3/3:  41%|████      | 670/1625 [01:42<02:06,  7.56it/s, acc=78.6%, loss=0.659]
Epoch 3/3:  41%|████▏     | 671/1625 [01:42<02:15,  7.06it/s, acc=78.6%, loss=0.659]
Epoch 3/3:  41%|████▏     | 671/1625 [01:42<02:15,  7.06it/s, acc=78.6%, loss=0.355]
Epoch 3/3:  41%|████▏     | 672/1625 [01:42<02:13,  7.13it/s, acc=78.6%, loss=0.355]
Epoch 3/3:  41%|████▏     | 672/1625 [01:42<02:13,  7.13it/s, acc=78.6%, loss=0.564]
Epoch 3/3:  41%|████▏     | 673/1625 [01:42<02:19,  6.85it/s, acc=78.6%, loss=0.564]
Epoch 3/3:  41%|████▏     | 673/1625 [01:42<02:19,  6.85it/s, acc=78.6%, loss=0.542]
Epoch 3/3:  41%|████▏     | 674/1625 [01:42<02:25,  6.54it/s, acc=78.6%, loss=0.542]
Epoch 3/3:  41%|████▏     | 674/1625 [01:42<02:25,  6.54it/s, acc=78.6%, loss=0.786]
Epoch 3/3:  42%|████▏     | 675/1625 [01:42<02:23,  6.63it/s, acc=78.6%, loss=0.786]
Epoch 3/3:  42%|████▏     | 675/1625 [01:42<02:23,  6.63it/s, acc=78.6%, loss=0.535]
Epoch 3/3:  42%|████▏     | 676/1625 [01:42<02:19,  6.81it/s, acc=78.6%, loss=0.535]
Epoch 3/3:  42%|████▏     | 676/1625 [01:42<02:19,  6.81it/s, acc=78.6%, loss=0.678]
Epoch 3/3:  42%|████▏     | 677/1625 [01:42<02:19,  6.78it/s, acc=78.6%, loss=0.678]
Epoch 3/3:  42%|████▏     | 677/1625 [01:43<02:19,  6.78it/s, acc=78.6%, loss=0.403]
Epoch 3/3:  42%|████▏     | 678/1625 [01:43<02:19,  6.80it/s, acc=78.6%, loss=0.403]
Epoch 3/3:  42%|████▏     | 678/1625 [01:43<02:19,  6.80it/s, acc=78.6%, loss=0.401]
Epoch 3/3:  42%|████▏     | 679/1625 [01:43<02:27,  6.41it/s, acc=78.6%, loss=0.401]
Epoch 3/3:  42%|████▏     | 679/1625 [01:43<02:27,  6.41it/s, acc=78.6%, loss=0.491]
Epoch 3/3:  42%|████▏     | 680/1625 [01:43<02:20,  6.74it/s, acc=78.6%, loss=0.491]
Epoch 3/3:  42%|████▏     | 680/1625 [01:43<02:20,  6.74it/s, acc=78.6%, loss=0.353]
Epoch 3/3:  42%|████▏     | 681/1625 [01:43<02:22,  6.61it/s, acc=78.6%, loss=0.353]
Epoch 3/3:  42%|████▏     | 681/1625 [01:43<02:22,  6.61it/s, acc=78.6%, loss=0.615]
Epoch 3/3:  42%|████▏     | 682/1625 [01:43<02:15,  6.95it/s, acc=78.6%, loss=0.615]
Epoch 3/3:  42%|████▏     | 682/1625 [01:43<02:15,  6.95it/s, acc=78.6%, loss=0.378]
Epoch 3/3:  42%|████▏     | 683/1625 [01:43<02:13,  7.07it/s, acc=78.6%, loss=0.378]
Epoch 3/3:  42%|████▏     | 683/1625 [01:43<02:13,  7.07it/s, acc=78.6%, loss=0.637]
Epoch 3/3:  42%|████▏     | 684/1625 [01:43<02:16,  6.90it/s, acc=78.6%, loss=0.637]
Epoch 3/3:  42%|████▏     | 684/1625 [01:44<02:16,  6.90it/s, acc=78.6%, loss=0.461]
Epoch 3/3:  42%|████▏     | 685/1625 [01:44<02:17,  6.82it/s, acc=78.6%, loss=0.461]
Epoch 3/3:  42%|████▏     | 685/1625 [01:44<02:17,  6.82it/s, acc=78.6%, loss=0.587]
Epoch 3/3:  42%|████▏     | 686/1625 [01:44<02:14,  7.00it/s, acc=78.6%, loss=0.587]
Epoch 3/3:  42%|████▏     | 686/1625 [01:44<02:14,  7.00it/s, acc=78.6%, loss=0.509]
Epoch 3/3:  42%|████▏     | 687/1625 [01:44<02:28,  6.32it/s, acc=78.6%, loss=0.509]
Epoch 3/3:  42%|████▏     | 687/1625 [01:44<02:28,  6.32it/s, acc=78.6%, loss=0.523]
Epoch 3/3:  42%|████▏     | 688/1625 [01:44<02:25,  6.45it/s, acc=78.6%, loss=0.523]
Epoch 3/3:  42%|████▏     | 688/1625 [01:44<02:25,  6.45it/s, acc=78.6%, loss=0.727]
Epoch 3/3:  42%|████▏     | 689/1625 [01:44<02:19,  6.73it/s, acc=78.6%, loss=0.727]
Epoch 3/3:  42%|████▏     | 689/1625 [01:44<02:19,  6.73it/s, acc=78.6%, loss=0.576]
Epoch 3/3:  42%|████▏     | 690/1625 [01:44<02:16,  6.85it/s, acc=78.6%, loss=0.576]
Epoch 3/3:  42%|████▏     | 690/1625 [01:44<02:16,  6.85it/s, acc=78.6%, loss=0.519]
Epoch 3/3:  43%|████▎     | 691/1625 [01:44<02:05,  7.43it/s, acc=78.6%, loss=0.519]
Epoch 3/3:  43%|████▎     | 691/1625 [01:45<02:05,  7.43it/s, acc=78.6%, loss=0.298]
Epoch 3/3:  43%|████▎     | 692/1625 [01:45<02:02,  7.60it/s, acc=78.6%, loss=0.298]
Epoch 3/3:  43%|████▎     | 692/1625 [01:45<02:02,  7.60it/s, acc=78.6%, loss=0.520]
Epoch 3/3:  43%|████▎     | 693/1625 [01:45<02:01,  7.65it/s, acc=78.6%, loss=0.520]
Epoch 3/3:  43%|████▎     | 693/1625 [01:45<02:01,  7.65it/s, acc=78.6%, loss=0.398]
Epoch 3/3:  43%|████▎     | 694/1625 [01:45<01:55,  8.08it/s, acc=78.6%, loss=0.398]
Epoch 3/3:  43%|████▎     | 694/1625 [01:45<01:55,  8.08it/s, acc=78.6%, loss=0.635]
Epoch 3/3:  43%|████▎     | 695/1625 [01:45<01:54,  8.09it/s, acc=78.6%, loss=0.635]
Epoch 3/3:  43%|████▎     | 695/1625 [01:45<01:54,  8.09it/s, acc=78.6%, loss=0.684]
Epoch 3/3:  43%|████▎     | 696/1625 [01:45<02:05,  7.43it/s, acc=78.6%, loss=0.684]
Epoch 3/3:  43%|████▎     | 696/1625 [01:45<02:05,  7.43it/s, acc=78.6%, loss=0.419]
Epoch 3/3:  43%|████▎     | 697/1625 [01:45<02:15,  6.84it/s, acc=78.6%, loss=0.419]
Epoch 3/3:  43%|████▎     | 697/1625 [01:45<02:15,  6.84it/s, acc=78.6%, loss=0.459]
Epoch 3/3:  43%|████▎     | 698/1625 [01:45<02:08,  7.23it/s, acc=78.6%, loss=0.459]
Epoch 3/3:  43%|████▎     | 698/1625 [01:46<02:08,  7.23it/s, acc=78.6%, loss=0.382]
Epoch 3/3:  43%|████▎     | 699/1625 [01:46<02:11,  7.05it/s, acc=78.6%, loss=0.382]
Epoch 3/3:  43%|████▎     | 699/1625 [01:46<02:11,  7.05it/s, acc=78.6%, loss=0.550]
Epoch 3/3:  43%|████▎     | 700/1625 [01:46<02:36,  5.92it/s, acc=78.6%, loss=0.550]
Epoch 3/3:  43%|████▎     | 700/1625 [01:46<02:36,  5.92it/s, acc=78.6%, loss=0.514]
Epoch 3/3:  43%|████▎     | 701/1625 [01:46<02:31,  6.11it/s, acc=78.6%, loss=0.514]
Epoch 3/3:  43%|████▎     | 701/1625 [01:46<02:31,  6.11it/s, acc=78.6%, loss=0.727]
Epoch 3/3:  43%|████▎     | 702/1625 [01:46<02:21,  6.53it/s, acc=78.6%, loss=0.727]
Epoch 3/3:  43%|████▎     | 702/1625 [01:46<02:21,  6.53it/s, acc=78.6%, loss=0.458]
Epoch 3/3:  43%|████▎     | 703/1625 [01:46<02:23,  6.44it/s, acc=78.6%, loss=0.458]
Epoch 3/3:  43%|████▎     | 703/1625 [01:46<02:23,  6.44it/s, acc=78.6%, loss=0.482]
Epoch 3/3:  43%|████▎     | 704/1625 [01:46<02:37,  5.84it/s, acc=78.6%, loss=0.482]
Epoch 3/3:  43%|████▎     | 704/1625 [01:47<02:37,  5.84it/s, acc=78.6%, loss=0.384]
Epoch 3/3:  43%|████▎     | 705/1625 [01:47<02:41,  5.70it/s, acc=78.6%, loss=0.384]
Epoch 3/3:  43%|████▎     | 705/1625 [01:47<02:41,  5.70it/s, acc=78.6%, loss=0.643]
Epoch 3/3:  43%|████▎     | 706/1625 [01:47<02:40,  5.74it/s, acc=78.6%, loss=0.643]
Epoch 3/3:  43%|████▎     | 706/1625 [01:47<02:40,  5.74it/s, acc=78.6%, loss=0.468]
Epoch 3/3:  44%|████▎     | 707/1625 [01:47<02:41,  5.68it/s, acc=78.6%, loss=0.468]
Epoch 3/3:  44%|████▎     | 707/1625 [01:47<02:41,  5.68it/s, acc=78.6%, loss=0.574]
Epoch 3/3:  44%|████▎     | 708/1625 [01:47<02:45,  5.55it/s, acc=78.6%, loss=0.574]
Epoch 3/3:  44%|████▎     | 708/1625 [01:47<02:45,  5.55it/s, acc=78.6%, loss=0.550]
Epoch 3/3:  44%|████▎     | 709/1625 [01:47<02:34,  5.92it/s, acc=78.6%, loss=0.550]
Epoch 3/3:  44%|████▎     | 709/1625 [01:47<02:34,  5.92it/s, acc=78.6%, loss=0.705]
Epoch 3/3:  44%|████▎     | 710/1625 [01:47<02:24,  6.32it/s, acc=78.6%, loss=0.705]
Epoch 3/3:  44%|████▎     | 710/1625 [01:48<02:24,  6.32it/s, acc=78.6%, loss=0.478]
Epoch 3/3:  44%|████▍     | 711/1625 [01:48<02:23,  6.39it/s, acc=78.6%, loss=0.478]
Epoch 3/3:  44%|████▍     | 711/1625 [01:48<02:23,  6.39it/s, acc=78.6%, loss=0.556]
Epoch 3/3:  44%|████▍     | 712/1625 [01:48<02:11,  6.92it/s, acc=78.6%, loss=0.556]
Epoch 3/3:  44%|████▍     | 712/1625 [01:48<02:11,  6.92it/s, acc=78.6%, loss=0.416]
Epoch 3/3:  44%|████▍     | 713/1625 [01:48<02:10,  7.01it/s, acc=78.6%, loss=0.416]
Epoch 3/3:  44%|████▍     | 713/1625 [01:48<02:10,  7.01it/s, acc=78.6%, loss=0.518]
Epoch 3/3:  44%|████▍     | 714/1625 [01:48<02:23,  6.36it/s, acc=78.6%, loss=0.518]
Epoch 3/3:  44%|████▍     | 714/1625 [01:48<02:23,  6.36it/s, acc=78.6%, loss=0.719]
Epoch 3/3:  44%|████▍     | 715/1625 [01:48<02:24,  6.28it/s, acc=78.6%, loss=0.719]
Epoch 3/3:  44%|████▍     | 715/1625 [01:48<02:24,  6.28it/s, acc=78.6%, loss=0.794]
Epoch 3/3:  44%|████▍     | 716/1625 [01:48<02:18,  6.56it/s, acc=78.6%, loss=0.794]
Epoch 3/3:  44%|████▍     | 716/1625 [01:48<02:18,  6.56it/s, acc=78.6%, loss=0.497]
Epoch 3/3:  44%|████▍     | 717/1625 [01:48<02:12,  6.87it/s, acc=78.6%, loss=0.497]
Epoch 3/3:  44%|████▍     | 717/1625 [01:49<02:12,  6.87it/s, acc=78.6%, loss=0.591]
Epoch 3/3:  44%|████▍     | 718/1625 [01:49<02:07,  7.13it/s, acc=78.6%, loss=0.591]
Epoch 3/3:  44%|████▍     | 718/1625 [01:49<02:07,  7.13it/s, acc=78.5%, loss=0.643]
Epoch 3/3:  44%|████▍     | 719/1625 [01:49<02:16,  6.63it/s, acc=78.5%, loss=0.643]
Epoch 3/3:  44%|████▍     | 719/1625 [01:49<02:16,  6.63it/s, acc=78.5%, loss=0.616]
Epoch 3/3:  44%|████▍     | 720/1625 [01:49<02:14,  6.75it/s, acc=78.5%, loss=0.616]
Epoch 3/3:  44%|████▍     | 720/1625 [01:49<02:14,  6.75it/s, acc=78.5%, loss=0.548]
Epoch 3/3:  44%|████▍     | 721/1625 [01:49<02:10,  6.91it/s, acc=78.5%, loss=0.548]
Epoch 3/3:  44%|████▍     | 721/1625 [01:49<02:10,  6.91it/s, acc=78.5%, loss=0.649]
Epoch 3/3:  44%|████▍     | 722/1625 [01:49<02:30,  6.01it/s, acc=78.5%, loss=0.649]
Epoch 3/3:  44%|████▍     | 722/1625 [01:49<02:30,  6.01it/s, acc=78.5%, loss=0.517]
Epoch 3/3:  44%|████▍     | 723/1625 [01:49<02:17,  6.57it/s, acc=78.5%, loss=0.517]
Epoch 3/3:  44%|████▍     | 723/1625 [01:50<02:17,  6.57it/s, acc=78.5%, loss=0.555]
Epoch 3/3:  45%|████▍     | 724/1625 [01:50<02:20,  6.42it/s, acc=78.5%, loss=0.555]
Epoch 3/3:  45%|████▍     | 724/1625 [01:50<02:20,  6.42it/s, acc=78.5%, loss=0.527]
Epoch 3/3:  45%|████▍     | 725/1625 [01:50<02:18,  6.52it/s, acc=78.5%, loss=0.527]
Epoch 3/3:  45%|████▍     | 725/1625 [01:50<02:18,  6.52it/s, acc=78.5%, loss=0.522]
Epoch 3/3:  45%|████▍     | 726/1625 [01:50<02:13,  6.75it/s, acc=78.5%, loss=0.522]
Epoch 3/3:  45%|████▍     | 726/1625 [01:50<02:13,  6.75it/s, acc=78.5%, loss=0.462]
Epoch 3/3:  45%|████▍     | 727/1625 [01:50<02:08,  6.97it/s, acc=78.5%, loss=0.462]
Epoch 3/3:  45%|████▍     | 727/1625 [01:50<02:08,  6.97it/s, acc=78.5%, loss=0.562]
Epoch 3/3:  45%|████▍     | 728/1625 [01:50<02:19,  6.41it/s, acc=78.5%, loss=0.562]
Epoch 3/3:  45%|████▍     | 728/1625 [01:50<02:19,  6.41it/s, acc=78.5%, loss=0.487]
Epoch 3/3:  45%|████▍     | 729/1625 [01:50<02:25,  6.18it/s, acc=78.5%, loss=0.487]
Epoch 3/3:  45%|████▍     | 729/1625 [01:50<02:25,  6.18it/s, acc=78.5%, loss=0.404]
Epoch 3/3:  45%|████▍     | 730/1625 [01:50<02:24,  6.18it/s, acc=78.5%, loss=0.404]
Epoch 3/3:  45%|████▍     | 730/1625 [01:51<02:24,  6.18it/s, acc=78.5%, loss=0.561]
Epoch 3/3:  45%|████▍     | 731/1625 [01:51<02:20,  6.37it/s, acc=78.5%, loss=0.561]
Epoch 3/3:  45%|████▍     | 731/1625 [01:51<02:20,  6.37it/s, acc=78.5%, loss=0.697]
Epoch 3/3:  45%|████▌     | 732/1625 [01:51<02:26,  6.10it/s, acc=78.5%, loss=0.697]
Epoch 3/3:  45%|████▌     | 732/1625 [01:51<02:26,  6.10it/s, acc=78.5%, loss=0.734]
Epoch 3/3:  45%|████▌     | 733/1625 [01:51<02:17,  6.48it/s, acc=78.5%, loss=0.734]
Epoch 3/3:  45%|████▌     | 733/1625 [01:51<02:17,  6.48it/s, acc=78.5%, loss=0.511]
Epoch 3/3:  45%|████▌     | 734/1625 [01:51<02:17,  6.47it/s, acc=78.5%, loss=0.511]
Epoch 3/3:  45%|████▌     | 734/1625 [01:51<02:17,  6.47it/s, acc=78.5%, loss=0.518]
Epoch 3/3:  45%|████▌     | 735/1625 [01:51<02:19,  6.40it/s, acc=78.5%, loss=0.518]
Epoch 3/3:  45%|████▌     | 735/1625 [01:51<02:19,  6.40it/s, acc=78.5%, loss=0.459]
Epoch 3/3:  45%|████▌     | 736/1625 [01:51<02:14,  6.63it/s, acc=78.5%, loss=0.459]
Epoch 3/3:  45%|████▌     | 736/1625 [01:52<02:14,  6.63it/s, acc=78.5%, loss=0.728]
Epoch 3/3:  45%|████▌     | 737/1625 [01:52<02:19,  6.38it/s, acc=78.5%, loss=0.728]
Epoch 3/3:  45%|████▌     | 737/1625 [01:52<02:19,  6.38it/s, acc=78.5%, loss=0.604]
Epoch 3/3:  45%|████▌     | 738/1625 [01:52<02:22,  6.22it/s, acc=78.5%, loss=0.604]
Epoch 3/3:  45%|████▌     | 738/1625 [01:52<02:22,  6.22it/s, acc=78.5%, loss=0.514]
Epoch 3/3:  45%|████▌     | 739/1625 [01:52<02:29,  5.92it/s, acc=78.5%, loss=0.514]
Epoch 3/3:  45%|████▌     | 739/1625 [01:52<02:29,  5.92it/s, acc=78.5%, loss=0.921]
Epoch 3/3:  46%|████▌     | 740/1625 [01:52<02:28,  5.97it/s, acc=78.5%, loss=0.921]
Epoch 3/3:  46%|████▌     | 740/1625 [01:52<02:28,  5.97it/s, acc=78.5%, loss=0.441]
Epoch 3/3:  46%|████▌     | 741/1625 [01:52<02:14,  6.57it/s, acc=78.5%, loss=0.441]
Epoch 3/3:  46%|████▌     | 741/1625 [01:52<02:14,  6.57it/s, acc=78.5%, loss=0.669]
Epoch 3/3:  46%|████▌     | 742/1625 [01:52<02:08,  6.88it/s, acc=78.5%, loss=0.669]
Epoch 3/3:  46%|████▌     | 742/1625 [01:53<02:08,  6.88it/s, acc=78.5%, loss=0.553]
Epoch 3/3:  46%|████▌     | 743/1625 [01:53<02:18,  6.38it/s, acc=78.5%, loss=0.553]
Epoch 3/3:  46%|████▌     | 743/1625 [01:53<02:18,  6.38it/s, acc=78.5%, loss=0.504]
Epoch 3/3:  46%|████▌     | 744/1625 [01:53<02:11,  6.67it/s, acc=78.5%, loss=0.504]
Epoch 3/3:  46%|████▌     | 744/1625 [01:53<02:11,  6.67it/s, acc=78.5%, loss=0.586]
Epoch 3/3:  46%|████▌     | 745/1625 [01:53<02:13,  6.58it/s, acc=78.5%, loss=0.586]
Epoch 3/3:  46%|████▌     | 745/1625 [01:53<02:13,  6.58it/s, acc=78.5%, loss=0.635]
Epoch 3/3:  46%|████▌     | 746/1625 [01:53<02:10,  6.75it/s, acc=78.5%, loss=0.635]
Epoch 3/3:  46%|████▌     | 746/1625 [01:53<02:10,  6.75it/s, acc=78.5%, loss=0.561]
Epoch 3/3:  46%|████▌     | 747/1625 [01:53<02:06,  6.93it/s, acc=78.5%, loss=0.561]
Epoch 3/3:  46%|████▌     | 747/1625 [01:53<02:06,  6.93it/s, acc=78.5%, loss=0.701]
Epoch 3/3:  46%|████▌     | 748/1625 [01:53<02:04,  7.04it/s, acc=78.5%, loss=0.701]
Epoch 3/3:  46%|████▌     | 748/1625 [01:53<02:04,  7.04it/s, acc=78.5%, loss=0.572]
Epoch 3/3:  46%|████▌     | 749/1625 [01:53<02:03,  7.08it/s, acc=78.5%, loss=0.572]
Epoch 3/3:  46%|████▌     | 749/1625 [01:53<02:03,  7.08it/s, acc=78.5%, loss=0.385]
Epoch 3/3:  46%|████▌     | 750/1625 [01:53<02:02,  7.14it/s, acc=78.5%, loss=0.385]
Epoch 3/3:  46%|████▌     | 750/1625 [01:54<02:02,  7.14it/s, acc=78.5%, loss=0.510]
Epoch 3/3:  46%|████▌     | 751/1625 [01:54<01:55,  7.54it/s, acc=78.5%, loss=0.510]
Epoch 3/3:  46%|████▌     | 751/1625 [01:54<01:55,  7.54it/s, acc=78.5%, loss=0.534]
Epoch 3/3:  46%|████▋     | 752/1625 [01:54<02:08,  6.81it/s, acc=78.5%, loss=0.534]
Epoch 3/3:  46%|████▋     | 752/1625 [01:54<02:08,  6.81it/s, acc=78.5%, loss=0.521]
Epoch 3/3:  46%|████▋     | 753/1625 [01:54<02:16,  6.41it/s, acc=78.5%, loss=0.521]
Epoch 3/3:  46%|████▋     | 753/1625 [01:54<02:16,  6.41it/s, acc=78.5%, loss=0.429]
Epoch 3/3:  46%|████▋     | 754/1625 [01:54<02:23,  6.09it/s, acc=78.5%, loss=0.429]
Epoch 3/3:  46%|████▋     | 754/1625 [01:54<02:23,  6.09it/s, acc=78.5%, loss=0.896]
Epoch 3/3:  46%|████▋     | 755/1625 [01:54<02:23,  6.06it/s, acc=78.5%, loss=0.896]
Epoch 3/3:  46%|████▋     | 755/1625 [01:54<02:23,  6.06it/s, acc=78.4%, loss=0.671]
Epoch 3/3:  47%|████▋     | 756/1625 [01:54<02:10,  6.68it/s, acc=78.4%, loss=0.671]
Epoch 3/3:  47%|████▋     | 756/1625 [01:55<02:10,  6.68it/s, acc=78.4%, loss=0.375]
Epoch 3/3:  47%|████▋     | 757/1625 [01:55<02:05,  6.91it/s, acc=78.4%, loss=0.375]
Epoch 3/3:  47%|████▋     | 757/1625 [01:55<02:05,  6.91it/s, acc=78.4%, loss=0.655]
Epoch 3/3:  47%|████▋     | 758/1625 [01:55<02:08,  6.77it/s, acc=78.4%, loss=0.655]
Epoch 3/3:  47%|████▋     | 758/1625 [01:55<02:08,  6.77it/s, acc=78.4%, loss=0.313]
Epoch 3/3:  47%|████▋     | 759/1625 [01:55<02:12,  6.56it/s, acc=78.4%, loss=0.313]
Epoch 3/3:  47%|████▋     | 759/1625 [01:55<02:12,  6.56it/s, acc=78.5%, loss=0.425]
Epoch 3/3:  47%|████▋     | 760/1625 [01:55<02:05,  6.92it/s, acc=78.5%, loss=0.425]
Epoch 3/3:  47%|████▋     | 760/1625 [01:55<02:05,  6.92it/s, acc=78.4%, loss=0.729]
Epoch 3/3:  47%|████▋     | 761/1625 [01:55<02:01,  7.12it/s, acc=78.4%, loss=0.729]
Epoch 3/3:  47%|████▋     | 761/1625 [01:55<02:01,  7.12it/s, acc=78.4%, loss=0.460]
Epoch 3/3:  47%|████▋     | 762/1625 [01:55<01:59,  7.19it/s, acc=78.4%, loss=0.460]
Epoch 3/3:  47%|████▋     | 762/1625 [01:55<01:59,  7.19it/s, acc=78.5%, loss=0.319]
Epoch 3/3:  47%|████▋     | 763/1625 [01:55<02:09,  6.63it/s, acc=78.5%, loss=0.319]
Epoch 3/3:  47%|████▋     | 763/1625 [01:56<02:09,  6.63it/s, acc=78.5%, loss=0.652]
Epoch 3/3:  47%|████▋     | 764/1625 [01:56<02:21,  6.10it/s, acc=78.5%, loss=0.652]
Epoch 3/3:  47%|████▋     | 764/1625 [01:56<02:21,  6.10it/s, acc=78.5%, loss=0.521]
Epoch 3/3:  47%|████▋     | 765/1625 [01:56<02:27,  5.82it/s, acc=78.5%, loss=0.521]
Epoch 3/3:  47%|████▋     | 765/1625 [01:56<02:27,  5.82it/s, acc=78.5%, loss=0.431]
Epoch 3/3:  47%|████▋     | 766/1625 [01:56<02:31,  5.68it/s, acc=78.5%, loss=0.431]
Epoch 3/3:  47%|████▋     | 766/1625 [01:56<02:31,  5.68it/s, acc=78.5%, loss=0.413]
Epoch 3/3:  47%|████▋     | 767/1625 [01:56<02:46,  5.14it/s, acc=78.5%, loss=0.413]
Epoch 3/3:  47%|████▋     | 767/1625 [01:57<02:46,  5.14it/s, acc=78.5%, loss=0.515]
Epoch 3/3:  47%|████▋     | 768/1625 [01:57<03:08,  4.55it/s, acc=78.5%, loss=0.515]
Epoch 3/3:  47%|████▋     | 768/1625 [01:57<03:08,  4.55it/s, acc=78.5%, loss=0.716]
Epoch 3/3:  47%|████▋     | 769/1625 [01:57<02:59,  4.78it/s, acc=78.5%, loss=0.716]
Epoch 3/3:  47%|████▋     | 769/1625 [01:57<02:59,  4.78it/s, acc=78.5%, loss=0.410]
Epoch 3/3:  47%|████▋     | 770/1625 [01:57<02:44,  5.20it/s, acc=78.5%, loss=0.410]
Epoch 3/3:  47%|████▋     | 770/1625 [01:57<02:44,  5.20it/s, acc=78.4%, loss=0.833]
Epoch 3/3:  47%|████▋     | 771/1625 [01:57<02:27,  5.78it/s, acc=78.4%, loss=0.833]
Epoch 3/3:  47%|████▋     | 771/1625 [01:57<02:27,  5.78it/s, acc=78.5%, loss=0.360]
Epoch 3/3:  48%|████▊     | 772/1625 [01:57<02:18,  6.16it/s, acc=78.5%, loss=0.360]
Epoch 3/3:  48%|████▊     | 772/1625 [01:57<02:18,  6.16it/s, acc=78.4%, loss=0.699]
Epoch 3/3:  48%|████▊     | 773/1625 [01:57<02:11,  6.49it/s, acc=78.4%, loss=0.699]
Epoch 3/3:  48%|████▊     | 773/1625 [01:57<02:11,  6.49it/s, acc=78.4%, loss=0.551]
Epoch 3/3:  48%|████▊     | 774/1625 [01:57<02:01,  7.01it/s, acc=78.4%, loss=0.551]
Epoch 3/3:  48%|████▊     | 774/1625 [01:58<02:01,  7.01it/s, acc=78.4%, loss=0.499]
Epoch 3/3:  48%|████▊     | 775/1625 [01:58<01:56,  7.31it/s, acc=78.4%, loss=0.499]
Epoch 3/3:  48%|████▊     | 775/1625 [01:58<01:56,  7.31it/s, acc=78.4%, loss=0.525]
Epoch 3/3:  48%|████▊     | 776/1625 [01:58<02:08,  6.62it/s, acc=78.4%, loss=0.525]
Epoch 3/3:  48%|████▊     | 776/1625 [01:58<02:08,  6.62it/s, acc=78.4%, loss=0.699]
Epoch 3/3:  48%|████▊     | 777/1625 [01:58<02:13,  6.37it/s, acc=78.4%, loss=0.699]
Epoch 3/3:  48%|████▊     | 777/1625 [01:58<02:13,  6.37it/s, acc=78.4%, loss=0.682]
Epoch 3/3:  48%|████▊     | 778/1625 [01:58<02:06,  6.72it/s, acc=78.4%, loss=0.682]
Epoch 3/3:  48%|████▊     | 778/1625 [01:58<02:06,  6.72it/s, acc=78.4%, loss=0.506]
Epoch 3/3:  48%|████▊     | 779/1625 [01:58<02:02,  6.93it/s, acc=78.4%, loss=0.506]
Epoch 3/3:  48%|████▊     | 779/1625 [01:58<02:02,  6.93it/s, acc=78.4%, loss=0.515]
Epoch 3/3:  48%|████▊     | 780/1625 [01:58<01:57,  7.16it/s, acc=78.4%, loss=0.515]
Epoch 3/3:  48%|████▊     | 780/1625 [01:58<01:57,  7.16it/s, acc=78.4%, loss=0.784]
Epoch 3/3:  48%|████▊     | 781/1625 [01:58<01:56,  7.22it/s, acc=78.4%, loss=0.784]
Epoch 3/3:  48%|████▊     | 781/1625 [01:59<01:56,  7.22it/s, acc=78.4%, loss=0.531]
Epoch 3/3:  48%|████▊     | 782/1625 [01:59<01:54,  7.33it/s, acc=78.4%, loss=0.531]
Epoch 3/3:  48%|████▊     | 782/1625 [01:59<01:54,  7.33it/s, acc=78.4%, loss=0.641]
Epoch 3/3:  48%|████▊     | 783/1625 [01:59<02:00,  6.98it/s, acc=78.4%, loss=0.641]
Epoch 3/3:  48%|████▊     | 783/1625 [01:59<02:00,  6.98it/s, acc=78.4%, loss=0.520]
Epoch 3/3:  48%|████▊     | 784/1625 [01:59<02:09,  6.48it/s, acc=78.4%, loss=0.520]
Epoch 3/3:  48%|████▊     | 784/1625 [01:59<02:09,  6.48it/s, acc=78.4%, loss=0.371]
Epoch 3/3:  48%|████▊     | 785/1625 [01:59<02:05,  6.70it/s, acc=78.4%, loss=0.371]
Epoch 3/3:  48%|████▊     | 785/1625 [01:59<02:05,  6.70it/s, acc=78.4%, loss=0.548]
Epoch 3/3:  48%|████▊     | 786/1625 [01:59<02:06,  6.66it/s, acc=78.4%, loss=0.548]
Epoch 3/3:  48%|████▊     | 786/1625 [01:59<02:06,  6.66it/s, acc=78.4%, loss=0.664]
Epoch 3/3:  48%|████▊     | 787/1625 [01:59<01:59,  7.03it/s, acc=78.4%, loss=0.664]
Epoch 3/3:  48%|████▊     | 787/1625 [01:59<01:59,  7.03it/s, acc=78.4%, loss=0.428]
Epoch 3/3:  48%|████▊     | 788/1625 [01:59<01:59,  6.99it/s, acc=78.4%, loss=0.428]
Epoch 3/3:  48%|████▊     | 788/1625 [02:00<01:59,  6.99it/s, acc=78.4%, loss=0.771]
Epoch 3/3:  49%|████▊     | 789/1625 [02:00<02:02,  6.82it/s, acc=78.4%, loss=0.771]
Epoch 3/3:  49%|████▊     | 789/1625 [02:00<02:02,  6.82it/s, acc=78.4%, loss=0.476]
Epoch 3/3:  49%|████▊     | 790/1625 [02:00<02:14,  6.19it/s, acc=78.4%, loss=0.476]
Epoch 3/3:  49%|████▊     | 790/1625 [02:00<02:14,  6.19it/s, acc=78.4%, loss=0.600]
Epoch 3/3:  49%|████▊     | 791/1625 [02:00<02:05,  6.63it/s, acc=78.4%, loss=0.600]
Epoch 3/3:  49%|████▊     | 791/1625 [02:00<02:05,  6.63it/s, acc=78.4%, loss=0.514]
Epoch 3/3:  49%|████▊     | 792/1625 [02:00<02:05,  6.66it/s, acc=78.4%, loss=0.514]
Epoch 3/3:  49%|████▊     | 792/1625 [02:00<02:05,  6.66it/s, acc=78.4%, loss=0.405]
Epoch 3/3:  49%|████▉     | 793/1625 [02:00<02:15,  6.15it/s, acc=78.4%, loss=0.405]
Epoch 3/3:  49%|████▉     | 793/1625 [02:00<02:15,  6.15it/s, acc=78.4%, loss=0.619]
Epoch 3/3:  49%|████▉     | 794/1625 [02:00<02:24,  5.73it/s, acc=78.4%, loss=0.619]
Epoch 3/3:  49%|████▉     | 794/1625 [02:01<02:24,  5.73it/s, acc=78.4%, loss=0.452]
Epoch 3/3:  49%|████▉     | 795/1625 [02:01<02:32,  5.45it/s, acc=78.4%, loss=0.452]
Epoch 3/3:  49%|████▉     | 795/1625 [02:01<02:32,  5.45it/s, acc=78.4%, loss=0.569]
Epoch 3/3:  49%|████▉     | 796/1625 [02:01<02:38,  5.22it/s, acc=78.4%, loss=0.569]
Epoch 3/3:  49%|████▉     | 796/1625 [02:01<02:38,  5.22it/s, acc=78.4%, loss=0.662]
Epoch 3/3:  49%|████▉     | 797/1625 [02:01<02:39,  5.19it/s, acc=78.4%, loss=0.662]
Epoch 3/3:  49%|████▉     | 797/1625 [02:01<02:39,  5.19it/s, acc=78.4%, loss=0.586]
Epoch 3/3:  49%|████▉     | 798/1625 [02:01<02:21,  5.84it/s, acc=78.4%, loss=0.586]
Epoch 3/3:  49%|████▉     | 798/1625 [02:01<02:21,  5.84it/s, acc=78.4%, loss=0.403]
Epoch 3/3:  49%|████▉     | 799/1625 [02:01<02:16,  6.07it/s, acc=78.4%, loss=0.403]
Epoch 3/3:  49%|████▉     | 799/1625 [02:01<02:16,  6.07it/s, acc=78.4%, loss=0.513]
Epoch 3/3:  49%|████▉     | 800/1625 [02:01<02:06,  6.53it/s, acc=78.4%, loss=0.513]
Epoch 3/3:  49%|████▉     | 800/1625 [02:02<02:06,  6.53it/s, acc=78.4%, loss=0.489]
Epoch 3/3:  49%|████▉     | 801/1625 [02:02<02:00,  6.82it/s, acc=78.4%, loss=0.489]
Epoch 3/3:  49%|████▉     | 801/1625 [02:02<02:00,  6.82it/s, acc=78.4%, loss=0.231]
Epoch 3/3:  49%|████▉     | 802/1625 [02:02<01:56,  7.04it/s, acc=78.4%, loss=0.231]
Epoch 3/3:  49%|████▉     | 802/1625 [02:02<01:56,  7.04it/s, acc=78.4%, loss=0.465]
Epoch 3/3:  49%|████▉     | 803/1625 [02:02<01:55,  7.14it/s, acc=78.4%, loss=0.465]
Epoch 3/3:  49%|████▉     | 803/1625 [02:02<01:55,  7.14it/s, acc=78.5%, loss=0.377]
Epoch 3/3:  49%|████▉     | 804/1625 [02:02<01:56,  7.07it/s, acc=78.5%, loss=0.377]
Epoch 3/3:  49%|████▉     | 804/1625 [02:02<01:56,  7.07it/s, acc=78.5%, loss=0.521]
Epoch 3/3:  50%|████▉     | 805/1625 [02:02<01:52,  7.30it/s, acc=78.5%, loss=0.521]
Epoch 3/3:  50%|████▉     | 805/1625 [02:02<01:52,  7.30it/s, acc=78.5%, loss=0.715]
Epoch 3/3:  50%|████▉     | 806/1625 [02:02<01:51,  7.32it/s, acc=78.5%, loss=0.715]
Epoch 3/3:  50%|████▉     | 806/1625 [02:02<01:51,  7.32it/s, acc=78.5%, loss=0.465]
Epoch 3/3:  50%|████▉     | 807/1625 [02:02<01:51,  7.34it/s, acc=78.5%, loss=0.465]
Epoch 3/3:  50%|████▉     | 807/1625 [02:03<01:51,  7.34it/s, acc=78.5%, loss=0.577]
Epoch 3/3:  50%|████▉     | 808/1625 [02:03<01:52,  7.26it/s, acc=78.5%, loss=0.577]
Epoch 3/3:  50%|████▉     | 808/1625 [02:03<01:52,  7.26it/s, acc=78.5%, loss=0.342]
Epoch 3/3:  50%|████▉     | 809/1625 [02:03<01:49,  7.44it/s, acc=78.5%, loss=0.342]
Epoch 3/3:  50%|████▉     | 809/1625 [02:03<01:49,  7.44it/s, acc=78.5%, loss=0.487]
Epoch 3/3:  50%|████▉     | 810/1625 [02:03<01:50,  7.35it/s, acc=78.5%, loss=0.487]
Epoch 3/3:  50%|████▉     | 810/1625 [02:03<01:50,  7.35it/s, acc=78.5%, loss=0.585]
Epoch 3/3:  50%|████▉     | 811/1625 [02:03<01:55,  7.04it/s, acc=78.5%, loss=0.585]
Epoch 3/3:  50%|████▉     | 811/1625 [02:03<01:55,  7.04it/s, acc=78.5%, loss=0.616]
Epoch 3/3:  50%|████▉     | 812/1625 [02:03<01:49,  7.45it/s, acc=78.5%, loss=0.616]
Epoch 3/3:  50%|████▉     | 812/1625 [02:03<01:49,  7.45it/s, acc=78.4%, loss=0.848]
Epoch 3/3:  50%|█████     | 813/1625 [02:03<01:59,  6.82it/s, acc=78.4%, loss=0.848]
Epoch 3/3:  50%|█████     | 813/1625 [02:03<01:59,  6.82it/s, acc=78.4%, loss=0.876]
Epoch 3/3:  50%|█████     | 814/1625 [02:03<02:07,  6.37it/s, acc=78.4%, loss=0.876]
Epoch 3/3:  50%|█████     | 814/1625 [02:04<02:07,  6.37it/s, acc=78.4%, loss=0.688]
Epoch 3/3:  50%|█████     | 815/1625 [02:04<01:56,  6.95it/s, acc=78.4%, loss=0.688]
Epoch 3/3:  50%|█████     | 815/1625 [02:04<01:56,  6.95it/s, acc=78.5%, loss=0.455]
Epoch 3/3:  50%|█████     | 816/1625 [02:04<01:51,  7.27it/s, acc=78.5%, loss=0.455]
Epoch 3/3:  50%|█████     | 816/1625 [02:04<01:51,  7.27it/s, acc=78.5%, loss=0.361]
Epoch 3/3:  50%|█████     | 817/1625 [02:04<02:13,  6.05it/s, acc=78.5%, loss=0.361]
Epoch 3/3:  50%|█████     | 817/1625 [02:04<02:13,  6.05it/s, acc=78.4%, loss=0.683]
Epoch 3/3:  50%|█████     | 818/1625 [02:04<02:36,  5.17it/s, acc=78.4%, loss=0.683]
Epoch 3/3:  50%|█████     | 818/1625 [02:04<02:36,  5.17it/s, acc=78.4%, loss=0.595]
Epoch 3/3:  50%|█████     | 819/1625 [02:04<02:17,  5.84it/s, acc=78.4%, loss=0.595]
Epoch 3/3:  50%|█████     | 819/1625 [02:04<02:17,  5.84it/s, acc=78.4%, loss=0.427]
Epoch 3/3:  50%|█████     | 820/1625 [02:04<02:18,  5.82it/s, acc=78.4%, loss=0.427]
Epoch 3/3:  50%|█████     | 820/1625 [02:05<02:18,  5.82it/s, acc=78.5%, loss=0.387]
Epoch 3/3:  51%|█████     | 821/1625 [02:05<02:20,  5.74it/s, acc=78.5%, loss=0.387]
Epoch 3/3:  51%|█████     | 821/1625 [02:05<02:20,  5.74it/s, acc=78.5%, loss=0.391]
Epoch 3/3:  51%|█████     | 822/1625 [02:05<02:24,  5.55it/s, acc=78.5%, loss=0.391]
Epoch 3/3:  51%|█████     | 822/1625 [02:05<02:24,  5.55it/s, acc=78.5%, loss=0.336]
Epoch 3/3:  51%|█████     | 823/1625 [02:05<02:25,  5.51it/s, acc=78.5%, loss=0.336]
Epoch 3/3:  51%|█████     | 823/1625 [02:05<02:25,  5.51it/s, acc=78.5%, loss=0.709]
Epoch 3/3:  51%|█████     | 824/1625 [02:05<02:19,  5.75it/s, acc=78.5%, loss=0.709]
Epoch 3/3:  51%|█████     | 824/1625 [02:05<02:19,  5.75it/s, acc=78.5%, loss=0.388]
Epoch 3/3:  51%|█████     | 825/1625 [02:05<02:11,  6.09it/s, acc=78.5%, loss=0.388]
Epoch 3/3:  51%|█████     | 825/1625 [02:05<02:11,  6.09it/s, acc=78.5%, loss=0.357]
Epoch 3/3:  51%|█████     | 826/1625 [02:05<02:09,  6.17it/s, acc=78.5%, loss=0.357]
Epoch 3/3:  51%|█████     | 826/1625 [02:06<02:09,  6.17it/s, acc=78.5%, loss=0.533]
Epoch 3/3:  51%|█████     | 827/1625 [02:06<02:02,  6.53it/s, acc=78.5%, loss=0.533]
Epoch 3/3:  51%|█████     | 827/1625 [02:06<02:02,  6.53it/s, acc=78.5%, loss=0.622]
Epoch 3/3:  51%|█████     | 828/1625 [02:06<02:06,  6.31it/s, acc=78.5%, loss=0.622]
Epoch 3/3:  51%|█████     | 828/1625 [02:06<02:06,  6.31it/s, acc=78.5%, loss=0.596]
Epoch 3/3:  51%|█████     | 829/1625 [02:06<02:07,  6.23it/s, acc=78.5%, loss=0.596]
Epoch 3/3:  51%|█████     | 829/1625 [02:06<02:07,  6.23it/s, acc=78.5%, loss=0.531]
Epoch 3/3:  51%|█████     | 830/1625 [02:06<02:02,  6.48it/s, acc=78.5%, loss=0.531]
Epoch 3/3:  51%|█████     | 830/1625 [02:06<02:02,  6.48it/s, acc=78.5%, loss=0.658]
Epoch 3/3:  51%|█████     | 831/1625 [02:06<01:58,  6.68it/s, acc=78.5%, loss=0.658]
Epoch 3/3:  51%|█████     | 831/1625 [02:06<01:58,  6.68it/s, acc=78.5%, loss=0.579]
Epoch 3/3:  51%|█████     | 832/1625 [02:06<01:59,  6.64it/s, acc=78.5%, loss=0.579]
Epoch 3/3:  51%|█████     | 832/1625 [02:07<01:59,  6.64it/s, acc=78.5%, loss=0.561]
Epoch 3/3:  51%|█████▏    | 833/1625 [02:07<01:59,  6.62it/s, acc=78.5%, loss=0.561]
Epoch 3/3:  51%|█████▏    | 833/1625 [02:07<01:59,  6.62it/s, acc=78.5%, loss=0.446]
Epoch 3/3:  51%|█████▏    | 834/1625 [02:07<02:07,  6.22it/s, acc=78.5%, loss=0.446]
Epoch 3/3:  51%|█████▏    | 834/1625 [02:07<02:07,  6.22it/s, acc=78.5%, loss=0.566]
Epoch 3/3:  51%|█████▏    | 835/1625 [02:07<01:59,  6.62it/s, acc=78.5%, loss=0.566]
Epoch 3/3:  51%|█████▏    | 835/1625 [02:07<01:59,  6.62it/s, acc=78.5%, loss=0.637]
Epoch 3/3:  51%|█████▏    | 836/1625 [02:07<02:02,  6.44it/s, acc=78.5%, loss=0.637]
Epoch 3/3:  51%|█████▏    | 836/1625 [02:07<02:02,  6.44it/s, acc=78.5%, loss=0.765]
Epoch 3/3:  52%|█████▏    | 837/1625 [02:07<02:06,  6.25it/s, acc=78.5%, loss=0.765]
Epoch 3/3:  52%|█████▏    | 837/1625 [02:07<02:06,  6.25it/s, acc=78.5%, loss=0.697]
Epoch 3/3:  52%|█████▏    | 838/1625 [02:07<02:17,  5.71it/s, acc=78.5%, loss=0.697]
Epoch 3/3:  52%|█████▏    | 838/1625 [02:08<02:17,  5.71it/s, acc=78.5%, loss=0.451]
Epoch 3/3:  52%|█████▏    | 839/1625 [02:08<02:17,  5.74it/s, acc=78.5%, loss=0.451]
Epoch 3/3:  52%|█████▏    | 839/1625 [02:08<02:17,  5.74it/s, acc=78.5%, loss=0.548]
Epoch 3/3:  52%|█████▏    | 840/1625 [02:08<02:13,  5.90it/s, acc=78.5%, loss=0.548]
Epoch 3/3:  52%|█████▏    | 840/1625 [02:08<02:13,  5.90it/s, acc=78.4%, loss=0.490]
Epoch 3/3:  52%|█████▏    | 841/1625 [02:08<02:03,  6.35it/s, acc=78.4%, loss=0.490]
Epoch 3/3:  52%|█████▏    | 841/1625 [02:08<02:03,  6.35it/s, acc=78.4%, loss=0.755]
Epoch 3/3:  52%|█████▏    | 842/1625 [02:08<02:06,  6.18it/s, acc=78.4%, loss=0.755]
Epoch 3/3:  52%|█████▏    | 842/1625 [02:08<02:06,  6.18it/s, acc=78.4%, loss=0.595]
Epoch 3/3:  52%|█████▏    | 843/1625 [02:08<02:03,  6.34it/s, acc=78.4%, loss=0.595]
Epoch 3/3:  52%|█████▏    | 843/1625 [02:08<02:03,  6.34it/s, acc=78.4%, loss=0.702]
Epoch 3/3:  52%|█████▏    | 844/1625 [02:08<01:59,  6.55it/s, acc=78.4%, loss=0.702]
Epoch 3/3:  52%|█████▏    | 844/1625 [02:08<01:59,  6.55it/s, acc=78.4%, loss=0.738]
Epoch 3/3:  52%|█████▏    | 845/1625 [02:08<01:51,  7.01it/s, acc=78.4%, loss=0.738]
Epoch 3/3:  52%|█████▏    | 845/1625 [02:09<01:51,  7.01it/s, acc=78.4%, loss=0.447]
Epoch 3/3:  52%|█████▏    | 846/1625 [02:09<01:45,  7.41it/s, acc=78.4%, loss=0.447]
Epoch 3/3:  52%|█████▏    | 846/1625 [02:09<01:45,  7.41it/s, acc=78.4%, loss=0.602]
Epoch 3/3:  52%|█████▏    | 847/1625 [02:09<01:44,  7.48it/s, acc=78.4%, loss=0.602]
Epoch 3/3:  52%|█████▏    | 847/1625 [02:09<01:44,  7.48it/s, acc=78.4%, loss=0.522]
Epoch 3/3:  52%|█████▏    | 848/1625 [02:09<01:47,  7.24it/s, acc=78.4%, loss=0.522]
Epoch 3/3:  52%|█████▏    | 848/1625 [02:09<01:47,  7.24it/s, acc=78.4%, loss=0.658]
Epoch 3/3:  52%|█████▏    | 849/1625 [02:09<01:46,  7.29it/s, acc=78.4%, loss=0.658]
Epoch 3/3:  52%|█████▏    | 849/1625 [02:09<01:46,  7.29it/s, acc=78.4%, loss=0.416]
Epoch 3/3:  52%|█████▏    | 850/1625 [02:09<01:50,  7.02it/s, acc=78.4%, loss=0.416]
Epoch 3/3:  52%|█████▏    | 850/1625 [02:09<01:50,  7.02it/s, acc=78.4%, loss=0.514]
Epoch 3/3:  52%|█████▏    | 851/1625 [02:09<02:03,  6.28it/s, acc=78.4%, loss=0.514]
Epoch 3/3:  52%|█████▏    | 851/1625 [02:09<02:03,  6.28it/s, acc=78.4%, loss=0.602]
Epoch 3/3:  52%|█████▏    | 852/1625 [02:09<01:59,  6.44it/s, acc=78.4%, loss=0.602]
Epoch 3/3:  52%|█████▏    | 852/1625 [02:10<01:59,  6.44it/s, acc=78.4%, loss=0.555]
Epoch 3/3:  52%|█████▏    | 853/1625 [02:10<01:54,  6.74it/s, acc=78.4%, loss=0.555]
Epoch 3/3:  52%|█████▏    | 853/1625 [02:10<01:54,  6.74it/s, acc=78.4%, loss=0.582]
Epoch 3/3:  53%|█████▎    | 854/1625 [02:10<01:51,  6.93it/s, acc=78.4%, loss=0.582]
Epoch 3/3:  53%|█████▎    | 854/1625 [02:10<01:51,  6.93it/s, acc=78.4%, loss=0.407]
Epoch 3/3:  53%|█████▎    | 855/1625 [02:10<01:46,  7.23it/s, acc=78.4%, loss=0.407]
Epoch 3/3:  53%|█████▎    | 855/1625 [02:10<01:46,  7.23it/s, acc=78.4%, loss=0.232]
Epoch 3/3:  53%|█████▎    | 856/1625 [02:10<01:40,  7.62it/s, acc=78.4%, loss=0.232]
Epoch 3/3:  53%|█████▎    | 856/1625 [02:10<01:40,  7.62it/s, acc=78.4%, loss=0.539]
Epoch 3/3:  53%|█████▎    | 857/1625 [02:10<01:40,  7.63it/s, acc=78.4%, loss=0.539]
Epoch 3/3:  53%|█████▎    | 857/1625 [02:10<01:40,  7.63it/s, acc=78.4%, loss=0.702]
Epoch 3/3:  53%|█████▎    | 858/1625 [02:10<01:56,  6.60it/s, acc=78.4%, loss=0.702]
Epoch 3/3:  53%|█████▎    | 858/1625 [02:10<01:56,  6.60it/s, acc=78.4%, loss=0.378]
Epoch 3/3:  53%|█████▎    | 859/1625 [02:10<02:03,  6.21it/s, acc=78.4%, loss=0.378]
Epoch 3/3:  53%|█████▎    | 859/1625 [02:11<02:03,  6.21it/s, acc=78.5%, loss=0.400]
Epoch 3/3:  53%|█████▎    | 860/1625 [02:11<02:07,  5.99it/s, acc=78.5%, loss=0.400]
Epoch 3/3:  53%|█████▎    | 860/1625 [02:11<02:07,  5.99it/s, acc=78.4%, loss=0.514]
Epoch 3/3:  53%|█████▎    | 861/1625 [02:11<02:24,  5.29it/s, acc=78.4%, loss=0.514]
Epoch 3/3:  53%|█████▎    | 861/1625 [02:11<02:24,  5.29it/s, acc=78.5%, loss=0.407]
Epoch 3/3:  53%|█████▎    | 862/1625 [02:11<02:29,  5.10it/s, acc=78.5%, loss=0.407]
Epoch 3/3:  53%|█████▎    | 862/1625 [02:11<02:29,  5.10it/s, acc=78.4%, loss=0.776]
Epoch 3/3:  53%|█████▎    | 863/1625 [02:11<02:28,  5.12it/s, acc=78.4%, loss=0.776]
Epoch 3/3:  53%|█████▎    | 863/1625 [02:11<02:28,  5.12it/s, acc=78.4%, loss=0.403]
Epoch 3/3:  53%|█████▎    | 864/1625 [02:11<02:24,  5.26it/s, acc=78.4%, loss=0.403]
Epoch 3/3:  53%|█████▎    | 864/1625 [02:12<02:24,  5.26it/s, acc=78.4%, loss=0.625]
Epoch 3/3:  53%|█████▎    | 865/1625 [02:12<02:14,  5.64it/s, acc=78.4%, loss=0.625]
Epoch 3/3:  53%|█████▎    | 865/1625 [02:12<02:14,  5.64it/s, acc=78.4%, loss=0.446]
Epoch 3/3:  53%|█████▎    | 866/1625 [02:12<02:12,  5.71it/s, acc=78.4%, loss=0.446]
Epoch 3/3:  53%|█████▎    | 866/1625 [02:12<02:12,  5.71it/s, acc=78.4%, loss=0.741]
Epoch 3/3:  53%|█████▎    | 867/1625 [02:12<02:00,  6.31it/s, acc=78.4%, loss=0.741]
Epoch 3/3:  53%|█████▎    | 867/1625 [02:12<02:00,  6.31it/s, acc=78.4%, loss=0.422]
Epoch 3/3:  53%|█████▎    | 868/1625 [02:12<02:03,  6.15it/s, acc=78.4%, loss=0.422]
Epoch 3/3:  53%|█████▎    | 868/1625 [02:12<02:03,  6.15it/s, acc=78.4%, loss=0.676]
Epoch 3/3:  53%|█████▎    | 869/1625 [02:12<01:56,  6.50it/s, acc=78.4%, loss=0.676]
Epoch 3/3:  53%|█████▎    | 869/1625 [02:12<01:56,  6.50it/s, acc=78.4%, loss=0.367]
Epoch 3/3:  54%|█████▎    | 870/1625 [02:12<01:53,  6.63it/s, acc=78.4%, loss=0.367]
Epoch 3/3:  54%|█████▎    | 870/1625 [02:13<01:53,  6.63it/s, acc=78.4%, loss=0.617]
Epoch 3/3:  54%|█████▎    | 871/1625 [02:13<01:58,  6.38it/s, acc=78.4%, loss=0.617]
Epoch 3/3:  54%|█████▎    | 871/1625 [02:13<01:58,  6.38it/s, acc=78.4%, loss=0.439]
Epoch 3/3:  54%|█████▎    | 872/1625 [02:13<01:48,  6.94it/s, acc=78.4%, loss=0.439]
Epoch 3/3:  54%|█████▎    | 872/1625 [02:13<01:48,  6.94it/s, acc=78.4%, loss=0.609]
Epoch 3/3:  54%|█████▎    | 873/1625 [02:13<01:47,  6.96it/s, acc=78.4%, loss=0.609]
Epoch 3/3:  54%|█████▎    | 873/1625 [02:13<01:47,  6.96it/s, acc=78.4%, loss=0.412]
Epoch 3/3:  54%|█████▍    | 874/1625 [02:13<01:52,  6.69it/s, acc=78.4%, loss=0.412]
Epoch 3/3:  54%|█████▍    | 874/1625 [02:13<01:52,  6.69it/s, acc=78.5%, loss=0.386]
Epoch 3/3:  54%|█████▍    | 875/1625 [02:13<01:59,  6.27it/s, acc=78.5%, loss=0.386]
Epoch 3/3:  54%|█████▍    | 875/1625 [02:13<01:59,  6.27it/s, acc=78.4%, loss=0.700]
Epoch 3/3:  54%|█████▍    | 876/1625 [02:13<02:28,  5.06it/s, acc=78.4%, loss=0.700]
Epoch 3/3:  54%|█████▍    | 876/1625 [02:14<02:28,  5.06it/s, acc=78.4%, loss=0.626]
Epoch 3/3:  54%|█████▍    | 877/1625 [02:14<02:32,  4.90it/s, acc=78.4%, loss=0.626]
Epoch 3/3:  54%|█████▍    | 877/1625 [02:14<02:32,  4.90it/s, acc=78.4%, loss=0.334]
Epoch 3/3:  54%|█████▍    | 878/1625 [02:14<02:13,  5.58it/s, acc=78.4%, loss=0.334]
Epoch 3/3:  54%|█████▍    | 878/1625 [02:14<02:13,  5.58it/s, acc=78.4%, loss=0.526]
Epoch 3/3:  54%|█████▍    | 879/1625 [02:14<02:00,  6.17it/s, acc=78.4%, loss=0.526]
Epoch 3/3:  54%|█████▍    | 879/1625 [02:14<02:00,  6.17it/s, acc=78.4%, loss=0.363]
Epoch 3/3:  54%|█████▍    | 880/1625 [02:14<01:53,  6.55it/s, acc=78.4%, loss=0.363]
Epoch 3/3:  54%|█████▍    | 880/1625 [02:14<01:53,  6.55it/s, acc=78.5%, loss=0.479]
Epoch 3/3:  54%|█████▍    | 881/1625 [02:14<01:45,  7.03it/s, acc=78.5%, loss=0.479]
Epoch 3/3:  54%|█████▍    | 881/1625 [02:14<01:45,  7.03it/s, acc=78.5%, loss=0.318]
Epoch 3/3:  54%|█████▍    | 882/1625 [02:14<01:41,  7.32it/s, acc=78.5%, loss=0.318]
Epoch 3/3:  54%|█████▍    | 882/1625 [02:14<01:41,  7.32it/s, acc=78.5%, loss=0.356]
Epoch 3/3:  54%|█████▍    | 883/1625 [02:14<01:47,  6.92it/s, acc=78.5%, loss=0.356]
Epoch 3/3:  54%|█████▍    | 883/1625 [02:15<01:47,  6.92it/s, acc=78.5%, loss=0.605]
Epoch 3/3:  54%|█████▍    | 884/1625 [02:15<01:50,  6.68it/s, acc=78.5%, loss=0.605]
Epoch 3/3:  54%|█████▍    | 884/1625 [02:15<01:50,  6.68it/s, acc=78.5%, loss=0.400]
Epoch 3/3:  54%|█████▍    | 885/1625 [02:15<01:56,  6.35it/s, acc=78.5%, loss=0.400]
Epoch 3/3:  54%|█████▍    | 885/1625 [02:15<01:56,  6.35it/s, acc=78.5%, loss=0.329]
Epoch 3/3:  55%|█████▍    | 886/1625 [02:15<01:53,  6.48it/s, acc=78.5%, loss=0.329]
Epoch 3/3:  55%|█████▍    | 886/1625 [02:15<01:53,  6.48it/s, acc=78.5%, loss=0.499]
Epoch 3/3:  55%|█████▍    | 887/1625 [02:15<01:55,  6.36it/s, acc=78.5%, loss=0.499]
Epoch 3/3:  55%|█████▍    | 887/1625 [02:15<01:55,  6.36it/s, acc=78.5%, loss=0.483]
Epoch 3/3:  55%|█████▍    | 888/1625 [02:15<01:47,  6.84it/s, acc=78.5%, loss=0.483]
Epoch 3/3:  55%|█████▍    | 888/1625 [02:15<01:47,  6.84it/s, acc=78.5%, loss=0.531]
Epoch 3/3:  55%|█████▍    | 889/1625 [02:15<01:45,  7.00it/s, acc=78.5%, loss=0.531]
Epoch 3/3:  55%|█████▍    | 889/1625 [02:15<01:45,  7.00it/s, acc=78.5%, loss=0.411]
Epoch 3/3:  55%|█████▍    | 890/1625 [02:15<01:42,  7.14it/s, acc=78.5%, loss=0.411]
Epoch 3/3:  55%|█████▍    | 890/1625 [02:16<01:42,  7.14it/s, acc=78.5%, loss=0.639]
Epoch 3/3:  55%|█████▍    | 891/1625 [02:16<01:52,  6.52it/s, acc=78.5%, loss=0.639]
Epoch 3/3:  55%|█████▍    | 891/1625 [02:16<01:52,  6.52it/s, acc=78.5%, loss=0.654]
Epoch 3/3:  55%|█████▍    | 892/1625 [02:16<02:00,  6.07it/s, acc=78.5%, loss=0.654]
Epoch 3/3:  55%|█████▍    | 892/1625 [02:16<02:00,  6.07it/s, acc=78.5%, loss=0.807]
Epoch 3/3:  55%|█████▍    | 893/1625 [02:16<02:01,  6.04it/s, acc=78.5%, loss=0.807]
Epoch 3/3:  55%|█████▍    | 893/1625 [02:16<02:01,  6.04it/s, acc=78.5%, loss=0.442]
Epoch 3/3:  55%|█████▌    | 894/1625 [02:16<01:57,  6.25it/s, acc=78.5%, loss=0.442]
Epoch 3/3:  55%|█████▌    | 894/1625 [02:16<01:57,  6.25it/s, acc=78.5%, loss=0.504]
Epoch 3/3:  55%|█████▌    | 895/1625 [02:16<01:47,  6.77it/s, acc=78.5%, loss=0.504]
Epoch 3/3:  55%|█████▌    | 895/1625 [02:16<01:47,  6.77it/s, acc=78.5%, loss=0.525]
Epoch 3/3:  55%|█████▌    | 896/1625 [02:16<01:45,  6.91it/s, acc=78.5%, loss=0.525]
Epoch 3/3:  55%|█████▌    | 896/1625 [02:17<01:45,  6.91it/s, acc=78.5%, loss=0.519]
Epoch 3/3:  55%|█████▌    | 897/1625 [02:17<01:53,  6.43it/s, acc=78.5%, loss=0.519]
Epoch 3/3:  55%|█████▌    | 897/1625 [02:17<01:53,  6.43it/s, acc=78.5%, loss=0.496]
Epoch 3/3:  55%|█████▌    | 898/1625 [02:17<02:12,  5.47it/s, acc=78.5%, loss=0.496]
Epoch 3/3:  55%|█████▌    | 898/1625 [02:17<02:12,  5.47it/s, acc=78.5%, loss=0.437]
Epoch 3/3:  55%|█████▌    | 899/1625 [02:17<02:14,  5.40it/s, acc=78.5%, loss=0.437]
Epoch 3/3:  55%|█████▌    | 899/1625 [02:17<02:14,  5.40it/s, acc=78.5%, loss=0.613]
Epoch 3/3:  55%|█████▌    | 900/1625 [02:17<02:15,  5.35it/s, acc=78.5%, loss=0.613]
Epoch 3/3:  55%|█████▌    | 900/1625 [02:17<02:15,  5.35it/s, acc=78.5%, loss=0.663]
Epoch 3/3:  55%|█████▌    | 901/1625 [02:17<02:16,  5.32it/s, acc=78.5%, loss=0.663]
Epoch 3/3:  55%|█████▌    | 901/1625 [02:18<02:16,  5.32it/s, acc=78.5%, loss=0.478]
Epoch 3/3:  56%|█████▌    | 902/1625 [02:18<02:03,  5.83it/s, acc=78.5%, loss=0.478]
Epoch 3/3:  56%|█████▌    | 902/1625 [02:18<02:03,  5.83it/s, acc=78.5%, loss=0.678]
Epoch 3/3:  56%|█████▌    | 903/1625 [02:18<02:06,  5.72it/s, acc=78.5%, loss=0.678]
Epoch 3/3:  56%|█████▌    | 903/1625 [02:18<02:06,  5.72it/s, acc=78.5%, loss=0.622]
Epoch 3/3:  56%|█████▌    | 904/1625 [02:18<02:09,  5.56it/s, acc=78.5%, loss=0.622]
Epoch 3/3:  56%|█████▌    | 904/1625 [02:18<02:09,  5.56it/s, acc=78.5%, loss=0.394]
Epoch 3/3:  56%|█████▌    | 905/1625 [02:18<02:11,  5.46it/s, acc=78.5%, loss=0.394]
Epoch 3/3:  56%|█████▌    | 905/1625 [02:18<02:11,  5.46it/s, acc=78.5%, loss=0.417]
Epoch 3/3:  56%|█████▌    | 906/1625 [02:18<02:19,  5.15it/s, acc=78.5%, loss=0.417]
Epoch 3/3:  56%|█████▌    | 906/1625 [02:19<02:19,  5.15it/s, acc=78.5%, loss=0.569]
Epoch 3/3:  56%|█████▌    | 907/1625 [02:19<02:20,  5.13it/s, acc=78.5%, loss=0.569]
Epoch 3/3:  56%|█████▌    | 907/1625 [02:19<02:20,  5.13it/s, acc=78.5%, loss=0.431]
Epoch 3/3:  56%|█████▌    | 908/1625 [02:19<02:25,  4.92it/s, acc=78.5%, loss=0.431]
Epoch 3/3:  56%|█████▌    | 908/1625 [02:19<02:25,  4.92it/s, acc=78.5%, loss=0.397]
Epoch 3/3:  56%|█████▌    | 909/1625 [02:19<02:26,  4.90it/s, acc=78.5%, loss=0.397]
Epoch 3/3:  56%|█████▌    | 909/1625 [02:19<02:26,  4.90it/s, acc=78.5%, loss=0.339]
Epoch 3/3:  56%|█████▌    | 910/1625 [02:19<02:25,  4.92it/s, acc=78.5%, loss=0.339]
Epoch 3/3:  56%|█████▌    | 910/1625 [02:19<02:25,  4.92it/s, acc=78.5%, loss=0.703]
Epoch 3/3:  56%|█████▌    | 911/1625 [02:19<02:19,  5.13it/s, acc=78.5%, loss=0.703]
Epoch 3/3:  56%|█████▌    | 911/1625 [02:19<02:19,  5.13it/s, acc=78.5%, loss=0.495]
Epoch 3/3:  56%|█████▌    | 912/1625 [02:19<02:05,  5.70it/s, acc=78.5%, loss=0.495]
Epoch 3/3:  56%|█████▌    | 912/1625 [02:20<02:05,  5.70it/s, acc=78.5%, loss=0.803]
Epoch 3/3:  56%|█████▌    | 913/1625 [02:20<01:55,  6.18it/s, acc=78.5%, loss=0.803]
Epoch 3/3:  56%|█████▌    | 913/1625 [02:20<01:55,  6.18it/s, acc=78.5%, loss=0.776]
Epoch 3/3:  56%|█████▌    | 914/1625 [02:20<01:46,  6.65it/s, acc=78.5%, loss=0.776]
Epoch 3/3:  56%|█████▌    | 914/1625 [02:20<01:46,  6.65it/s, acc=78.5%, loss=0.346]
Epoch 3/3:  56%|█████▋    | 915/1625 [02:20<01:45,  6.74it/s, acc=78.5%, loss=0.346]
Epoch 3/3:  56%|█████▋    | 915/1625 [02:20<01:45,  6.74it/s, acc=78.5%, loss=0.411]
Epoch 3/3:  56%|█████▋    | 916/1625 [02:20<01:42,  6.94it/s, acc=78.5%, loss=0.411]
Epoch 3/3:  56%|█████▋    | 916/1625 [02:20<01:42,  6.94it/s, acc=78.5%, loss=0.499]
Epoch 3/3:  56%|█████▋    | 917/1625 [02:20<01:49,  6.47it/s, acc=78.5%, loss=0.499]
Epoch 3/3:  56%|█████▋    | 917/1625 [02:20<01:49,  6.47it/s, acc=78.5%, loss=0.345]
Epoch 3/3:  56%|█████▋    | 918/1625 [02:20<02:03,  5.73it/s, acc=78.5%, loss=0.345]
Epoch 3/3:  56%|█████▋    | 918/1625 [02:21<02:03,  5.73it/s, acc=78.5%, loss=0.466]
Epoch 3/3:  57%|█████▋    | 919/1625 [02:21<01:55,  6.09it/s, acc=78.5%, loss=0.466]
Epoch 3/3:  57%|█████▋    | 919/1625 [02:21<01:55,  6.09it/s, acc=78.5%, loss=0.397]
Epoch 3/3:  57%|█████▋    | 920/1625 [02:21<01:48,  6.49it/s, acc=78.5%, loss=0.397]
Epoch 3/3:  57%|█████▋    | 920/1625 [02:21<01:48,  6.49it/s, acc=78.5%, loss=0.564]
Epoch 3/3:  57%|█████▋    | 921/1625 [02:21<01:44,  6.73it/s, acc=78.5%, loss=0.564]
Epoch 3/3:  57%|█████▋    | 921/1625 [02:21<01:44,  6.73it/s, acc=78.5%, loss=0.548]
Epoch 3/3:  57%|█████▋    | 922/1625 [02:21<01:53,  6.21it/s, acc=78.5%, loss=0.548]
Epoch 3/3:  57%|█████▋    | 922/1625 [02:21<01:53,  6.21it/s, acc=78.5%, loss=0.527]
Epoch 3/3:  57%|█████▋    | 923/1625 [02:21<01:44,  6.70it/s, acc=78.5%, loss=0.527]
Epoch 3/3:  57%|█████▋    | 923/1625 [02:21<01:44,  6.70it/s, acc=78.5%, loss=0.623]
Epoch 3/3:  57%|█████▋    | 924/1625 [02:21<01:40,  6.96it/s, acc=78.5%, loss=0.623]
Epoch 3/3:  57%|█████▋    | 924/1625 [02:22<01:40,  6.96it/s, acc=78.5%, loss=0.510]
Epoch 3/3:  57%|█████▋    | 925/1625 [02:22<02:09,  5.40it/s, acc=78.5%, loss=0.510]
Epoch 3/3:  57%|█████▋    | 925/1625 [02:22<02:09,  5.40it/s, acc=78.5%, loss=0.483]
Epoch 3/3:  57%|█████▋    | 926/1625 [02:22<02:30,  4.64it/s, acc=78.5%, loss=0.483]
Epoch 3/3:  57%|█████▋    | 926/1625 [02:22<02:30,  4.64it/s, acc=78.5%, loss=0.593]
Epoch 3/3:  57%|█████▋    | 927/1625 [02:22<02:18,  5.04it/s, acc=78.5%, loss=0.593]
Epoch 3/3:  57%|█████▋    | 927/1625 [02:22<02:18,  5.04it/s, acc=78.5%, loss=0.660]
Epoch 3/3:  57%|█████▋    | 928/1625 [02:22<02:07,  5.47it/s, acc=78.5%, loss=0.660]
Epoch 3/3:  57%|█████▋    | 928/1625 [02:22<02:07,  5.47it/s, acc=78.5%, loss=0.420]
Epoch 3/3:  57%|█████▋    | 929/1625 [02:22<01:56,  5.97it/s, acc=78.5%, loss=0.420]
Epoch 3/3:  57%|█████▋    | 929/1625 [02:22<01:56,  5.97it/s, acc=78.5%, loss=0.452]
Epoch 3/3:  57%|█████▋    | 930/1625 [02:22<02:03,  5.64it/s, acc=78.5%, loss=0.452]
Epoch 3/3:  57%|█████▋    | 930/1625 [02:23<02:03,  5.64it/s, acc=78.5%, loss=0.448]
Epoch 3/3:  57%|█████▋    | 931/1625 [02:23<02:19,  4.98it/s, acc=78.5%, loss=0.448]
Epoch 3/3:  57%|█████▋    | 931/1625 [02:23<02:19,  4.98it/s, acc=78.5%, loss=0.450]
Epoch 3/3:  57%|█████▋    | 932/1625 [02:23<02:07,  5.43it/s, acc=78.5%, loss=0.450]
Epoch 3/3:  57%|█████▋    | 932/1625 [02:23<02:07,  5.43it/s, acc=78.5%, loss=0.419]
Epoch 3/3:  57%|█████▋    | 933/1625 [02:23<01:57,  5.90it/s, acc=78.5%, loss=0.419]
Epoch 3/3:  57%|█████▋    | 933/1625 [02:23<01:57,  5.90it/s, acc=78.6%, loss=0.290]
Epoch 3/3:  57%|█████▋    | 934/1625 [02:23<02:04,  5.57it/s, acc=78.6%, loss=0.290]
Epoch 3/3:  57%|█████▋    | 934/1625 [02:23<02:04,  5.57it/s, acc=78.6%, loss=0.391]
Epoch 3/3:  58%|█████▊    | 935/1625 [02:23<01:55,  6.00it/s, acc=78.6%, loss=0.391]
Epoch 3/3:  58%|█████▊    | 935/1625 [02:23<01:55,  6.00it/s, acc=78.6%, loss=0.721]
Epoch 3/3:  58%|█████▊    | 936/1625 [02:23<01:51,  6.17it/s, acc=78.6%, loss=0.721]
Epoch 3/3:  58%|█████▊    | 936/1625 [02:24<01:51,  6.17it/s, acc=78.6%, loss=0.665]
Epoch 3/3:  58%|█████▊    | 937/1625 [02:24<01:56,  5.92it/s, acc=78.6%, loss=0.665]
Epoch 3/3:  58%|█████▊    | 937/1625 [02:24<01:56,  5.92it/s, acc=78.6%, loss=0.538]
Epoch 3/3:  58%|█████▊    | 938/1625 [02:24<01:58,  5.78it/s, acc=78.6%, loss=0.538]
Epoch 3/3:  58%|█████▊    | 938/1625 [02:24<01:58,  5.78it/s, acc=78.5%, loss=0.766]
Epoch 3/3:  58%|█████▊    | 939/1625 [02:24<01:55,  5.95it/s, acc=78.5%, loss=0.766]
Epoch 3/3:  58%|█████▊    | 939/1625 [02:24<01:55,  5.95it/s, acc=78.6%, loss=0.518]
Epoch 3/3:  58%|█████▊    | 940/1625 [02:24<01:49,  6.28it/s, acc=78.6%, loss=0.518]
Epoch 3/3:  58%|█████▊    | 940/1625 [02:24<01:49,  6.28it/s, acc=78.6%, loss=0.614]
Epoch 3/3:  58%|█████▊    | 941/1625 [02:24<01:45,  6.46it/s, acc=78.6%, loss=0.614]
Epoch 3/3:  58%|█████▊    | 941/1625 [02:24<01:45,  6.46it/s, acc=78.5%, loss=0.848]
Epoch 3/3:  58%|█████▊    | 942/1625 [02:24<01:45,  6.49it/s, acc=78.5%, loss=0.848]
Epoch 3/3:  58%|█████▊    | 942/1625 [02:25<01:45,  6.49it/s, acc=78.5%, loss=0.722]
Epoch 3/3:  58%|█████▊    | 943/1625 [02:25<01:44,  6.54it/s, acc=78.5%, loss=0.722]
Epoch 3/3:  58%|█████▊    | 943/1625 [02:25<01:44,  6.54it/s, acc=78.5%, loss=0.604]
Epoch 3/3:  58%|█████▊    | 944/1625 [02:25<01:39,  6.85it/s, acc=78.5%, loss=0.604]
Epoch 3/3:  58%|█████▊    | 944/1625 [02:25<01:39,  6.85it/s, acc=78.5%, loss=0.517]
Epoch 3/3:  58%|█████▊    | 945/1625 [02:25<01:45,  6.43it/s, acc=78.5%, loss=0.517]
Epoch 3/3:  58%|█████▊    | 945/1625 [02:25<01:45,  6.43it/s, acc=78.5%, loss=0.307]
Epoch 3/3:  58%|█████▊    | 946/1625 [02:25<01:48,  6.25it/s, acc=78.5%, loss=0.307]
Epoch 3/3:  58%|█████▊    | 946/1625 [02:25<01:48,  6.25it/s, acc=78.5%, loss=0.810]
Epoch 3/3:  58%|█████▊    | 947/1625 [02:25<01:57,  5.79it/s, acc=78.5%, loss=0.810]
Epoch 3/3:  58%|█████▊    | 947/1625 [02:25<01:57,  5.79it/s, acc=78.5%, loss=0.567]
Epoch 3/3:  58%|█████▊    | 948/1625 [02:25<01:50,  6.12it/s, acc=78.5%, loss=0.567]
Epoch 3/3:  58%|█████▊    | 948/1625 [02:26<01:50,  6.12it/s, acc=78.5%, loss=0.541]
Epoch 3/3:  58%|█████▊    | 949/1625 [02:26<02:00,  5.59it/s, acc=78.5%, loss=0.541]
Epoch 3/3:  58%|█████▊    | 949/1625 [02:26<02:00,  5.59it/s, acc=78.5%, loss=0.430]
Epoch 3/3:  58%|█████▊    | 950/1625 [02:26<02:03,  5.45it/s, acc=78.5%, loss=0.430]
Epoch 3/3:  58%|█████▊    | 950/1625 [02:26<02:03,  5.45it/s, acc=78.5%, loss=0.389]
Epoch 3/3:  59%|█████▊    | 951/1625 [02:26<02:15,  4.97it/s, acc=78.5%, loss=0.389]
Epoch 3/3:  59%|█████▊    | 951/1625 [02:26<02:15,  4.97it/s, acc=78.5%, loss=0.601]
Epoch 3/3:  59%|█████▊    | 952/1625 [02:26<02:27,  4.56it/s, acc=78.5%, loss=0.601]
Epoch 3/3:  59%|█████▊    | 952/1625 [02:27<02:27,  4.56it/s, acc=78.5%, loss=0.566]
Epoch 3/3:  59%|█████▊    | 953/1625 [02:27<02:28,  4.54it/s, acc=78.5%, loss=0.566]
Epoch 3/3:  59%|█████▊    | 953/1625 [02:27<02:28,  4.54it/s, acc=78.5%, loss=0.676]
Epoch 3/3:  59%|█████▊    | 954/1625 [02:27<02:27,  4.54it/s, acc=78.5%, loss=0.676]
Epoch 3/3:  59%|█████▊    | 954/1625 [02:27<02:27,  4.54it/s, acc=78.5%, loss=0.590]
Epoch 3/3:  59%|█████▉    | 955/1625 [02:27<02:29,  4.48it/s, acc=78.5%, loss=0.590]
Epoch 3/3:  59%|█████▉    | 955/1625 [02:27<02:29,  4.48it/s, acc=78.5%, loss=0.659]
Epoch 3/3:  59%|█████▉    | 956/1625 [02:27<02:14,  4.96it/s, acc=78.5%, loss=0.659]
Epoch 3/3:  59%|█████▉    | 956/1625 [02:27<02:14,  4.96it/s, acc=78.5%, loss=0.709]
Epoch 3/3:  59%|█████▉    | 957/1625 [02:27<02:12,  5.03it/s, acc=78.5%, loss=0.709]
Epoch 3/3:  59%|█████▉    | 957/1625 [02:27<02:12,  5.03it/s, acc=78.5%, loss=0.546]
Epoch 3/3:  59%|█████▉    | 958/1625 [02:27<02:02,  5.46it/s, acc=78.5%, loss=0.546]
Epoch 3/3:  59%|█████▉    | 958/1625 [02:28<02:02,  5.46it/s, acc=78.5%, loss=0.398]
Epoch 3/3:  59%|█████▉    | 959/1625 [02:28<01:56,  5.72it/s, acc=78.5%, loss=0.398]
Epoch 3/3:  59%|█████▉    | 959/1625 [02:28<01:56,  5.72it/s, acc=78.5%, loss=0.533]
Epoch 3/3:  59%|█████▉    | 960/1625 [02:28<01:47,  6.17it/s, acc=78.5%, loss=0.533]
Epoch 3/3:  59%|█████▉    | 960/1625 [02:28<01:47,  6.17it/s, acc=78.5%, loss=0.618]
Epoch 3/3:  59%|█████▉    | 961/1625 [02:28<01:37,  6.81it/s, acc=78.5%, loss=0.618]
Epoch 3/3:  59%|█████▉    | 961/1625 [02:28<01:37,  6.81it/s, acc=78.5%, loss=0.503]
Epoch 3/3:  59%|█████▉    | 962/1625 [02:28<01:33,  7.09it/s, acc=78.5%, loss=0.503]
Epoch 3/3:  59%|█████▉    | 962/1625 [02:28<01:33,  7.09it/s, acc=78.5%, loss=0.359]
Epoch 3/3:  59%|█████▉    | 963/1625 [02:28<01:34,  7.04it/s, acc=78.5%, loss=0.359]
Epoch 3/3:  59%|█████▉    | 963/1625 [02:28<01:34,  7.04it/s, acc=78.5%, loss=0.733]
Epoch 3/3:  59%|█████▉    | 964/1625 [02:28<01:41,  6.49it/s, acc=78.5%, loss=0.733]
Epoch 3/3:  59%|█████▉    | 964/1625 [02:28<01:41,  6.49it/s, acc=78.5%, loss=0.573]
Epoch 3/3:  59%|█████▉    | 965/1625 [02:28<01:40,  6.55it/s, acc=78.5%, loss=0.573]
Epoch 3/3:  59%|█████▉    | 965/1625 [02:29<01:40,  6.55it/s, acc=78.5%, loss=0.474]
Epoch 3/3:  59%|█████▉    | 966/1625 [02:29<01:36,  6.86it/s, acc=78.5%, loss=0.474]
Epoch 3/3:  59%|█████▉    | 966/1625 [02:29<01:36,  6.86it/s, acc=78.5%, loss=0.788]
Epoch 3/3:  59%|█████▉    | 966/1625 [02:29<01:36,  6.86it/s, acc=78.5%, loss=0.523]
Epoch 3/3:  60%|█████▉    | 968/1625 [02:29<01:27,  7.49it/s, acc=78.5%, loss=0.523]
Epoch 3/3:  60%|█████▉    | 968/1625 [02:29<01:27,  7.49it/s, acc=78.4%, loss=0.493]
Epoch 3/3:  60%|█████▉    | 969/1625 [02:29<01:28,  7.45it/s, acc=78.4%, loss=0.493]
Epoch 3/3:  60%|█████▉    | 969/1625 [02:29<01:28,  7.45it/s, acc=78.5%, loss=0.394]
Epoch 3/3:  60%|█████▉    | 970/1625 [02:29<01:29,  7.32it/s, acc=78.5%, loss=0.394]
Epoch 3/3:  60%|█████▉    | 970/1625 [02:29<01:29,  7.32it/s, acc=78.5%, loss=0.495]
Epoch 3/3:  60%|█████▉    | 971/1625 [02:29<01:30,  7.22it/s, acc=78.5%, loss=0.495]
Epoch 3/3:  60%|█████▉    | 971/1625 [02:29<01:30,  7.22it/s, acc=78.4%, loss=0.696]
Epoch 3/3:  60%|█████▉    | 972/1625 [02:29<01:28,  7.37it/s, acc=78.4%, loss=0.696]
Epoch 3/3:  60%|█████▉    | 972/1625 [02:30<01:28,  7.37it/s, acc=78.4%, loss=0.559]
Epoch 3/3:  60%|█████▉    | 973/1625 [02:30<01:33,  6.96it/s, acc=78.4%, loss=0.559]
Epoch 3/3:  60%|█████▉    | 973/1625 [02:30<01:33,  6.96it/s, acc=78.4%, loss=0.622]
Epoch 3/3:  60%|█████▉    | 974/1625 [02:30<01:30,  7.20it/s, acc=78.4%, loss=0.622]
Epoch 3/3:  60%|█████▉    | 974/1625 [02:30<01:30,  7.20it/s, acc=78.4%, loss=0.585]
Epoch 3/3:  60%|██████    | 975/1625 [02:30<01:28,  7.38it/s, acc=78.4%, loss=0.585]
Epoch 3/3:  60%|██████    | 975/1625 [02:30<01:28,  7.38it/s, acc=78.4%, loss=0.543]
Epoch 3/3:  60%|██████    | 976/1625 [02:30<01:31,  7.11it/s, acc=78.4%, loss=0.543]
Epoch 3/3:  60%|██████    | 976/1625 [02:30<01:31,  7.11it/s, acc=78.4%, loss=0.771]
Epoch 3/3:  60%|██████    | 977/1625 [02:30<01:40,  6.46it/s, acc=78.4%, loss=0.771]
Epoch 3/3:  60%|██████    | 977/1625 [02:30<01:40,  6.46it/s, acc=78.4%, loss=0.318]
Epoch 3/3:  60%|██████    | 978/1625 [02:30<01:48,  5.97it/s, acc=78.4%, loss=0.318]
Epoch 3/3:  60%|██████    | 978/1625 [02:31<01:48,  5.97it/s, acc=78.4%, loss=0.726]
Epoch 3/3:  60%|██████    | 979/1625 [02:31<01:53,  5.67it/s, acc=78.4%, loss=0.726]
Epoch 3/3:  60%|██████    | 979/1625 [02:31<01:53,  5.67it/s, acc=78.4%, loss=0.403]
Epoch 3/3:  60%|██████    | 980/1625 [02:31<01:57,  5.49it/s, acc=78.4%, loss=0.403]
Epoch 3/3:  60%|██████    | 980/1625 [02:31<01:57,  5.49it/s, acc=78.4%, loss=0.684]
Epoch 3/3:  60%|██████    | 981/1625 [02:31<01:58,  5.42it/s, acc=78.4%, loss=0.684]
Epoch 3/3:  60%|██████    | 981/1625 [02:31<01:58,  5.42it/s, acc=78.4%, loss=0.742]
Epoch 3/3:  60%|██████    | 982/1625 [02:31<02:01,  5.29it/s, acc=78.4%, loss=0.742]
Epoch 3/3:  60%|██████    | 982/1625 [02:31<02:01,  5.29it/s, acc=78.4%, loss=0.345]
Epoch 3/3:  60%|██████    | 983/1625 [02:31<02:03,  5.20it/s, acc=78.4%, loss=0.345]
Epoch 3/3:  60%|██████    | 983/1625 [02:31<02:03,  5.20it/s, acc=78.5%, loss=0.270]
Epoch 3/3:  61%|██████    | 984/1625 [02:31<01:54,  5.60it/s, acc=78.5%, loss=0.270]
Epoch 3/3:  61%|██████    | 984/1625 [02:32<01:54,  5.60it/s, acc=78.4%, loss=0.717]
Epoch 3/3:  61%|██████    | 985/1625 [02:32<01:42,  6.22it/s, acc=78.4%, loss=0.717]
Epoch 3/3:  61%|██████    | 985/1625 [02:32<01:42,  6.22it/s, acc=78.4%, loss=0.615]
Epoch 3/3:  61%|██████    | 986/1625 [02:32<01:33,  6.84it/s, acc=78.4%, loss=0.615]
Epoch 3/3:  61%|██████    | 986/1625 [02:32<01:33,  6.84it/s, acc=78.4%, loss=0.527]
Epoch 3/3:  61%|██████    | 987/1625 [02:32<01:43,  6.16it/s, acc=78.4%, loss=0.527]
Epoch 3/3:  61%|██████    | 987/1625 [02:32<01:43,  6.16it/s, acc=78.4%, loss=0.507]
Epoch 3/3:  61%|██████    | 988/1625 [02:32<01:47,  5.94it/s, acc=78.4%, loss=0.507]
Epoch 3/3:  61%|██████    | 988/1625 [02:32<01:47,  5.94it/s, acc=78.4%, loss=0.587]
Epoch 3/3:  61%|██████    | 989/1625 [02:32<01:56,  5.47it/s, acc=78.4%, loss=0.587]
Epoch 3/3:  61%|██████    | 989/1625 [02:33<01:56,  5.47it/s, acc=78.4%, loss=0.446]
Epoch 3/3:  61%|██████    | 990/1625 [02:33<02:06,  5.00it/s, acc=78.4%, loss=0.446]
Epoch 3/3:  61%|██████    | 990/1625 [02:33<02:06,  5.00it/s, acc=78.4%, loss=0.698]
Epoch 3/3:  61%|██████    | 991/1625 [02:33<01:54,  5.56it/s, acc=78.4%, loss=0.698]
Epoch 3/3:  61%|██████    | 991/1625 [02:33<01:54,  5.56it/s, acc=78.4%, loss=0.346]
Epoch 3/3:  61%|██████    | 992/1625 [02:33<01:52,  5.61it/s, acc=78.4%, loss=0.346]
Epoch 3/3:  61%|██████    | 992/1625 [02:33<01:52,  5.61it/s, acc=78.5%, loss=0.181]
Epoch 3/3:  61%|██████    | 993/1625 [02:33<01:53,  5.58it/s, acc=78.5%, loss=0.181]
Epoch 3/3:  61%|██████    | 993/1625 [02:33<01:53,  5.58it/s, acc=78.5%, loss=0.390]
Epoch 3/3:  61%|██████    | 994/1625 [02:33<01:57,  5.38it/s, acc=78.5%, loss=0.390]
Epoch 3/3:  61%|██████    | 994/1625 [02:33<01:57,  5.38it/s, acc=78.5%, loss=0.644]
Epoch 3/3:  61%|██████    | 995/1625 [02:33<02:00,  5.23it/s, acc=78.5%, loss=0.644]
Epoch 3/3:  61%|██████    | 995/1625 [02:34<02:00,  5.23it/s, acc=78.4%, loss=0.786]
Epoch 3/3:  61%|██████▏   | 996/1625 [02:34<02:02,  5.15it/s, acc=78.4%, loss=0.786]
Epoch 3/3:  61%|██████▏   | 996/1625 [02:34<02:02,  5.15it/s, acc=78.5%, loss=0.316]
Epoch 3/3:  61%|██████▏   | 997/1625 [02:34<02:05,  5.01it/s, acc=78.5%, loss=0.316]
Epoch 3/3:  61%|██████▏   | 997/1625 [02:34<02:05,  5.01it/s, acc=78.5%, loss=0.458]
Epoch 3/3:  61%|██████▏   | 998/1625 [02:34<02:05,  5.00it/s, acc=78.5%, loss=0.458]
Epoch 3/3:  61%|██████▏   | 998/1625 [02:34<02:05,  5.00it/s, acc=78.5%, loss=0.709]
Epoch 3/3:  61%|██████▏   | 999/1625 [02:34<02:05,  4.99it/s, acc=78.5%, loss=0.709]
Epoch 3/3:  61%|██████▏   | 999/1625 [02:34<02:05,  4.99it/s, acc=78.5%, loss=0.557]
Epoch 3/3:  62%|██████▏   | 1000/1625 [02:34<02:06,  4.93it/s, acc=78.5%, loss=0.557]
Epoch 3/3:  62%|██████▏   | 1000/1625 [02:35<02:06,  4.93it/s, acc=78.5%, loss=0.347]
Epoch 3/3:  62%|██████▏   | 1001/1625 [02:35<02:08,  4.86it/s, acc=78.5%, loss=0.347]
Epoch 3/3:  62%|██████▏   | 1001/1625 [02:35<02:08,  4.86it/s, acc=78.5%, loss=0.562]
Epoch 3/3:  62%|██████▏   | 1002/1625 [02:35<02:02,  5.08it/s, acc=78.5%, loss=0.562]
Epoch 3/3:  62%|██████▏   | 1002/1625 [02:35<02:02,  5.08it/s, acc=78.5%, loss=0.394]
Epoch 3/3:  62%|██████▏   | 1003/1625 [02:35<02:04,  4.98it/s, acc=78.5%, loss=0.394]
Epoch 3/3:  62%|██████▏   | 1003/1625 [02:35<02:04,  4.98it/s, acc=78.5%, loss=0.863]
Epoch 3/3:  62%|██████▏   | 1004/1625 [02:35<02:11,  4.74it/s, acc=78.5%, loss=0.863]
Epoch 3/3:  62%|██████▏   | 1004/1625 [02:36<02:11,  4.74it/s, acc=78.5%, loss=0.367]
Epoch 3/3:  62%|██████▏   | 1005/1625 [02:36<02:09,  4.79it/s, acc=78.5%, loss=0.367]
Epoch 3/3:  62%|██████▏   | 1005/1625 [02:36<02:09,  4.79it/s, acc=78.5%, loss=0.479]
Epoch 3/3:  62%|██████▏   | 1006/1625 [02:36<02:09,  4.79it/s, acc=78.5%, loss=0.479]
Epoch 3/3:  62%|██████▏   | 1006/1625 [02:36<02:09,  4.79it/s, acc=78.5%, loss=0.453]
Epoch 3/3:  62%|██████▏   | 1007/1625 [02:36<02:03,  4.99it/s, acc=78.5%, loss=0.453]
Epoch 3/3:  62%|██████▏   | 1007/1625 [02:36<02:03,  4.99it/s, acc=78.5%, loss=0.469]
Epoch 3/3:  62%|██████▏   | 1008/1625 [02:36<01:54,  5.38it/s, acc=78.5%, loss=0.469]
Epoch 3/3:  62%|██████▏   | 1008/1625 [02:36<01:54,  5.38it/s, acc=78.5%, loss=0.405]
Epoch 3/3:  62%|██████▏   | 1009/1625 [02:36<01:56,  5.29it/s, acc=78.5%, loss=0.405]
Epoch 3/3:  62%|██████▏   | 1009/1625 [02:36<01:56,  5.29it/s, acc=78.5%, loss=0.492]
Epoch 3/3:  62%|██████▏   | 1010/1625 [02:36<01:52,  5.44it/s, acc=78.5%, loss=0.492]
Epoch 3/3:  62%|██████▏   | 1010/1625 [02:37<01:52,  5.44it/s, acc=78.5%, loss=0.629]
Epoch 3/3:  62%|██████▏   | 1011/1625 [02:37<01:42,  6.01it/s, acc=78.5%, loss=0.629]
Epoch 3/3:  62%|██████▏   | 1011/1625 [02:37<01:42,  6.01it/s, acc=78.5%, loss=0.441]
Epoch 3/3:  62%|██████▏   | 1012/1625 [02:37<01:54,  5.35it/s, acc=78.5%, loss=0.441]
Epoch 3/3:  62%|██████▏   | 1012/1625 [02:37<01:54,  5.35it/s, acc=78.5%, loss=0.490]
Epoch 3/3:  62%|██████▏   | 1013/1625 [02:37<01:48,  5.65it/s, acc=78.5%, loss=0.490]
Epoch 3/3:  62%|██████▏   | 1013/1625 [02:37<01:48,  5.65it/s, acc=78.5%, loss=0.695]
Epoch 3/3:  62%|██████▏   | 1014/1625 [02:37<01:46,  5.72it/s, acc=78.5%, loss=0.695]
Epoch 3/3:  62%|██████▏   | 1014/1625 [02:37<01:46,  5.72it/s, acc=78.5%, loss=0.534]
Epoch 3/3:  62%|██████▏   | 1015/1625 [02:37<01:49,  5.55it/s, acc=78.5%, loss=0.534]
Epoch 3/3:  62%|██████▏   | 1015/1625 [02:37<01:49,  5.55it/s, acc=78.5%, loss=0.499]
Epoch 3/3:  63%|██████▎   | 1016/1625 [02:37<01:42,  5.92it/s, acc=78.5%, loss=0.499]
Epoch 3/3:  63%|██████▎   | 1016/1625 [02:38<01:42,  5.92it/s, acc=78.5%, loss=0.739]
Epoch 3/3:  63%|██████▎   | 1017/1625 [02:38<01:32,  6.59it/s, acc=78.5%, loss=0.739]
Epoch 3/3:  63%|██████▎   | 1017/1625 [02:38<01:32,  6.59it/s, acc=78.5%, loss=0.366]
Epoch 3/3:  63%|██████▎   | 1018/1625 [02:38<01:24,  7.19it/s, acc=78.5%, loss=0.366]
Epoch 3/3:  63%|██████▎   | 1018/1625 [02:38<01:24,  7.19it/s, acc=78.5%, loss=0.508]
Epoch 3/3:  63%|██████▎   | 1019/1625 [02:38<01:28,  6.86it/s, acc=78.5%, loss=0.508]
Epoch 3/3:  63%|██████▎   | 1019/1625 [02:38<01:28,  6.86it/s, acc=78.5%, loss=0.609]
Epoch 3/3:  63%|██████▎   | 1020/1625 [02:38<01:39,  6.11it/s, acc=78.5%, loss=0.609]
Epoch 3/3:  63%|██████▎   | 1020/1625 [02:38<01:39,  6.11it/s, acc=78.5%, loss=0.584]
Epoch 3/3:  63%|██████▎   | 1021/1625 [02:38<01:46,  5.69it/s, acc=78.5%, loss=0.584]
Epoch 3/3:  63%|██████▎   | 1021/1625 [02:38<01:46,  5.69it/s, acc=78.5%, loss=0.463]
Epoch 3/3:  63%|██████▎   | 1022/1625 [02:38<01:49,  5.52it/s, acc=78.5%, loss=0.463]
Epoch 3/3:  63%|██████▎   | 1022/1625 [02:39<01:49,  5.52it/s, acc=78.5%, loss=0.552]
Epoch 3/3:  63%|██████▎   | 1023/1625 [02:39<01:52,  5.34it/s, acc=78.5%, loss=0.552]
Epoch 3/3:  63%|██████▎   | 1023/1625 [02:39<01:52,  5.34it/s, acc=78.5%, loss=0.466]
Epoch 3/3:  63%|██████▎   | 1024/1625 [02:39<01:55,  5.18it/s, acc=78.5%, loss=0.466]
Epoch 3/3:  63%|██████▎   | 1024/1625 [02:39<01:55,  5.18it/s, acc=78.5%, loss=0.841]
Epoch 3/3:  63%|██████▎   | 1025/1625 [02:39<01:55,  5.21it/s, acc=78.5%, loss=0.841]
Epoch 3/3:  63%|██████▎   | 1025/1625 [02:39<01:55,  5.21it/s, acc=78.5%, loss=0.330]
Epoch 3/3:  63%|██████▎   | 1026/1625 [02:39<01:57,  5.11it/s, acc=78.5%, loss=0.330]
Epoch 3/3:  63%|██████▎   | 1026/1625 [02:39<01:57,  5.11it/s, acc=78.5%, loss=0.338]
Epoch 3/3:  63%|██████▎   | 1027/1625 [02:39<01:56,  5.14it/s, acc=78.5%, loss=0.338]
Epoch 3/3:  63%|██████▎   | 1027/1625 [02:40<01:56,  5.14it/s, acc=78.5%, loss=0.400]
Epoch 3/3:  63%|██████▎   | 1028/1625 [02:40<01:53,  5.24it/s, acc=78.5%, loss=0.400]
Epoch 3/3:  63%|██████▎   | 1028/1625 [02:40<01:53,  5.24it/s, acc=78.5%, loss=0.386]
Epoch 3/3:  63%|██████▎   | 1029/1625 [02:40<01:55,  5.14it/s, acc=78.5%, loss=0.386]
Epoch 3/3:  63%|██████▎   | 1029/1625 [02:40<01:55,  5.14it/s, acc=78.5%, loss=0.707]
Epoch 3/3:  63%|██████▎   | 1030/1625 [02:40<01:57,  5.07it/s, acc=78.5%, loss=0.707]
Epoch 3/3:  63%|██████▎   | 1030/1625 [02:40<01:57,  5.07it/s, acc=78.5%, loss=0.522]
Epoch 3/3:  63%|██████▎   | 1031/1625 [02:40<01:59,  4.97it/s, acc=78.5%, loss=0.522]
Epoch 3/3:  63%|██████▎   | 1031/1625 [02:40<01:59,  4.97it/s, acc=78.5%, loss=0.749]
Epoch 3/3:  64%|██████▎   | 1032/1625 [02:40<01:48,  5.47it/s, acc=78.5%, loss=0.749]
Epoch 3/3:  64%|██████▎   | 1032/1625 [02:40<01:48,  5.47it/s, acc=78.5%, loss=0.752]
Epoch 3/3:  64%|██████▎   | 1033/1625 [02:40<01:37,  6.04it/s, acc=78.5%, loss=0.752]
Epoch 3/3:  64%|██████▎   | 1033/1625 [02:41<01:37,  6.04it/s, acc=78.5%, loss=0.563]
Epoch 3/3:  64%|██████▎   | 1034/1625 [02:41<01:32,  6.42it/s, acc=78.5%, loss=0.563]
Epoch 3/3:  64%|██████▎   | 1034/1625 [02:41<01:32,  6.42it/s, acc=78.5%, loss=0.431]
Epoch 3/3:  64%|██████▎   | 1035/1625 [02:41<01:28,  6.68it/s, acc=78.5%, loss=0.431]
Epoch 3/3:  64%|██████▎   | 1035/1625 [02:41<01:28,  6.68it/s, acc=78.5%, loss=0.510]
Epoch 3/3:  64%|██████▍   | 1036/1625 [02:41<01:28,  6.65it/s, acc=78.5%, loss=0.510]
Epoch 3/3:  64%|██████▍   | 1036/1625 [02:41<01:28,  6.65it/s, acc=78.5%, loss=0.546]
Epoch 3/3:  64%|██████▍   | 1037/1625 [02:41<01:24,  6.96it/s, acc=78.5%, loss=0.546]
Epoch 3/3:  64%|██████▍   | 1037/1625 [02:41<01:24,  6.96it/s, acc=78.5%, loss=0.512]
Epoch 3/3:  64%|██████▍   | 1038/1625 [02:41<01:23,  7.00it/s, acc=78.5%, loss=0.512]
Epoch 3/3:  64%|██████▍   | 1038/1625 [02:41<01:23,  7.00it/s, acc=78.4%, loss=0.540]
Epoch 3/3:  64%|██████▍   | 1039/1625 [02:41<01:36,  6.10it/s, acc=78.4%, loss=0.540]
Epoch 3/3:  64%|██████▍   | 1039/1625 [02:42<01:36,  6.10it/s, acc=78.4%, loss=0.570]
Epoch 3/3:  64%|██████▍   | 1040/1625 [02:42<01:29,  6.52it/s, acc=78.4%, loss=0.570]
Epoch 3/3:  64%|██████▍   | 1040/1625 [02:42<01:29,  6.52it/s, acc=78.4%, loss=0.577]
Epoch 3/3:  64%|██████▍   | 1041/1625 [02:42<01:40,  5.82it/s, acc=78.4%, loss=0.577]
Epoch 3/3:  64%|██████▍   | 1041/1625 [02:42<01:40,  5.82it/s, acc=78.5%, loss=0.483]
Epoch 3/3:  64%|██████▍   | 1042/1625 [02:42<01:47,  5.44it/s, acc=78.5%, loss=0.483]
Epoch 3/3:  64%|██████▍   | 1042/1625 [02:42<01:47,  5.44it/s, acc=78.5%, loss=0.437]
Epoch 3/3:  64%|██████▍   | 1043/1625 [02:42<01:46,  5.46it/s, acc=78.5%, loss=0.437]
Epoch 3/3:  64%|██████▍   | 1043/1625 [02:42<01:46,  5.46it/s, acc=78.5%, loss=0.644]
Epoch 3/3:  64%|██████▍   | 1044/1625 [02:42<01:48,  5.36it/s, acc=78.5%, loss=0.644]
Epoch 3/3:  64%|██████▍   | 1044/1625 [02:43<01:48,  5.36it/s, acc=78.5%, loss=0.451]
Epoch 3/3:  64%|██████▍   | 1045/1625 [02:43<01:49,  5.31it/s, acc=78.5%, loss=0.451]
Epoch 3/3:  64%|██████▍   | 1045/1625 [02:43<01:49,  5.31it/s, acc=78.5%, loss=0.520]
Epoch 3/3:  64%|██████▍   | 1046/1625 [02:43<01:54,  5.05it/s, acc=78.5%, loss=0.520]
Epoch 3/3:  64%|██████▍   | 1046/1625 [02:43<01:54,  5.05it/s, acc=78.5%, loss=0.616]
Epoch 3/3:  64%|██████▍   | 1047/1625 [02:43<01:58,  4.86it/s, acc=78.5%, loss=0.616]
Epoch 3/3:  64%|██████▍   | 1047/1625 [02:43<01:58,  4.86it/s, acc=78.5%, loss=0.325]
Epoch 3/3:  64%|██████▍   | 1048/1625 [02:43<01:47,  5.35it/s, acc=78.5%, loss=0.325]
Epoch 3/3:  64%|██████▍   | 1048/1625 [02:43<01:47,  5.35it/s, acc=78.5%, loss=0.503]
Epoch 3/3:  65%|██████▍   | 1049/1625 [02:43<01:45,  5.46it/s, acc=78.5%, loss=0.503]
Epoch 3/3:  65%|██████▍   | 1049/1625 [02:43<01:45,  5.46it/s, acc=78.5%, loss=0.652]
Epoch 3/3:  65%|██████▍   | 1050/1625 [02:43<01:53,  5.07it/s, acc=78.5%, loss=0.652]
Epoch 3/3:  65%|██████▍   | 1050/1625 [02:44<01:53,  5.07it/s, acc=78.5%, loss=0.641]
Epoch 3/3:  65%|██████▍   | 1051/1625 [02:44<01:57,  4.89it/s, acc=78.5%, loss=0.641]
Epoch 3/3:  65%|██████▍   | 1051/1625 [02:44<01:57,  4.89it/s, acc=78.5%, loss=0.534]
Epoch 3/3:  65%|██████▍   | 1052/1625 [02:44<01:53,  5.03it/s, acc=78.5%, loss=0.534]
Epoch 3/3:  65%|██████▍   | 1052/1625 [02:44<01:53,  5.03it/s, acc=78.5%, loss=0.622]
Epoch 3/3:  65%|██████▍   | 1053/1625 [02:44<01:48,  5.27it/s, acc=78.5%, loss=0.622]
Epoch 3/3:  65%|██████▍   | 1053/1625 [02:44<01:48,  5.27it/s, acc=78.5%, loss=0.392]
Epoch 3/3:  65%|██████▍   | 1054/1625 [02:44<01:40,  5.67it/s, acc=78.5%, loss=0.392]
Epoch 3/3:  65%|██████▍   | 1054/1625 [02:44<01:40,  5.67it/s, acc=78.5%, loss=0.390]
Epoch 3/3:  65%|██████▍   | 1055/1625 [02:44<01:29,  6.37it/s, acc=78.5%, loss=0.390]
Epoch 3/3:  65%|██████▍   | 1055/1625 [02:44<01:29,  6.37it/s, acc=78.5%, loss=0.379]
Epoch 3/3:  65%|██████▍   | 1056/1625 [02:44<01:28,  6.40it/s, acc=78.5%, loss=0.379]
Epoch 3/3:  65%|██████▍   | 1056/1625 [02:45<01:28,  6.40it/s, acc=78.5%, loss=0.569]
Epoch 3/3:  65%|██████▌   | 1057/1625 [02:45<01:40,  5.68it/s, acc=78.5%, loss=0.569]
Epoch 3/3:  65%|██████▌   | 1057/1625 [02:45<01:40,  5.68it/s, acc=78.5%, loss=0.415]
Epoch 3/3:  65%|██████▌   | 1058/1625 [02:45<01:42,  5.53it/s, acc=78.5%, loss=0.415]
Epoch 3/3:  65%|██████▌   | 1058/1625 [02:45<01:42,  5.53it/s, acc=78.5%, loss=0.400]
Epoch 3/3:  65%|██████▌   | 1059/1625 [02:45<01:30,  6.25it/s, acc=78.5%, loss=0.400]
Epoch 3/3:  65%|██████▌   | 1059/1625 [02:45<01:30,  6.25it/s, acc=78.5%, loss=0.514]
Epoch 3/3:  65%|██████▌   | 1060/1625 [02:45<01:25,  6.64it/s, acc=78.5%, loss=0.514]
Epoch 3/3:  65%|██████▌   | 1060/1625 [02:45<01:25,  6.64it/s, acc=78.5%, loss=0.587]
Epoch 3/3:  65%|██████▌   | 1061/1625 [02:45<01:22,  6.86it/s, acc=78.5%, loss=0.587]
Epoch 3/3:  65%|██████▌   | 1061/1625 [02:46<01:22,  6.86it/s, acc=78.5%, loss=0.504]
Epoch 3/3:  65%|██████▌   | 1062/1625 [02:46<01:46,  5.31it/s, acc=78.5%, loss=0.504]
Epoch 3/3:  65%|██████▌   | 1062/1625 [02:46<01:46,  5.31it/s, acc=78.5%, loss=0.479]
Epoch 3/3:  65%|██████▌   | 1063/1625 [02:46<02:05,  4.49it/s, acc=78.5%, loss=0.479]
Epoch 3/3:  65%|██████▌   | 1063/1625 [02:46<02:05,  4.49it/s, acc=78.5%, loss=0.494]
Epoch 3/3:  65%|██████▌   | 1064/1625 [02:46<02:05,  4.45it/s, acc=78.5%, loss=0.494]
Epoch 3/3:  65%|██████▌   | 1064/1625 [02:46<02:05,  4.45it/s, acc=78.5%, loss=0.479]
Epoch 3/3:  66%|██████▌   | 1065/1625 [02:46<02:10,  4.30it/s, acc=78.5%, loss=0.479]
Epoch 3/3:  66%|██████▌   | 1065/1625 [02:47<02:10,  4.30it/s, acc=78.5%, loss=0.636]
Epoch 3/3:  66%|██████▌   | 1066/1625 [02:47<02:12,  4.22it/s, acc=78.5%, loss=0.636]
Epoch 3/3:  66%|██████▌   | 1066/1625 [02:47<02:12,  4.22it/s, acc=78.5%, loss=0.715]
Epoch 3/3:  66%|██████▌   | 1067/1625 [02:47<02:17,  4.06it/s, acc=78.5%, loss=0.715]
Epoch 3/3:  66%|██████▌   | 1067/1625 [02:47<02:17,  4.06it/s, acc=78.5%, loss=0.401]
Epoch 3/3:  66%|██████▌   | 1068/1625 [02:47<02:23,  3.89it/s, acc=78.5%, loss=0.401]
Epoch 3/3:  66%|██████▌   | 1068/1625 [02:47<02:23,  3.89it/s, acc=78.5%, loss=0.585]
Epoch 3/3:  66%|██████▌   | 1069/1625 [02:47<02:27,  3.77it/s, acc=78.5%, loss=0.585]
Epoch 3/3:  66%|██████▌   | 1069/1625 [02:48<02:27,  3.77it/s, acc=78.5%, loss=0.571]
Epoch 3/3:  66%|██████▌   | 1070/1625 [02:48<02:24,  3.85it/s, acc=78.5%, loss=0.571]
Epoch 3/3:  66%|██████▌   | 1070/1625 [02:48<02:24,  3.85it/s, acc=78.5%, loss=0.677]
Epoch 3/3:  66%|██████▌   | 1071/1625 [02:48<02:23,  3.87it/s, acc=78.5%, loss=0.677]
Epoch 3/3:  66%|██████▌   | 1071/1625 [02:48<02:23,  3.87it/s, acc=78.5%, loss=0.327]
Epoch 3/3:  66%|██████▌   | 1072/1625 [02:48<02:15,  4.08it/s, acc=78.5%, loss=0.327]
Epoch 3/3:  66%|██████▌   | 1072/1625 [02:48<02:15,  4.08it/s, acc=78.5%, loss=0.508]
Epoch 3/3:  66%|██████▌   | 1073/1625 [02:48<02:03,  4.48it/s, acc=78.5%, loss=0.508]
Epoch 3/3:  66%|██████▌   | 1073/1625 [02:48<02:03,  4.48it/s, acc=78.5%, loss=0.446]
Epoch 3/3:  66%|██████▌   | 1074/1625 [02:48<01:46,  5.16it/s, acc=78.5%, loss=0.446]
Epoch 3/3:  66%|██████▌   | 1074/1625 [02:49<01:46,  5.16it/s, acc=78.5%, loss=0.298]
Epoch 3/3:  66%|██████▌   | 1075/1625 [02:49<01:31,  6.01it/s, acc=78.5%, loss=0.298]
Epoch 3/3:  66%|██████▌   | 1075/1625 [02:49<01:31,  6.01it/s, acc=78.5%, loss=0.607]
Epoch 3/3:  66%|██████▌   | 1076/1625 [02:49<01:28,  6.20it/s, acc=78.5%, loss=0.607]
Epoch 3/3:  66%|██████▌   | 1076/1625 [02:49<01:28,  6.20it/s, acc=78.5%, loss=0.558]
Epoch 3/3:  66%|██████▋   | 1077/1625 [02:49<01:23,  6.57it/s, acc=78.5%, loss=0.558]
Epoch 3/3:  66%|██████▋   | 1077/1625 [02:49<01:23,  6.57it/s, acc=78.5%, loss=0.415]
Epoch 3/3:  66%|██████▋   | 1078/1625 [02:49<01:21,  6.71it/s, acc=78.5%, loss=0.415]
Epoch 3/3:  66%|██████▋   | 1078/1625 [02:49<01:21,  6.71it/s, acc=78.5%, loss=0.509]
Epoch 3/3:  66%|██████▋   | 1079/1625 [02:49<01:24,  6.47it/s, acc=78.5%, loss=0.509]
Epoch 3/3:  66%|██████▋   | 1079/1625 [02:49<01:24,  6.47it/s, acc=78.5%, loss=0.463]
Epoch 3/3:  66%|██████▋   | 1080/1625 [02:49<01:22,  6.65it/s, acc=78.5%, loss=0.463]
Epoch 3/3:  66%|██████▋   | 1080/1625 [02:49<01:22,  6.65it/s, acc=78.5%, loss=0.503]
Epoch 3/3:  67%|██████▋   | 1081/1625 [02:49<01:23,  6.55it/s, acc=78.5%, loss=0.503]
Epoch 3/3:  67%|██████▋   | 1081/1625 [02:50<01:23,  6.55it/s, acc=78.5%, loss=0.557]
Epoch 3/3:  67%|██████▋   | 1082/1625 [02:50<01:24,  6.46it/s, acc=78.5%, loss=0.557]
Epoch 3/3:  67%|██████▋   | 1082/1625 [02:50<01:24,  6.46it/s, acc=78.5%, loss=0.361]
Epoch 3/3:  67%|██████▋   | 1083/1625 [02:50<01:26,  6.28it/s, acc=78.5%, loss=0.361]
Epoch 3/3:  67%|██████▋   | 1083/1625 [02:50<01:26,  6.28it/s, acc=78.5%, loss=0.678]
Epoch 3/3:  67%|██████▋   | 1084/1625 [02:50<01:25,  6.36it/s, acc=78.5%, loss=0.678]
Epoch 3/3:  67%|██████▋   | 1084/1625 [02:50<01:25,  6.36it/s, acc=78.5%, loss=0.590]
Epoch 3/3:  67%|██████▋   | 1085/1625 [02:50<01:25,  6.31it/s, acc=78.5%, loss=0.590]
Epoch 3/3:  67%|██████▋   | 1085/1625 [02:50<01:25,  6.31it/s, acc=78.5%, loss=0.824]
Epoch 3/3:  67%|██████▋   | 1086/1625 [02:50<01:21,  6.62it/s, acc=78.5%, loss=0.824]
Epoch 3/3:  67%|██████▋   | 1086/1625 [02:50<01:21,  6.62it/s, acc=78.5%, loss=0.460]
Epoch 3/3:  67%|██████▋   | 1087/1625 [02:50<01:18,  6.88it/s, acc=78.5%, loss=0.460]
Epoch 3/3:  67%|██████▋   | 1087/1625 [02:51<01:18,  6.88it/s, acc=78.5%, loss=0.563]
Epoch 3/3:  67%|██████▋   | 1088/1625 [02:51<01:25,  6.31it/s, acc=78.5%, loss=0.563]
Epoch 3/3:  67%|██████▋   | 1088/1625 [02:51<01:25,  6.31it/s, acc=78.5%, loss=0.660]
Epoch 3/3:  67%|██████▋   | 1089/1625 [02:51<01:23,  6.39it/s, acc=78.5%, loss=0.660]
Epoch 3/3:  67%|██████▋   | 1089/1625 [02:51<01:23,  6.39it/s, acc=78.5%, loss=0.424]
Epoch 3/3:  67%|██████▋   | 1090/1625 [02:51<01:20,  6.66it/s, acc=78.5%, loss=0.424]
Epoch 3/3:  67%|██████▋   | 1090/1625 [02:51<01:20,  6.66it/s, acc=78.5%, loss=0.516]
Epoch 3/3:  67%|██████▋   | 1091/1625 [02:51<01:22,  6.51it/s, acc=78.5%, loss=0.516]
Epoch 3/3:  67%|██████▋   | 1091/1625 [02:51<01:22,  6.51it/s, acc=78.5%, loss=0.514]
Epoch 3/3:  67%|██████▋   | 1092/1625 [02:51<01:14,  7.11it/s, acc=78.5%, loss=0.514]
Epoch 3/3:  67%|██████▋   | 1092/1625 [02:51<01:14,  7.11it/s, acc=78.5%, loss=0.431]
Epoch 3/3:  67%|██████▋   | 1093/1625 [02:51<01:14,  7.13it/s, acc=78.5%, loss=0.431]
Epoch 3/3:  67%|██████▋   | 1093/1625 [02:51<01:14,  7.13it/s, acc=78.5%, loss=0.396]
Epoch 3/3:  67%|██████▋   | 1094/1625 [02:51<01:21,  6.52it/s, acc=78.5%, loss=0.396]
Epoch 3/3:  67%|██████▋   | 1094/1625 [02:52<01:21,  6.52it/s, acc=78.5%, loss=0.403]
Epoch 3/3:  67%|██████▋   | 1095/1625 [02:52<01:27,  6.03it/s, acc=78.5%, loss=0.403]
Epoch 3/3:  67%|██████▋   | 1095/1625 [02:52<01:27,  6.03it/s, acc=78.5%, loss=0.450]
Epoch 3/3:  67%|██████▋   | 1096/1625 [02:52<01:30,  5.83it/s, acc=78.5%, loss=0.450]
Epoch 3/3:  67%|██████▋   | 1096/1625 [02:52<01:30,  5.83it/s, acc=78.5%, loss=0.440]
Epoch 3/3:  68%|██████▊   | 1097/1625 [02:52<01:34,  5.58it/s, acc=78.5%, loss=0.440]
Epoch 3/3:  68%|██████▊   | 1097/1625 [02:52<01:34,  5.58it/s, acc=78.5%, loss=0.412]
Epoch 3/3:  68%|██████▊   | 1098/1625 [02:52<01:30,  5.84it/s, acc=78.5%, loss=0.412]
Epoch 3/3:  68%|██████▊   | 1098/1625 [02:52<01:30,  5.84it/s, acc=78.5%, loss=0.444]
Epoch 3/3:  68%|██████▊   | 1099/1625 [02:52<01:25,  6.17it/s, acc=78.5%, loss=0.444]
Epoch 3/3:  68%|██████▊   | 1099/1625 [02:52<01:25,  6.17it/s, acc=78.5%, loss=0.745]
Epoch 3/3:  68%|██████▊   | 1100/1625 [02:52<01:19,  6.58it/s, acc=78.5%, loss=0.745]
Epoch 3/3:  68%|██████▊   | 1100/1625 [02:53<01:19,  6.58it/s, acc=78.5%, loss=0.471]
Epoch 3/3:  68%|██████▊   | 1101/1625 [02:53<01:16,  6.87it/s, acc=78.5%, loss=0.471]
Epoch 3/3:  68%|██████▊   | 1101/1625 [02:53<01:16,  6.87it/s, acc=78.5%, loss=0.419]
Epoch 3/3:  68%|██████▊   | 1102/1625 [02:53<01:18,  6.67it/s, acc=78.5%, loss=0.419]
Epoch 3/3:  68%|██████▊   | 1102/1625 [02:53<01:18,  6.67it/s, acc=78.5%, loss=0.764]
Epoch 3/3:  68%|██████▊   | 1103/1625 [02:53<01:21,  6.41it/s, acc=78.5%, loss=0.764]
Epoch 3/3:  68%|██████▊   | 1103/1625 [02:53<01:21,  6.41it/s, acc=78.5%, loss=0.618]
Epoch 3/3:  68%|██████▊   | 1104/1625 [02:53<01:19,  6.55it/s, acc=78.5%, loss=0.618]
Epoch 3/3:  68%|██████▊   | 1104/1625 [02:53<01:19,  6.55it/s, acc=78.5%, loss=0.443]
Epoch 3/3:  68%|██████▊   | 1105/1625 [02:53<01:20,  6.47it/s, acc=78.5%, loss=0.443]
Epoch 3/3:  68%|██████▊   | 1105/1625 [02:53<01:20,  6.47it/s, acc=78.5%, loss=0.730]
Epoch 3/3:  68%|██████▊   | 1106/1625 [02:53<01:18,  6.57it/s, acc=78.5%, loss=0.730]
Epoch 3/3:  68%|██████▊   | 1106/1625 [02:54<01:18,  6.57it/s, acc=78.5%, loss=0.598]
Epoch 3/3:  68%|██████▊   | 1107/1625 [02:54<01:44,  4.94it/s, acc=78.5%, loss=0.598]
Epoch 3/3:  68%|██████▊   | 1107/1625 [02:54<01:44,  4.94it/s, acc=78.5%, loss=0.807]
Epoch 3/3:  68%|██████▊   | 1108/1625 [02:54<01:32,  5.59it/s, acc=78.5%, loss=0.807]
Epoch 3/3:  68%|██████▊   | 1108/1625 [02:54<01:32,  5.59it/s, acc=78.5%, loss=0.493]
Epoch 3/3:  68%|██████▊   | 1109/1625 [02:54<01:23,  6.15it/s, acc=78.5%, loss=0.493]
Epoch 3/3:  68%|██████▊   | 1109/1625 [02:54<01:23,  6.15it/s, acc=78.5%, loss=0.432]
Epoch 3/3:  68%|██████▊   | 1110/1625 [02:54<01:28,  5.84it/s, acc=78.5%, loss=0.432]
Epoch 3/3:  68%|██████▊   | 1110/1625 [02:54<01:28,  5.84it/s, acc=78.5%, loss=0.429]
Epoch 3/3:  68%|██████▊   | 1111/1625 [02:54<01:32,  5.55it/s, acc=78.5%, loss=0.429]
Epoch 3/3:  68%|██████▊   | 1111/1625 [02:54<01:32,  5.55it/s, acc=78.5%, loss=0.335]
Epoch 3/3:  68%|██████▊   | 1112/1625 [02:54<01:34,  5.41it/s, acc=78.5%, loss=0.335]
Epoch 3/3:  68%|██████▊   | 1112/1625 [02:55<01:34,  5.41it/s, acc=78.5%, loss=0.424]
Epoch 3/3:  68%|██████▊   | 1113/1625 [02:55<01:44,  4.91it/s, acc=78.5%, loss=0.424]
Epoch 3/3:  68%|██████▊   | 1113/1625 [02:55<01:44,  4.91it/s, acc=78.5%, loss=0.764]
Epoch 3/3:  69%|██████▊   | 1114/1625 [02:55<01:46,  4.81it/s, acc=78.5%, loss=0.764]
Epoch 3/3:  69%|██████▊   | 1114/1625 [02:55<01:46,  4.81it/s, acc=78.5%, loss=0.393]
Epoch 3/3:  69%|██████▊   | 1115/1625 [02:55<01:44,  4.88it/s, acc=78.5%, loss=0.393]
Epoch 3/3:  69%|██████▊   | 1115/1625 [02:55<01:44,  4.88it/s, acc=78.5%, loss=0.685]
Epoch 3/3:  69%|██████▊   | 1116/1625 [02:55<01:43,  4.94it/s, acc=78.5%, loss=0.685]
Epoch 3/3:  69%|██████▊   | 1116/1625 [02:56<01:43,  4.94it/s, acc=78.5%, loss=0.769]
Epoch 3/3:  69%|██████▊   | 1117/1625 [02:56<01:42,  4.98it/s, acc=78.5%, loss=0.769]
Epoch 3/3:  69%|██████▊   | 1117/1625 [02:56<01:42,  4.98it/s, acc=78.5%, loss=0.588]
Epoch 3/3:  69%|██████▉   | 1118/1625 [02:56<01:43,  4.92it/s, acc=78.5%, loss=0.588]
Epoch 3/3:  69%|██████▉   | 1118/1625 [02:56<01:43,  4.92it/s, acc=78.5%, loss=0.533]
Epoch 3/3:  69%|██████▉   | 1119/1625 [02:56<01:42,  4.93it/s, acc=78.5%, loss=0.533]
Epoch 3/3:  69%|██████▉   | 1119/1625 [02:56<01:42,  4.93it/s, acc=78.5%, loss=0.490]
Epoch 3/3:  69%|██████▉   | 1120/1625 [02:56<01:42,  4.90it/s, acc=78.5%, loss=0.490]
Epoch 3/3:  69%|██████▉   | 1120/1625 [02:56<01:42,  4.90it/s, acc=78.5%, loss=0.596]
Epoch 3/3:  69%|██████▉   | 1121/1625 [02:56<01:43,  4.89it/s, acc=78.5%, loss=0.596]
Epoch 3/3:  69%|██████▉   | 1121/1625 [02:57<01:43,  4.89it/s, acc=78.5%, loss=0.577]
Epoch 3/3:  69%|██████▉   | 1122/1625 [02:57<01:34,  5.31it/s, acc=78.5%, loss=0.577]
Epoch 3/3:  69%|██████▉   | 1122/1625 [02:57<01:34,  5.31it/s, acc=78.5%, loss=0.533]
Epoch 3/3:  69%|██████▉   | 1123/1625 [02:57<01:25,  5.85it/s, acc=78.5%, loss=0.533]
Epoch 3/3:  69%|██████▉   | 1123/1625 [02:57<01:25,  5.85it/s, acc=78.5%, loss=0.310]
Epoch 3/3:  69%|██████▉   | 1124/1625 [02:57<01:21,  6.16it/s, acc=78.5%, loss=0.310]
Epoch 3/3:  69%|██████▉   | 1124/1625 [02:57<01:21,  6.16it/s, acc=78.5%, loss=0.454]
Epoch 3/3:  69%|██████▉   | 1124/1625 [02:57<01:21,  6.16it/s, acc=78.5%, loss=0.687]
Epoch 3/3:  69%|██████▉   | 1126/1625 [02:57<01:10,  7.09it/s, acc=78.5%, loss=0.687]
Epoch 3/3:  69%|██████▉   | 1126/1625 [02:57<01:10,  7.09it/s, acc=78.5%, loss=0.483]
Epoch 3/3:  69%|██████▉   | 1127/1625 [02:57<01:11,  6.97it/s, acc=78.5%, loss=0.483]
Epoch 3/3:  69%|██████▉   | 1127/1625 [02:57<01:11,  6.97it/s, acc=78.5%, loss=0.605]
Epoch 3/3:  69%|██████▉   | 1128/1625 [02:57<01:08,  7.25it/s, acc=78.5%, loss=0.605]
Epoch 3/3:  69%|██████▉   | 1128/1625 [02:57<01:08,  7.25it/s, acc=78.5%, loss=0.479]
Epoch 3/3:  69%|██████▉   | 1129/1625 [02:57<01:08,  7.27it/s, acc=78.5%, loss=0.479]
Epoch 3/3:  69%|██████▉   | 1129/1625 [02:58<01:08,  7.27it/s, acc=78.5%, loss=0.644]
Epoch 3/3:  70%|██████▉   | 1130/1625 [02:58<01:15,  6.59it/s, acc=78.5%, loss=0.644]
Epoch 3/3:  70%|██████▉   | 1130/1625 [02:58<01:15,  6.59it/s, acc=78.5%, loss=0.558]
Epoch 3/3:  70%|██████▉   | 1131/1625 [02:58<01:21,  6.07it/s, acc=78.5%, loss=0.558]
Epoch 3/3:  70%|██████▉   | 1131/1625 [02:58<01:21,  6.07it/s, acc=78.5%, loss=0.744]
Epoch 3/3:  70%|██████▉   | 1132/1625 [02:58<01:21,  6.02it/s, acc=78.5%, loss=0.744]
Epoch 3/3:  70%|██████▉   | 1132/1625 [02:58<01:21,  6.02it/s, acc=78.5%, loss=0.449]
Epoch 3/3:  70%|██████▉   | 1133/1625 [02:58<01:20,  6.14it/s, acc=78.5%, loss=0.449]
Epoch 3/3:  70%|██████▉   | 1133/1625 [02:58<01:20,  6.14it/s, acc=78.5%, loss=0.502]
Epoch 3/3:  70%|██████▉   | 1134/1625 [02:58<01:18,  6.22it/s, acc=78.5%, loss=0.502]
Epoch 3/3:  70%|██████▉   | 1134/1625 [02:58<01:18,  6.22it/s, acc=78.5%, loss=0.431]
Epoch 3/3:  70%|██████▉   | 1135/1625 [02:58<01:15,  6.47it/s, acc=78.5%, loss=0.431]
Epoch 3/3:  70%|██████▉   | 1135/1625 [02:59<01:15,  6.47it/s, acc=78.5%, loss=0.256]
Epoch 3/3:  70%|██████▉   | 1136/1625 [02:59<01:12,  6.73it/s, acc=78.5%, loss=0.256]
Epoch 3/3:  70%|██████▉   | 1136/1625 [02:59<01:12,  6.73it/s, acc=78.5%, loss=0.421]
Epoch 3/3:  70%|██████▉   | 1137/1625 [02:59<01:11,  6.85it/s, acc=78.5%, loss=0.421]
Epoch 3/3:  70%|██████▉   | 1137/1625 [02:59<01:11,  6.85it/s, acc=78.5%, loss=0.454]
Epoch 3/3:  70%|███████   | 1138/1625 [02:59<01:11,  6.79it/s, acc=78.5%, loss=0.454]
Epoch 3/3:  70%|███████   | 1138/1625 [02:59<01:11,  6.79it/s, acc=78.5%, loss=0.473]
Epoch 3/3:  70%|███████   | 1139/1625 [02:59<01:14,  6.51it/s, acc=78.5%, loss=0.473]
Epoch 3/3:  70%|███████   | 1139/1625 [02:59<01:14,  6.51it/s, acc=78.5%, loss=0.674]
Epoch 3/3:  70%|███████   | 1140/1625 [02:59<01:09,  6.94it/s, acc=78.5%, loss=0.674]
Epoch 3/3:  70%|███████   | 1140/1625 [02:59<01:09,  6.94it/s, acc=78.5%, loss=0.448]
Epoch 3/3:  70%|███████   | 1141/1625 [02:59<01:13,  6.56it/s, acc=78.5%, loss=0.448]
Epoch 3/3:  70%|███████   | 1141/1625 [03:00<01:13,  6.56it/s, acc=78.5%, loss=0.521]
Epoch 3/3:  70%|███████   | 1142/1625 [03:00<01:18,  6.12it/s, acc=78.5%, loss=0.521]
Epoch 3/3:  70%|███████   | 1142/1625 [03:00<01:18,  6.12it/s, acc=78.5%, loss=0.404]
Epoch 3/3:  70%|███████   | 1143/1625 [03:00<01:17,  6.20it/s, acc=78.5%, loss=0.404]
Epoch 3/3:  70%|███████   | 1143/1625 [03:00<01:17,  6.20it/s, acc=78.5%, loss=0.480]
Epoch 3/3:  70%|███████   | 1144/1625 [03:00<01:21,  5.91it/s, acc=78.5%, loss=0.480]
Epoch 3/3:  70%|███████   | 1144/1625 [03:00<01:21,  5.91it/s, acc=78.6%, loss=0.601]
Epoch 3/3:  70%|███████   | 1145/1625 [03:00<01:23,  5.74it/s, acc=78.6%, loss=0.601]
Epoch 3/3:  70%|███████   | 1145/1625 [03:00<01:23,  5.74it/s, acc=78.6%, loss=0.538]
Epoch 3/3:  71%|███████   | 1146/1625 [03:00<01:24,  5.70it/s, acc=78.6%, loss=0.538]
Epoch 3/3:  71%|███████   | 1146/1625 [03:00<01:24,  5.70it/s, acc=78.6%, loss=0.265]
Epoch 3/3:  71%|███████   | 1147/1625 [03:00<01:19,  6.02it/s, acc=78.6%, loss=0.265]
Epoch 3/3:  71%|███████   | 1147/1625 [03:01<01:19,  6.02it/s, acc=78.6%, loss=0.646]
Epoch 3/3:  71%|███████   | 1148/1625 [03:01<01:19,  5.99it/s, acc=78.6%, loss=0.646]
Epoch 3/3:  71%|███████   | 1148/1625 [03:01<01:19,  5.99it/s, acc=78.6%, loss=0.593]
Epoch 3/3:  71%|███████   | 1149/1625 [03:01<01:11,  6.63it/s, acc=78.6%, loss=0.593]
Epoch 3/3:  71%|███████   | 1149/1625 [03:01<01:11,  6.63it/s, acc=78.6%, loss=0.504]
Epoch 3/3:  71%|███████   | 1150/1625 [03:01<01:09,  6.86it/s, acc=78.6%, loss=0.504]
Epoch 3/3:  71%|███████   | 1150/1625 [03:01<01:09,  6.86it/s, acc=78.6%, loss=0.505]
Epoch 3/3:  71%|███████   | 1151/1625 [03:01<01:07,  7.06it/s, acc=78.6%, loss=0.505]
Epoch 3/3:  71%|███████   | 1151/1625 [03:01<01:07,  7.06it/s, acc=78.6%, loss=0.429]
Epoch 3/3:  71%|███████   | 1152/1625 [03:01<01:12,  6.49it/s, acc=78.6%, loss=0.429]
Epoch 3/3:  71%|███████   | 1152/1625 [03:01<01:12,  6.49it/s, acc=78.6%, loss=0.414]
Epoch 3/3:  71%|███████   | 1153/1625 [03:01<01:17,  6.08it/s, acc=78.6%, loss=0.414]
Epoch 3/3:  71%|███████   | 1153/1625 [03:01<01:17,  6.08it/s, acc=78.6%, loss=0.479]
Epoch 3/3:  71%|███████   | 1154/1625 [03:01<01:18,  5.99it/s, acc=78.6%, loss=0.479]
Epoch 3/3:  71%|███████   | 1154/1625 [03:02<01:18,  5.99it/s, acc=78.6%, loss=0.472]
Epoch 3/3:  71%|███████   | 1155/1625 [03:02<01:13,  6.39it/s, acc=78.6%, loss=0.472]
Epoch 3/3:  71%|███████   | 1155/1625 [03:02<01:13,  6.39it/s, acc=78.6%, loss=0.450]
Epoch 3/3:  71%|███████   | 1156/1625 [03:02<01:10,  6.63it/s, acc=78.6%, loss=0.450]
Epoch 3/3:  71%|███████   | 1156/1625 [03:02<01:10,  6.63it/s, acc=78.6%, loss=0.663]
Epoch 3/3:  71%|███████   | 1157/1625 [03:02<01:09,  6.72it/s, acc=78.6%, loss=0.663]
Epoch 3/3:  71%|███████   | 1157/1625 [03:02<01:09,  6.72it/s, acc=78.6%, loss=0.697]
Epoch 3/3:  71%|███████▏  | 1158/1625 [03:02<01:14,  6.30it/s, acc=78.6%, loss=0.697]
Epoch 3/3:  71%|███████▏  | 1158/1625 [03:02<01:14,  6.30it/s, acc=78.6%, loss=0.472]
Epoch 3/3:  71%|███████▏  | 1159/1625 [03:02<01:13,  6.37it/s, acc=78.6%, loss=0.472]
Epoch 3/3:  71%|███████▏  | 1159/1625 [03:02<01:13,  6.37it/s, acc=78.6%, loss=0.522]
Epoch 3/3:  71%|███████▏  | 1160/1625 [03:02<01:09,  6.72it/s, acc=78.6%, loss=0.522]
Epoch 3/3:  71%|███████▏  | 1160/1625 [03:02<01:09,  6.72it/s, acc=78.6%, loss=0.693]
Epoch 3/3:  71%|███████▏  | 1161/1625 [03:02<01:07,  6.87it/s, acc=78.6%, loss=0.693]
Epoch 3/3:  71%|███████▏  | 1161/1625 [03:03<01:07,  6.87it/s, acc=78.6%, loss=0.642]
Epoch 3/3:  72%|███████▏  | 1162/1625 [03:03<01:06,  6.94it/s, acc=78.6%, loss=0.642]
Epoch 3/3:  72%|███████▏  | 1162/1625 [03:03<01:06,  6.94it/s, acc=78.5%, loss=0.698]
Epoch 3/3:  72%|███████▏  | 1163/1625 [03:03<01:09,  6.63it/s, acc=78.5%, loss=0.698]
Epoch 3/3:  72%|███████▏  | 1163/1625 [03:03<01:09,  6.63it/s, acc=78.5%, loss=0.537]
Epoch 3/3:  72%|███████▏  | 1164/1625 [03:03<01:12,  6.36it/s, acc=78.5%, loss=0.537]
Epoch 3/3:  72%|███████▏  | 1164/1625 [03:03<01:12,  6.36it/s, acc=78.5%, loss=0.606]
Epoch 3/3:  72%|███████▏  | 1165/1625 [03:03<01:17,  5.96it/s, acc=78.5%, loss=0.606]
Epoch 3/3:  72%|███████▏  | 1165/1625 [03:03<01:17,  5.96it/s, acc=78.5%, loss=0.593]
Epoch 3/3:  72%|███████▏  | 1166/1625 [03:03<01:21,  5.66it/s, acc=78.5%, loss=0.593]
Epoch 3/3:  72%|███████▏  | 1166/1625 [03:04<01:21,  5.66it/s, acc=78.5%, loss=0.508]
Epoch 3/3:  72%|███████▏  | 1167/1625 [03:04<01:22,  5.58it/s, acc=78.5%, loss=0.508]
Epoch 3/3:  72%|███████▏  | 1167/1625 [03:04<01:22,  5.58it/s, acc=78.6%, loss=0.552]
Epoch 3/3:  72%|███████▏  | 1168/1625 [03:04<01:23,  5.47it/s, acc=78.6%, loss=0.552]
Epoch 3/3:  72%|███████▏  | 1168/1625 [03:04<01:23,  5.47it/s, acc=78.6%, loss=0.383]
Epoch 3/3:  72%|███████▏  | 1169/1625 [03:04<01:17,  5.89it/s, acc=78.6%, loss=0.383]
Epoch 3/3:  72%|███████▏  | 1169/1625 [03:04<01:17,  5.89it/s, acc=78.6%, loss=0.460]
Epoch 3/3:  72%|███████▏  | 1170/1625 [03:04<01:13,  6.19it/s, acc=78.6%, loss=0.460]
Epoch 3/3:  72%|███████▏  | 1170/1625 [03:04<01:13,  6.19it/s, acc=78.6%, loss=0.711]
Epoch 3/3:  72%|███████▏  | 1171/1625 [03:04<01:10,  6.43it/s, acc=78.6%, loss=0.711]
Epoch 3/3:  72%|███████▏  | 1171/1625 [03:04<01:10,  6.43it/s, acc=78.5%, loss=0.718]
Epoch 3/3:  72%|███████▏  | 1172/1625 [03:04<01:19,  5.68it/s, acc=78.5%, loss=0.718]
Epoch 3/3:  72%|███████▏  | 1172/1625 [03:05<01:19,  5.68it/s, acc=78.6%, loss=0.457]
Epoch 3/3:  72%|███████▏  | 1173/1625 [03:05<01:35,  4.75it/s, acc=78.6%, loss=0.457]
Epoch 3/3:  72%|███████▏  | 1173/1625 [03:05<01:35,  4.75it/s, acc=78.5%, loss=0.694]
Epoch 3/3:  72%|███████▏  | 1174/1625 [03:05<01:45,  4.29it/s, acc=78.5%, loss=0.694]
Epoch 3/3:  72%|███████▏  | 1174/1625 [03:05<01:45,  4.29it/s, acc=78.5%, loss=0.598]
Epoch 3/3:  72%|███████▏  | 1175/1625 [03:05<01:50,  4.09it/s, acc=78.5%, loss=0.598]
Epoch 3/3:  72%|███████▏  | 1175/1625 [03:05<01:50,  4.09it/s, acc=78.5%, loss=0.644]
Epoch 3/3:  72%|███████▏  | 1176/1625 [03:05<01:53,  3.94it/s, acc=78.5%, loss=0.644]
Epoch 3/3:  72%|███████▏  | 1176/1625 [03:06<01:53,  3.94it/s, acc=78.5%, loss=0.644]
Epoch 3/3:  72%|███████▏  | 1177/1625 [03:06<01:34,  4.72it/s, acc=78.5%, loss=0.644]
Epoch 3/3:  72%|███████▏  | 1177/1625 [03:06<01:34,  4.72it/s, acc=78.5%, loss=0.385]
Epoch 3/3:  72%|███████▏  | 1178/1625 [03:06<01:30,  4.95it/s, acc=78.5%, loss=0.385]
Epoch 3/3:  72%|███████▏  | 1178/1625 [03:06<01:30,  4.95it/s, acc=78.5%, loss=0.504]
Epoch 3/3:  73%|███████▎  | 1179/1625 [03:06<01:26,  5.15it/s, acc=78.5%, loss=0.504]
Epoch 3/3:  73%|███████▎  | 1179/1625 [03:06<01:26,  5.15it/s, acc=78.5%, loss=0.593]
Epoch 3/3:  73%|███████▎  | 1180/1625 [03:06<01:15,  5.91it/s, acc=78.5%, loss=0.593]
Epoch 3/3:  73%|███████▎  | 1180/1625 [03:06<01:15,  5.91it/s, acc=78.5%, loss=0.516]
Epoch 3/3:  73%|███████▎  | 1181/1625 [03:06<01:10,  6.26it/s, acc=78.5%, loss=0.516]
Epoch 3/3:  73%|███████▎  | 1181/1625 [03:06<01:10,  6.26it/s, acc=78.5%, loss=0.675]
Epoch 3/3:  73%|███████▎  | 1182/1625 [03:06<01:06,  6.63it/s, acc=78.5%, loss=0.675]
Epoch 3/3:  73%|███████▎  | 1182/1625 [03:06<01:06,  6.63it/s, acc=78.5%, loss=0.817]
Epoch 3/3:  73%|███████▎  | 1183/1625 [03:06<01:03,  7.00it/s, acc=78.5%, loss=0.817]
Epoch 3/3:  73%|███████▎  | 1183/1625 [03:07<01:03,  7.00it/s, acc=78.5%, loss=0.465]
Epoch 3/3:  73%|███████▎  | 1184/1625 [03:07<01:03,  7.00it/s, acc=78.5%, loss=0.465]
Epoch 3/3:  73%|███████▎  | 1184/1625 [03:07<01:03,  7.00it/s, acc=78.5%, loss=0.309]
Epoch 3/3:  73%|███████▎  | 1185/1625 [03:07<01:03,  6.95it/s, acc=78.5%, loss=0.309]
Epoch 3/3:  73%|███████▎  | 1185/1625 [03:07<01:03,  6.95it/s, acc=78.5%, loss=0.661]
Epoch 3/3:  73%|███████▎  | 1186/1625 [03:07<01:01,  7.13it/s, acc=78.5%, loss=0.661]
Epoch 3/3:  73%|███████▎  | 1186/1625 [03:07<01:01,  7.13it/s, acc=78.5%, loss=0.425]
Epoch 3/3:  73%|███████▎  | 1187/1625 [03:07<01:03,  6.86it/s, acc=78.5%, loss=0.425]
Epoch 3/3:  73%|███████▎  | 1187/1625 [03:07<01:03,  6.86it/s, acc=78.5%, loss=0.659]
Epoch 3/3:  73%|███████▎  | 1188/1625 [03:07<01:11,  6.08it/s, acc=78.5%, loss=0.659]
Epoch 3/3:  73%|███████▎  | 1188/1625 [03:07<01:11,  6.08it/s, acc=78.5%, loss=0.355]
Epoch 3/3:  73%|███████▎  | 1189/1625 [03:07<01:05,  6.63it/s, acc=78.5%, loss=0.355]
Epoch 3/3:  73%|███████▎  | 1189/1625 [03:08<01:05,  6.63it/s, acc=78.5%, loss=0.578]
Epoch 3/3:  73%|███████▎  | 1190/1625 [03:08<01:07,  6.41it/s, acc=78.5%, loss=0.578]
Epoch 3/3:  73%|███████▎  | 1190/1625 [03:08<01:07,  6.41it/s, acc=78.5%, loss=0.496]
Epoch 3/3:  73%|███████▎  | 1191/1625 [03:08<01:10,  6.13it/s, acc=78.5%, loss=0.496]
Epoch 3/3:  73%|███████▎  | 1191/1625 [03:08<01:10,  6.13it/s, acc=78.5%, loss=0.375]
Epoch 3/3:  73%|███████▎  | 1192/1625 [03:08<01:11,  6.07it/s, acc=78.5%, loss=0.375]
Epoch 3/3:  73%|███████▎  | 1192/1625 [03:08<01:11,  6.07it/s, acc=78.5%, loss=0.544]
Epoch 3/3:  73%|███████▎  | 1193/1625 [03:08<01:12,  5.97it/s, acc=78.5%, loss=0.544]
Epoch 3/3:  73%|███████▎  | 1193/1625 [03:08<01:12,  5.97it/s, acc=78.5%, loss=0.456]
Epoch 3/3:  73%|███████▎  | 1194/1625 [03:08<01:04,  6.66it/s, acc=78.5%, loss=0.456]
Epoch 3/3:  73%|███████▎  | 1194/1625 [03:08<01:04,  6.66it/s, acc=78.5%, loss=0.554]
Epoch 3/3:  74%|███████▎  | 1195/1625 [03:08<01:00,  7.08it/s, acc=78.5%, loss=0.554]
Epoch 3/3:  74%|███████▎  | 1195/1625 [03:08<01:00,  7.08it/s, acc=78.5%, loss=0.761]
Epoch 3/3:  74%|███████▎  | 1196/1625 [03:08<00:59,  7.18it/s, acc=78.5%, loss=0.761]
Epoch 3/3:  74%|███████▎  | 1196/1625 [03:09<00:59,  7.18it/s, acc=78.5%, loss=0.497]
Epoch 3/3:  74%|███████▎  | 1197/1625 [03:09<00:58,  7.29it/s, acc=78.5%, loss=0.497]
Epoch 3/3:  74%|███████▎  | 1197/1625 [03:09<00:58,  7.29it/s, acc=78.5%, loss=0.473]
Epoch 3/3:  74%|███████▎  | 1198/1625 [03:09<00:58,  7.27it/s, acc=78.5%, loss=0.473]
Epoch 3/3:  74%|███████▎  | 1198/1625 [03:09<00:58,  7.27it/s, acc=78.5%, loss=0.538]
Epoch 3/3:  74%|███████▍  | 1199/1625 [03:09<00:56,  7.54it/s, acc=78.5%, loss=0.538]
Epoch 3/3:  74%|███████▍  | 1199/1625 [03:09<00:56,  7.54it/s, acc=78.5%, loss=0.510]
Epoch 3/3:  74%|███████▍  | 1200/1625 [03:09<01:04,  6.55it/s, acc=78.5%, loss=0.510]
Epoch 3/3:  74%|███████▍  | 1200/1625 [03:09<01:04,  6.55it/s, acc=78.5%, loss=0.444]
Epoch 3/3:  74%|███████▍  | 1201/1625 [03:09<01:06,  6.40it/s, acc=78.5%, loss=0.444]
Epoch 3/3:  74%|███████▍  | 1201/1625 [03:09<01:06,  6.40it/s, acc=78.5%, loss=0.519]
Epoch 3/3:  74%|███████▍  | 1202/1625 [03:09<01:10,  6.00it/s, acc=78.5%, loss=0.519]
Epoch 3/3:  74%|███████▍  | 1202/1625 [03:10<01:10,  6.00it/s, acc=78.5%, loss=0.393]
Epoch 3/3:  74%|███████▍  | 1203/1625 [03:10<01:14,  5.63it/s, acc=78.5%, loss=0.393]
Epoch 3/3:  74%|███████▍  | 1203/1625 [03:10<01:14,  5.63it/s, acc=78.5%, loss=0.424]
Epoch 3/3:  74%|███████▍  | 1204/1625 [03:10<01:17,  5.44it/s, acc=78.5%, loss=0.424]
Epoch 3/3:  74%|███████▍  | 1204/1625 [03:10<01:17,  5.44it/s, acc=78.5%, loss=0.360]
Epoch 3/3:  74%|███████▍  | 1205/1625 [03:10<01:12,  5.77it/s, acc=78.5%, loss=0.360]
Epoch 3/3:  74%|███████▍  | 1205/1625 [03:10<01:12,  5.77it/s, acc=78.5%, loss=0.496]
Epoch 3/3:  74%|███████▍  | 1206/1625 [03:10<01:12,  5.81it/s, acc=78.5%, loss=0.496]
Epoch 3/3:  74%|███████▍  | 1206/1625 [03:10<01:12,  5.81it/s, acc=78.5%, loss=0.651]
Epoch 3/3:  74%|███████▍  | 1207/1625 [03:10<01:17,  5.37it/s, acc=78.5%, loss=0.651]
Epoch 3/3:  74%|███████▍  | 1207/1625 [03:10<01:17,  5.37it/s, acc=78.5%, loss=0.737]
Epoch 3/3:  74%|███████▍  | 1208/1625 [03:10<01:14,  5.58it/s, acc=78.5%, loss=0.737]
Epoch 3/3:  74%|███████▍  | 1208/1625 [03:11<01:14,  5.58it/s, acc=78.5%, loss=0.757]
Epoch 3/3:  74%|███████▍  | 1209/1625 [03:11<01:09,  5.96it/s, acc=78.5%, loss=0.757]
Epoch 3/3:  74%|███████▍  | 1209/1625 [03:11<01:09,  5.96it/s, acc=78.5%, loss=0.479]
Epoch 3/3:  74%|███████▍  | 1210/1625 [03:11<01:05,  6.36it/s, acc=78.5%, loss=0.479]
Epoch 3/3:  74%|███████▍  | 1210/1625 [03:11<01:05,  6.36it/s, acc=78.5%, loss=0.294]
Epoch 3/3:  75%|███████▍  | 1211/1625 [03:11<01:03,  6.56it/s, acc=78.5%, loss=0.294]
Epoch 3/3:  75%|███████▍  | 1211/1625 [03:11<01:03,  6.56it/s, acc=78.5%, loss=0.425]
Epoch 3/3:  75%|███████▍  | 1212/1625 [03:11<00:58,  7.05it/s, acc=78.5%, loss=0.425]
Epoch 3/3:  75%|███████▍  | 1212/1625 [03:11<00:58,  7.05it/s, acc=78.5%, loss=0.587]
Epoch 3/3:  75%|███████▍  | 1213/1625 [03:11<01:06,  6.24it/s, acc=78.5%, loss=0.587]
Epoch 3/3:  75%|███████▍  | 1213/1625 [03:11<01:06,  6.24it/s, acc=78.5%, loss=0.717]
Epoch 3/3:  75%|███████▍  | 1214/1625 [03:11<01:04,  6.36it/s, acc=78.5%, loss=0.717]
Epoch 3/3:  75%|███████▍  | 1214/1625 [03:12<01:04,  6.36it/s, acc=78.5%, loss=0.401]
Epoch 3/3:  75%|███████▍  | 1215/1625 [03:12<01:05,  6.29it/s, acc=78.5%, loss=0.401]
Epoch 3/3:  75%|███████▍  | 1215/1625 [03:12<01:05,  6.29it/s, acc=78.5%, loss=0.478]
Epoch 3/3:  75%|███████▍  | 1216/1625 [03:12<01:01,  6.60it/s, acc=78.5%, loss=0.478]
Epoch 3/3:  75%|███████▍  | 1216/1625 [03:12<01:01,  6.60it/s, acc=78.5%, loss=0.565]
Epoch 3/3:  75%|███████▍  | 1217/1625 [03:12<00:57,  7.05it/s, acc=78.5%, loss=0.565]
Epoch 3/3:  75%|███████▍  | 1217/1625 [03:12<00:57,  7.05it/s, acc=78.5%, loss=0.479]
Epoch 3/3:  75%|███████▍  | 1218/1625 [03:12<00:58,  6.92it/s, acc=78.5%, loss=0.479]
Epoch 3/3:  75%|███████▍  | 1218/1625 [03:12<00:58,  6.92it/s, acc=78.5%, loss=0.728]
Epoch 3/3:  75%|███████▌  | 1219/1625 [03:12<01:00,  6.70it/s, acc=78.5%, loss=0.728]
Epoch 3/3:  75%|███████▌  | 1219/1625 [03:12<01:00,  6.70it/s, acc=78.5%, loss=0.349]
Epoch 3/3:  75%|███████▌  | 1220/1625 [03:12<01:01,  6.64it/s, acc=78.5%, loss=0.349]
Epoch 3/3:  75%|███████▌  | 1220/1625 [03:12<01:01,  6.64it/s, acc=78.5%, loss=0.535]
Epoch 3/3:  75%|███████▌  | 1221/1625 [03:12<01:04,  6.28it/s, acc=78.5%, loss=0.535]
Epoch 3/3:  75%|███████▌  | 1221/1625 [03:13<01:04,  6.28it/s, acc=78.5%, loss=0.486]
Epoch 3/3:  75%|███████▌  | 1222/1625 [03:13<01:05,  6.18it/s, acc=78.5%, loss=0.486]
Epoch 3/3:  75%|███████▌  | 1222/1625 [03:13<01:05,  6.18it/s, acc=78.5%, loss=0.443]
Epoch 3/3:  75%|███████▌  | 1223/1625 [03:13<01:00,  6.68it/s, acc=78.5%, loss=0.443]
Epoch 3/3:  75%|███████▌  | 1223/1625 [03:13<01:00,  6.68it/s, acc=78.5%, loss=0.540]
Epoch 3/3:  75%|███████▌  | 1224/1625 [03:13<00:57,  6.92it/s, acc=78.5%, loss=0.540]
Epoch 3/3:  75%|███████▌  | 1224/1625 [03:13<00:57,  6.92it/s, acc=78.5%, loss=0.579]
Epoch 3/3:  75%|███████▌  | 1225/1625 [03:13<01:00,  6.62it/s, acc=78.5%, loss=0.579]
Epoch 3/3:  75%|███████▌  | 1225/1625 [03:13<01:00,  6.62it/s, acc=78.5%, loss=0.571]
Epoch 3/3:  75%|███████▌  | 1226/1625 [03:13<01:03,  6.32it/s, acc=78.5%, loss=0.571]
Epoch 3/3:  75%|███████▌  | 1226/1625 [03:13<01:03,  6.32it/s, acc=78.5%, loss=0.816]
Epoch 3/3:  76%|███████▌  | 1227/1625 [03:13<01:01,  6.46it/s, acc=78.5%, loss=0.816]
Epoch 3/3:  76%|███████▌  | 1227/1625 [03:13<01:01,  6.46it/s, acc=78.5%, loss=0.530]
Epoch 3/3:  76%|███████▌  | 1228/1625 [03:13<01:01,  6.44it/s, acc=78.5%, loss=0.530]
Epoch 3/3:  76%|███████▌  | 1228/1625 [03:14<01:01,  6.44it/s, acc=78.5%, loss=0.460]
Epoch 3/3:  76%|███████▌  | 1229/1625 [03:14<01:01,  6.48it/s, acc=78.5%, loss=0.460]
Epoch 3/3:  76%|███████▌  | 1229/1625 [03:14<01:01,  6.48it/s, acc=78.5%, loss=0.665]
Epoch 3/3:  76%|███████▌  | 1230/1625 [03:14<00:58,  6.77it/s, acc=78.5%, loss=0.665]
Epoch 3/3:  76%|███████▌  | 1230/1625 [03:14<00:58,  6.77it/s, acc=78.5%, loss=0.697]
Epoch 3/3:  76%|███████▌  | 1231/1625 [03:14<00:55,  7.06it/s, acc=78.5%, loss=0.697]
Epoch 3/3:  76%|███████▌  | 1231/1625 [03:14<00:55,  7.06it/s, acc=78.5%, loss=0.380]
Epoch 3/3:  76%|███████▌  | 1232/1625 [03:14<00:54,  7.22it/s, acc=78.5%, loss=0.380]
Epoch 3/3:  76%|███████▌  | 1232/1625 [03:14<00:54,  7.22it/s, acc=78.5%, loss=0.299]
Epoch 3/3:  76%|███████▌  | 1233/1625 [03:14<00:57,  6.88it/s, acc=78.5%, loss=0.299]
Epoch 3/3:  76%|███████▌  | 1233/1625 [03:14<00:57,  6.88it/s, acc=78.5%, loss=0.429]
Epoch 3/3:  76%|███████▌  | 1234/1625 [03:14<01:00,  6.41it/s, acc=78.5%, loss=0.429]
Epoch 3/3:  76%|███████▌  | 1234/1625 [03:15<01:00,  6.41it/s, acc=78.5%, loss=0.279]
Epoch 3/3:  76%|███████▌  | 1235/1625 [03:15<01:05,  5.95it/s, acc=78.5%, loss=0.279]
Epoch 3/3:  76%|███████▌  | 1235/1625 [03:15<01:05,  5.95it/s, acc=78.5%, loss=0.808]
Epoch 3/3:  76%|███████▌  | 1236/1625 [03:15<01:16,  5.12it/s, acc=78.5%, loss=0.808]
Epoch 3/3:  76%|███████▌  | 1236/1625 [03:15<01:16,  5.12it/s, acc=78.5%, loss=0.783]
Epoch 3/3:  76%|███████▌  | 1237/1625 [03:15<01:10,  5.53it/s, acc=78.5%, loss=0.783]
Epoch 3/3:  76%|███████▌  | 1237/1625 [03:15<01:10,  5.53it/s, acc=78.5%, loss=0.751]
Epoch 3/3:  76%|███████▌  | 1238/1625 [03:15<01:04,  6.01it/s, acc=78.5%, loss=0.751]
Epoch 3/3:  76%|███████▌  | 1238/1625 [03:15<01:04,  6.01it/s, acc=78.5%, loss=0.319]
Epoch 3/3:  76%|███████▌  | 1239/1625 [03:15<01:00,  6.38it/s, acc=78.5%, loss=0.319]
Epoch 3/3:  76%|███████▌  | 1239/1625 [03:15<01:00,  6.38it/s, acc=78.5%, loss=0.572]
Epoch 3/3:  76%|███████▋  | 1240/1625 [03:15<01:01,  6.29it/s, acc=78.5%, loss=0.572]
Epoch 3/3:  76%|███████▋  | 1240/1625 [03:16<01:01,  6.29it/s, acc=78.5%, loss=0.627]
Epoch 3/3:  76%|███████▋  | 1241/1625 [03:16<00:58,  6.59it/s, acc=78.5%, loss=0.627]
Epoch 3/3:  76%|███████▋  | 1241/1625 [03:16<00:58,  6.59it/s, acc=78.5%, loss=0.382]
Epoch 3/3:  76%|███████▋  | 1242/1625 [03:16<00:55,  6.89it/s, acc=78.5%, loss=0.382]
Epoch 3/3:  76%|███████▋  | 1242/1625 [03:16<00:55,  6.89it/s, acc=78.5%, loss=0.533]
Epoch 3/3:  76%|███████▋  | 1243/1625 [03:16<00:54,  6.96it/s, acc=78.5%, loss=0.533]
Epoch 3/3:  76%|███████▋  | 1243/1625 [03:16<00:54,  6.96it/s, acc=78.5%, loss=0.477]
Epoch 3/3:  77%|███████▋  | 1244/1625 [03:16<00:54,  7.03it/s, acc=78.5%, loss=0.477]
Epoch 3/3:  77%|███████▋  | 1244/1625 [03:16<00:54,  7.03it/s, acc=78.5%, loss=0.453]
Epoch 3/3:  77%|███████▋  | 1245/1625 [03:16<00:59,  6.35it/s, acc=78.5%, loss=0.453]
Epoch 3/3:  77%|███████▋  | 1245/1625 [03:16<00:59,  6.35it/s, acc=78.5%, loss=0.483]
Epoch 3/3:  77%|███████▋  | 1246/1625 [03:16<00:59,  6.37it/s, acc=78.5%, loss=0.483]
Epoch 3/3:  77%|███████▋  | 1246/1625 [03:16<00:59,  6.37it/s, acc=78.5%, loss=0.791]
Epoch 3/3:  77%|███████▋  | 1247/1625 [03:16<00:56,  6.71it/s, acc=78.5%, loss=0.791]
Epoch 3/3:  77%|███████▋  | 1247/1625 [03:17<00:56,  6.71it/s, acc=78.5%, loss=0.476]
Epoch 3/3:  77%|███████▋  | 1248/1625 [03:17<00:55,  6.82it/s, acc=78.5%, loss=0.476]
Epoch 3/3:  77%|███████▋  | 1248/1625 [03:17<00:55,  6.82it/s, acc=78.5%, loss=0.509]
Epoch 3/3:  77%|███████▋  | 1249/1625 [03:17<00:57,  6.59it/s, acc=78.5%, loss=0.509]
Epoch 3/3:  77%|███████▋  | 1249/1625 [03:17<00:57,  6.59it/s, acc=78.5%, loss=0.528]
Epoch 3/3:  77%|███████▋  | 1250/1625 [03:17<00:54,  6.86it/s, acc=78.5%, loss=0.528]
Epoch 3/3:  77%|███████▋  | 1250/1625 [03:17<00:54,  6.86it/s, acc=78.5%, loss=0.522]
Epoch 3/3:  77%|███████▋  | 1251/1625 [03:17<00:50,  7.39it/s, acc=78.5%, loss=0.522]
Epoch 3/3:  77%|███████▋  | 1251/1625 [03:17<00:50,  7.39it/s, acc=78.5%, loss=0.571]
Epoch 3/3:  77%|███████▋  | 1252/1625 [03:17<00:54,  6.82it/s, acc=78.5%, loss=0.571]
Epoch 3/3:  77%|███████▋  | 1252/1625 [03:17<00:54,  6.82it/s, acc=78.5%, loss=0.525]
Epoch 3/3:  77%|███████▋  | 1253/1625 [03:17<00:50,  7.37it/s, acc=78.5%, loss=0.525]
Epoch 3/3:  77%|███████▋  | 1253/1625 [03:17<00:50,  7.37it/s, acc=78.5%, loss=0.362]
Epoch 3/3:  77%|███████▋  | 1254/1625 [03:17<00:50,  7.41it/s, acc=78.5%, loss=0.362]
Epoch 3/3:  77%|███████▋  | 1254/1625 [03:18<00:50,  7.41it/s, acc=78.5%, loss=0.583]
Epoch 3/3:  77%|███████▋  | 1255/1625 [03:18<00:52,  7.09it/s, acc=78.5%, loss=0.583]
Epoch 3/3:  77%|███████▋  | 1255/1625 [03:18<00:52,  7.09it/s, acc=78.6%, loss=0.258]
Epoch 3/3:  77%|███████▋  | 1256/1625 [03:18<00:56,  6.57it/s, acc=78.6%, loss=0.258]
Epoch 3/3:  77%|███████▋  | 1256/1625 [03:18<00:56,  6.57it/s, acc=78.6%, loss=0.599]
Epoch 3/3:  77%|███████▋  | 1257/1625 [03:18<00:52,  7.03it/s, acc=78.6%, loss=0.599]
Epoch 3/3:  77%|███████▋  | 1257/1625 [03:18<00:52,  7.03it/s, acc=78.6%, loss=0.384]
Epoch 3/3:  77%|███████▋  | 1258/1625 [03:18<00:51,  7.18it/s, acc=78.6%, loss=0.384]
Epoch 3/3:  77%|███████▋  | 1258/1625 [03:18<00:51,  7.18it/s, acc=78.5%, loss=0.780]
Epoch 3/3:  77%|███████▋  | 1259/1625 [03:18<00:51,  7.11it/s, acc=78.5%, loss=0.780]
Epoch 3/3:  77%|███████▋  | 1259/1625 [03:18<00:51,  7.11it/s, acc=78.5%, loss=0.481]
Epoch 3/3:  78%|███████▊  | 1260/1625 [03:18<00:53,  6.79it/s, acc=78.5%, loss=0.481]
Epoch 3/3:  78%|███████▊  | 1260/1625 [03:18<00:53,  6.79it/s, acc=78.6%, loss=0.405]
Epoch 3/3:  78%|███████▊  | 1261/1625 [03:18<00:57,  6.34it/s, acc=78.6%, loss=0.405]
Epoch 3/3:  78%|███████▊  | 1261/1625 [03:19<00:57,  6.34it/s, acc=78.6%, loss=0.372]
Epoch 3/3:  78%|███████▊  | 1262/1625 [03:19<01:02,  5.79it/s, acc=78.6%, loss=0.372]
Epoch 3/3:  78%|███████▊  | 1262/1625 [03:19<01:02,  5.79it/s, acc=78.6%, loss=0.394]
Epoch 3/3:  78%|███████▊  | 1263/1625 [03:19<00:59,  6.13it/s, acc=78.6%, loss=0.394]
Epoch 3/3:  78%|███████▊  | 1263/1625 [03:19<00:59,  6.13it/s, acc=78.6%, loss=0.535]
Epoch 3/3:  78%|███████▊  | 1264/1625 [03:19<00:57,  6.25it/s, acc=78.6%, loss=0.535]
Epoch 3/3:  78%|███████▊  | 1264/1625 [03:19<00:57,  6.25it/s, acc=78.6%, loss=0.685]
Epoch 3/3:  78%|███████▊  | 1265/1625 [03:19<00:59,  6.10it/s, acc=78.6%, loss=0.685]
Epoch 3/3:  78%|███████▊  | 1265/1625 [03:19<00:59,  6.10it/s, acc=78.6%, loss=0.405]
Epoch 3/3:  78%|███████▊  | 1266/1625 [03:19<00:57,  6.21it/s, acc=78.6%, loss=0.405]
Epoch 3/3:  78%|███████▊  | 1266/1625 [03:19<00:57,  6.21it/s, acc=78.6%, loss=0.593]
Epoch 3/3:  78%|███████▊  | 1267/1625 [03:19<00:54,  6.59it/s, acc=78.6%, loss=0.593]
Epoch 3/3:  78%|███████▊  | 1267/1625 [03:20<00:54,  6.59it/s, acc=78.5%, loss=0.780]
Epoch 3/3:  78%|███████▊  | 1268/1625 [03:20<00:57,  6.17it/s, acc=78.5%, loss=0.780]
Epoch 3/3:  78%|███████▊  | 1268/1625 [03:20<00:57,  6.17it/s, acc=78.5%, loss=0.529]
Epoch 3/3:  78%|███████▊  | 1269/1625 [03:20<01:01,  5.78it/s, acc=78.5%, loss=0.529]
Epoch 3/3:  78%|███████▊  | 1269/1625 [03:20<01:01,  5.78it/s, acc=78.6%, loss=0.342]
Epoch 3/3:  78%|███████▊  | 1270/1625 [03:20<01:02,  5.66it/s, acc=78.6%, loss=0.342]
Epoch 3/3:  78%|███████▊  | 1270/1625 [03:20<01:02,  5.66it/s, acc=78.6%, loss=0.647]
Epoch 3/3:  78%|███████▊  | 1271/1625 [03:20<01:03,  5.62it/s, acc=78.6%, loss=0.647]
Epoch 3/3:  78%|███████▊  | 1271/1625 [03:20<01:03,  5.62it/s, acc=78.6%, loss=0.524]
Epoch 3/3:  78%|███████▊  | 1272/1625 [03:20<01:04,  5.44it/s, acc=78.6%, loss=0.524]
Epoch 3/3:  78%|███████▊  | 1272/1625 [03:20<01:04,  5.44it/s, acc=78.5%, loss=0.630]
Epoch 3/3:  78%|███████▊  | 1273/1625 [03:20<00:59,  5.91it/s, acc=78.5%, loss=0.630]
Epoch 3/3:  78%|███████▊  | 1273/1625 [03:21<00:59,  5.91it/s, acc=78.5%, loss=0.643]
Epoch 3/3:  78%|███████▊  | 1274/1625 [03:21<00:55,  6.36it/s, acc=78.5%, loss=0.643]
Epoch 3/3:  78%|███████▊  | 1274/1625 [03:21<00:55,  6.36it/s, acc=78.5%, loss=0.671]
Epoch 3/3:  78%|███████▊  | 1275/1625 [03:21<00:50,  6.98it/s, acc=78.5%, loss=0.671]
Epoch 3/3:  78%|███████▊  | 1275/1625 [03:21<00:50,  6.98it/s, acc=78.5%, loss=0.447]
Epoch 3/3:  79%|███████▊  | 1276/1625 [03:21<00:48,  7.25it/s, acc=78.5%, loss=0.447]
Epoch 3/3:  79%|███████▊  | 1276/1625 [03:21<00:48,  7.25it/s, acc=78.5%, loss=0.641]
Epoch 3/3:  79%|███████▊  | 1277/1625 [03:21<00:48,  7.19it/s, acc=78.5%, loss=0.641]
Epoch 3/3:  79%|███████▊  | 1277/1625 [03:21<00:48,  7.19it/s, acc=78.5%, loss=0.298]
Epoch 3/3:  79%|███████▊  | 1278/1625 [03:21<00:45,  7.69it/s, acc=78.5%, loss=0.298]
Epoch 3/3:  79%|███████▊  | 1278/1625 [03:21<00:45,  7.69it/s, acc=78.5%, loss=0.501]
Epoch 3/3:  79%|███████▊  | 1279/1625 [03:21<00:44,  7.77it/s, acc=78.5%, loss=0.501]
Epoch 3/3:  79%|███████▊  | 1279/1625 [03:21<00:44,  7.77it/s, acc=78.5%, loss=0.444]
Epoch 3/3:  79%|███████▉  | 1280/1625 [03:21<00:44,  7.68it/s, acc=78.5%, loss=0.444]
Epoch 3/3:  79%|███████▉  | 1280/1625 [03:22<00:44,  7.68it/s, acc=78.5%, loss=0.586]
Epoch 3/3:  79%|███████▉  | 1281/1625 [03:22<00:49,  6.88it/s, acc=78.5%, loss=0.586]
Epoch 3/3:  79%|███████▉  | 1281/1625 [03:22<00:49,  6.88it/s, acc=78.5%, loss=0.574]
Epoch 3/3:  79%|███████▉  | 1282/1625 [03:22<00:51,  6.60it/s, acc=78.5%, loss=0.574]
Epoch 3/3:  79%|███████▉  | 1282/1625 [03:22<00:51,  6.60it/s, acc=78.5%, loss=0.516]
Epoch 3/3:  79%|███████▉  | 1283/1625 [03:22<00:49,  6.92it/s, acc=78.5%, loss=0.516]
Epoch 3/3:  79%|███████▉  | 1283/1625 [03:22<00:49,  6.92it/s, acc=78.5%, loss=0.551]
Epoch 3/3:  79%|███████▉  | 1284/1625 [03:22<00:54,  6.24it/s, acc=78.5%, loss=0.551]
Epoch 3/3:  79%|███████▉  | 1284/1625 [03:22<00:54,  6.24it/s, acc=78.5%, loss=0.337]
Epoch 3/3:  79%|███████▉  | 1285/1625 [03:22<00:54,  6.26it/s, acc=78.5%, loss=0.337]
Epoch 3/3:  79%|███████▉  | 1285/1625 [03:22<00:54,  6.26it/s, acc=78.5%, loss=0.593]
Epoch 3/3:  79%|███████▉  | 1286/1625 [03:22<00:54,  6.27it/s, acc=78.5%, loss=0.593]
Epoch 3/3:  79%|███████▉  | 1286/1625 [03:23<00:54,  6.27it/s, acc=78.5%, loss=0.362]
Epoch 3/3:  79%|███████▉  | 1287/1625 [03:23<00:58,  5.82it/s, acc=78.5%, loss=0.362]
Epoch 3/3:  79%|███████▉  | 1287/1625 [03:23<00:58,  5.82it/s, acc=78.5%, loss=0.685]
Epoch 3/3:  79%|███████▉  | 1288/1625 [03:23<00:53,  6.32it/s, acc=78.5%, loss=0.685]
Epoch 3/3:  79%|███████▉  | 1288/1625 [03:23<00:53,  6.32it/s, acc=78.5%, loss=0.554]
Epoch 3/3:  79%|███████▉  | 1289/1625 [03:23<00:48,  6.90it/s, acc=78.5%, loss=0.554]
Epoch 3/3:  79%|███████▉  | 1289/1625 [03:23<00:48,  6.90it/s, acc=78.5%, loss=0.546]
Epoch 3/3:  79%|███████▉  | 1290/1625 [03:23<00:46,  7.21it/s, acc=78.5%, loss=0.546]
Epoch 3/3:  79%|███████▉  | 1290/1625 [03:23<00:46,  7.21it/s, acc=78.5%, loss=0.617]
Epoch 3/3:  79%|███████▉  | 1291/1625 [03:23<00:46,  7.23it/s, acc=78.5%, loss=0.617]
Epoch 3/3:  79%|███████▉  | 1291/1625 [03:23<00:46,  7.23it/s, acc=78.5%, loss=0.539]
Epoch 3/3:  80%|███████▉  | 1292/1625 [03:23<00:44,  7.46it/s, acc=78.5%, loss=0.539]
Epoch 3/3:  80%|███████▉  | 1292/1625 [03:23<00:44,  7.46it/s, acc=78.6%, loss=0.338]
Epoch 3/3:  80%|███████▉  | 1293/1625 [03:23<00:41,  7.96it/s, acc=78.6%, loss=0.338]
Epoch 3/3:  80%|███████▉  | 1293/1625 [03:23<00:41,  7.96it/s, acc=78.6%, loss=0.394]
Epoch 3/3:  80%|███████▉  | 1294/1625 [03:23<00:43,  7.65it/s, acc=78.6%, loss=0.394]
Epoch 3/3:  80%|███████▉  | 1294/1625 [03:24<00:43,  7.65it/s, acc=78.6%, loss=0.721]
Epoch 3/3:  80%|███████▉  | 1295/1625 [03:24<00:44,  7.44it/s, acc=78.6%, loss=0.721]
Epoch 3/3:  80%|███████▉  | 1295/1625 [03:24<00:44,  7.44it/s, acc=78.6%, loss=0.425]
Epoch 3/3:  80%|███████▉  | 1296/1625 [03:24<00:46,  7.04it/s, acc=78.6%, loss=0.425]
Epoch 3/3:  80%|███████▉  | 1296/1625 [03:24<00:46,  7.04it/s, acc=78.6%, loss=0.572]
Epoch 3/3:  80%|███████▉  | 1297/1625 [03:24<00:45,  7.20it/s, acc=78.6%, loss=0.572]
Epoch 3/3:  80%|███████▉  | 1297/1625 [03:24<00:45,  7.20it/s, acc=78.6%, loss=0.282]
Epoch 3/3:  80%|███████▉  | 1298/1625 [03:24<00:44,  7.39it/s, acc=78.6%, loss=0.282]
Epoch 3/3:  80%|███████▉  | 1298/1625 [03:24<00:44,  7.39it/s, acc=78.6%, loss=0.684]
Epoch 3/3:  80%|███████▉  | 1299/1625 [03:24<00:43,  7.50it/s, acc=78.6%, loss=0.684]
Epoch 3/3:  80%|███████▉  | 1299/1625 [03:24<00:43,  7.50it/s, acc=78.6%, loss=0.478]
Epoch 3/3:  80%|████████  | 1300/1625 [03:24<00:45,  7.16it/s, acc=78.6%, loss=0.478]
Epoch 3/3:  80%|████████  | 1300/1625 [03:24<00:45,  7.16it/s, acc=78.6%, loss=0.506]
Epoch 3/3:  80%|████████  | 1301/1625 [03:24<00:51,  6.32it/s, acc=78.6%, loss=0.506]
Epoch 3/3:  80%|████████  | 1301/1625 [03:25<00:51,  6.32it/s, acc=78.6%, loss=0.511]
Epoch 3/3:  80%|████████  | 1302/1625 [03:25<00:54,  5.98it/s, acc=78.6%, loss=0.511]
Epoch 3/3:  80%|████████  | 1302/1625 [03:25<00:54,  5.98it/s, acc=78.6%, loss=0.558]
Epoch 3/3:  80%|████████  | 1303/1625 [03:25<00:52,  6.13it/s, acc=78.6%, loss=0.558]
Epoch 3/3:  80%|████████  | 1303/1625 [03:25<00:52,  6.13it/s, acc=78.6%, loss=0.423]
Epoch 3/3:  80%|████████  | 1304/1625 [03:25<00:50,  6.39it/s, acc=78.6%, loss=0.423]
Epoch 3/3:  80%|████████  | 1304/1625 [03:25<00:50,  6.39it/s, acc=78.5%, loss=0.726]
Epoch 3/3:  80%|████████  | 1305/1625 [03:25<00:46,  6.94it/s, acc=78.5%, loss=0.726]
Epoch 3/3:  80%|████████  | 1305/1625 [03:25<00:46,  6.94it/s, acc=78.5%, loss=0.552]
Epoch 3/3:  80%|████████  | 1306/1625 [03:25<00:43,  7.28it/s, acc=78.5%, loss=0.552]
Epoch 3/3:  80%|████████  | 1306/1625 [03:25<00:43,  7.28it/s, acc=78.5%, loss=0.410]
Epoch 3/3:  80%|████████  | 1307/1625 [03:25<00:43,  7.25it/s, acc=78.5%, loss=0.410]
Epoch 3/3:  80%|████████  | 1307/1625 [03:26<00:43,  7.25it/s, acc=78.6%, loss=0.335]
Epoch 3/3:  80%|████████  | 1308/1625 [03:26<00:49,  6.45it/s, acc=78.6%, loss=0.335]
Epoch 3/3:  80%|████████  | 1308/1625 [03:26<00:49,  6.45it/s, acc=78.6%, loss=0.384]
Epoch 3/3:  81%|████████  | 1309/1625 [03:26<00:48,  6.46it/s, acc=78.6%, loss=0.384]
Epoch 3/3:  81%|████████  | 1309/1625 [03:26<00:48,  6.46it/s, acc=78.6%, loss=0.508]
Epoch 3/3:  81%|████████  | 1310/1625 [03:26<00:54,  5.76it/s, acc=78.6%, loss=0.508]
Epoch 3/3:  81%|████████  | 1310/1625 [03:26<00:54,  5.76it/s, acc=78.6%, loss=0.352]
Epoch 3/3:  81%|████████  | 1311/1625 [03:26<00:55,  5.64it/s, acc=78.6%, loss=0.352]
Epoch 3/3:  81%|████████  | 1311/1625 [03:26<00:55,  5.64it/s, acc=78.6%, loss=0.702]
Epoch 3/3:  81%|████████  | 1312/1625 [03:26<00:51,  6.04it/s, acc=78.6%, loss=0.702]
Epoch 3/3:  81%|████████  | 1312/1625 [03:26<00:51,  6.04it/s, acc=78.6%, loss=0.351]
Epoch 3/3:  81%|████████  | 1313/1625 [03:26<00:52,  5.97it/s, acc=78.6%, loss=0.351]
Epoch 3/3:  81%|████████  | 1313/1625 [03:27<00:52,  5.97it/s, acc=78.6%, loss=0.778]
Epoch 3/3:  81%|████████  | 1314/1625 [03:27<00:54,  5.72it/s, acc=78.6%, loss=0.778]
Epoch 3/3:  81%|████████  | 1314/1625 [03:27<00:54,  5.72it/s, acc=78.6%, loss=0.416]
Epoch 3/3:  81%|████████  | 1315/1625 [03:27<00:56,  5.53it/s, acc=78.6%, loss=0.416]
Epoch 3/3:  81%|████████  | 1315/1625 [03:27<00:56,  5.53it/s, acc=78.6%, loss=0.697]
Epoch 3/3:  81%|████████  | 1316/1625 [03:27<00:57,  5.39it/s, acc=78.6%, loss=0.697]
Epoch 3/3:  81%|████████  | 1316/1625 [03:27<00:57,  5.39it/s, acc=78.6%, loss=0.546]
Epoch 3/3:  81%|████████  | 1317/1625 [03:27<00:52,  5.84it/s, acc=78.6%, loss=0.546]
Epoch 3/3:  81%|████████  | 1317/1625 [03:27<00:52,  5.84it/s, acc=78.6%, loss=0.696]
Epoch 3/3:  81%|████████  | 1318/1625 [03:27<00:49,  6.18it/s, acc=78.6%, loss=0.696]
Epoch 3/3:  81%|████████  | 1318/1625 [03:27<00:49,  6.18it/s, acc=78.6%, loss=0.225]
Epoch 3/3:  81%|████████  | 1319/1625 [03:27<00:44,  6.81it/s, acc=78.6%, loss=0.225]
Epoch 3/3:  81%|████████  | 1319/1625 [03:28<00:44,  6.81it/s, acc=78.6%, loss=0.632]
Epoch 3/3:  81%|████████  | 1320/1625 [03:28<00:43,  6.97it/s, acc=78.6%, loss=0.632]
Epoch 3/3:  81%|████████  | 1320/1625 [03:28<00:43,  6.97it/s, acc=78.6%, loss=0.257]
Epoch 3/3:  81%|████████▏ | 1321/1625 [03:28<00:43,  7.05it/s, acc=78.6%, loss=0.257]
Epoch 3/3:  81%|████████▏ | 1321/1625 [03:28<00:43,  7.05it/s, acc=78.6%, loss=0.404]
Epoch 3/3:  81%|████████▏ | 1322/1625 [03:28<00:48,  6.22it/s, acc=78.6%, loss=0.404]
Epoch 3/3:  81%|████████▏ | 1322/1625 [03:28<00:48,  6.22it/s, acc=78.6%, loss=0.449]
Epoch 3/3:  81%|████████▏ | 1323/1625 [03:28<00:49,  6.16it/s, acc=78.6%, loss=0.449]
Epoch 3/3:  81%|████████▏ | 1323/1625 [03:28<00:49,  6.16it/s, acc=78.6%, loss=0.587]
Epoch 3/3:  81%|████████▏ | 1324/1625 [03:28<00:49,  6.11it/s, acc=78.6%, loss=0.587]
Epoch 3/3:  81%|████████▏ | 1324/1625 [03:28<00:49,  6.11it/s, acc=78.6%, loss=0.575]
Epoch 3/3:  82%|████████▏ | 1325/1625 [03:28<00:49,  6.05it/s, acc=78.6%, loss=0.575]
Epoch 3/3:  82%|████████▏ | 1325/1625 [03:28<00:49,  6.05it/s, acc=78.6%, loss=0.312]
Epoch 3/3:  82%|████████▏ | 1326/1625 [03:28<00:44,  6.67it/s, acc=78.6%, loss=0.312]
Epoch 3/3:  82%|████████▏ | 1326/1625 [03:29<00:44,  6.67it/s, acc=78.6%, loss=0.729]
Epoch 3/3:  82%|████████▏ | 1327/1625 [03:29<00:42,  7.07it/s, acc=78.6%, loss=0.729]
Epoch 3/3:  82%|████████▏ | 1327/1625 [03:29<00:42,  7.07it/s, acc=78.6%, loss=0.346]
Epoch 3/3:  82%|████████▏ | 1328/1625 [03:29<00:42,  7.01it/s, acc=78.6%, loss=0.346]
Epoch 3/3:  82%|████████▏ | 1328/1625 [03:29<00:42,  7.01it/s, acc=78.6%, loss=0.582]
Epoch 3/3:  82%|████████▏ | 1329/1625 [03:29<00:43,  6.83it/s, acc=78.6%, loss=0.582]
Epoch 3/3:  82%|████████▏ | 1329/1625 [03:29<00:43,  6.83it/s, acc=78.6%, loss=0.821]
Epoch 3/3:  82%|████████▏ | 1330/1625 [03:29<00:45,  6.43it/s, acc=78.6%, loss=0.821]
Epoch 3/3:  82%|████████▏ | 1330/1625 [03:29<00:45,  6.43it/s, acc=78.6%, loss=0.550]
Epoch 3/3:  82%|████████▏ | 1331/1625 [03:29<00:46,  6.27it/s, acc=78.6%, loss=0.550]
Epoch 3/3:  82%|████████▏ | 1331/1625 [03:29<00:46,  6.27it/s, acc=78.6%, loss=0.343]
Epoch 3/3:  82%|████████▏ | 1332/1625 [03:29<00:48,  6.03it/s, acc=78.6%, loss=0.343]
Epoch 3/3:  82%|████████▏ | 1332/1625 [03:30<00:48,  6.03it/s, acc=78.6%, loss=0.358]
Epoch 3/3:  82%|████████▏ | 1333/1625 [03:30<00:49,  5.90it/s, acc=78.6%, loss=0.358]
Epoch 3/3:  82%|████████▏ | 1333/1625 [03:30<00:49,  5.90it/s, acc=78.6%, loss=0.286]
Epoch 3/3:  82%|████████▏ | 1334/1625 [03:30<00:50,  5.74it/s, acc=78.6%, loss=0.286]
Epoch 3/3:  82%|████████▏ | 1334/1625 [03:30<00:50,  5.74it/s, acc=78.6%, loss=0.412]
Epoch 3/3:  82%|████████▏ | 1335/1625 [03:30<00:50,  5.73it/s, acc=78.6%, loss=0.412]
Epoch 3/3:  82%|████████▏ | 1335/1625 [03:30<00:50,  5.73it/s, acc=78.6%, loss=0.397]
Epoch 3/3:  82%|████████▏ | 1336/1625 [03:30<00:50,  5.72it/s, acc=78.6%, loss=0.397]
Epoch 3/3:  82%|████████▏ | 1336/1625 [03:30<00:50,  5.72it/s, acc=78.6%, loss=0.708]
Epoch 3/3:  82%|████████▏ | 1337/1625 [03:30<00:50,  5.67it/s, acc=78.6%, loss=0.708]
Epoch 3/3:  82%|████████▏ | 1337/1625 [03:30<00:50,  5.67it/s, acc=78.6%, loss=0.462]
Epoch 3/3:  82%|████████▏ | 1338/1625 [03:30<00:51,  5.57it/s, acc=78.6%, loss=0.462]
Epoch 3/3:  82%|████████▏ | 1338/1625 [03:31<00:51,  5.57it/s, acc=78.6%, loss=0.507]
Epoch 3/3:  82%|████████▏ | 1339/1625 [03:31<00:46,  6.18it/s, acc=78.6%, loss=0.507]
Epoch 3/3:  82%|████████▏ | 1339/1625 [03:31<00:46,  6.18it/s, acc=78.6%, loss=0.359]
Epoch 3/3:  82%|████████▏ | 1340/1625 [03:31<00:46,  6.14it/s, acc=78.6%, loss=0.359]
Epoch 3/3:  82%|████████▏ | 1340/1625 [03:31<00:46,  6.14it/s, acc=78.6%, loss=0.459]
Epoch 3/3:  83%|████████▎ | 1341/1625 [03:31<00:43,  6.51it/s, acc=78.6%, loss=0.459]
Epoch 3/3:  83%|████████▎ | 1341/1625 [03:31<00:43,  6.51it/s, acc=78.6%, loss=0.465]
Epoch 3/3:  83%|████████▎ | 1342/1625 [03:31<00:40,  6.92it/s, acc=78.6%, loss=0.465]
Epoch 3/3:  83%|████████▎ | 1342/1625 [03:31<00:40,  6.92it/s, acc=78.7%, loss=0.478]
Epoch 3/3:  83%|████████▎ | 1343/1625 [03:31<00:41,  6.87it/s, acc=78.7%, loss=0.478]
Epoch 3/3:  83%|████████▎ | 1343/1625 [03:31<00:41,  6.87it/s, acc=78.7%, loss=0.461]
Epoch 3/3:  83%|████████▎ | 1344/1625 [03:31<00:38,  7.24it/s, acc=78.7%, loss=0.461]
Epoch 3/3:  83%|████████▎ | 1344/1625 [03:31<00:38,  7.24it/s, acc=78.7%, loss=0.528]
Epoch 3/3:  83%|████████▎ | 1345/1625 [03:31<00:41,  6.74it/s, acc=78.7%, loss=0.528]
Epoch 3/3:  83%|████████▎ | 1345/1625 [03:32<00:41,  6.74it/s, acc=78.7%, loss=0.285]
Epoch 3/3:  83%|████████▎ | 1346/1625 [03:32<00:43,  6.38it/s, acc=78.7%, loss=0.285]
Epoch 3/3:  83%|████████▎ | 1346/1625 [03:32<00:43,  6.38it/s, acc=78.7%, loss=0.659]
Epoch 3/3:  83%|████████▎ | 1347/1625 [03:32<00:42,  6.61it/s, acc=78.7%, loss=0.659]
Epoch 3/3:  83%|████████▎ | 1347/1625 [03:32<00:42,  6.61it/s, acc=78.7%, loss=0.362]
Epoch 3/3:  83%|████████▎ | 1348/1625 [03:32<00:46,  5.98it/s, acc=78.7%, loss=0.362]
Epoch 3/3:  83%|████████▎ | 1348/1625 [03:32<00:46,  5.98it/s, acc=78.7%, loss=0.592]
Epoch 3/3:  83%|████████▎ | 1349/1625 [03:32<00:48,  5.68it/s, acc=78.7%, loss=0.592]
Epoch 3/3:  83%|████████▎ | 1349/1625 [03:32<00:48,  5.68it/s, acc=78.7%, loss=0.794]
Epoch 3/3:  83%|████████▎ | 1350/1625 [03:32<00:48,  5.69it/s, acc=78.7%, loss=0.794]
Epoch 3/3:  83%|████████▎ | 1350/1625 [03:33<00:48,  5.69it/s, acc=78.6%, loss=0.604]
Epoch 3/3:  83%|████████▎ | 1351/1625 [03:33<00:44,  6.18it/s, acc=78.6%, loss=0.604]
Epoch 3/3:  83%|████████▎ | 1351/1625 [03:33<00:44,  6.18it/s, acc=78.7%, loss=0.503]
Epoch 3/3:  83%|████████▎ | 1352/1625 [03:33<00:43,  6.32it/s, acc=78.7%, loss=0.503]
Epoch 3/3:  83%|████████▎ | 1352/1625 [03:33<00:43,  6.32it/s, acc=78.7%, loss=0.514]
Epoch 3/3:  83%|████████▎ | 1353/1625 [03:33<00:45,  6.02it/s, acc=78.7%, loss=0.514]
Epoch 3/3:  83%|████████▎ | 1353/1625 [03:33<00:45,  6.02it/s, acc=78.7%, loss=0.363]
Epoch 3/3:  83%|████████▎ | 1354/1625 [03:33<00:44,  6.07it/s, acc=78.7%, loss=0.363]
Epoch 3/3:  83%|████████▎ | 1354/1625 [03:33<00:44,  6.07it/s, acc=78.7%, loss=0.521]
Epoch 3/3:  83%|████████▎ | 1355/1625 [03:33<00:41,  6.44it/s, acc=78.7%, loss=0.521]
Epoch 3/3:  83%|████████▎ | 1355/1625 [03:33<00:41,  6.44it/s, acc=78.7%, loss=0.857]
Epoch 3/3:  83%|████████▎ | 1356/1625 [03:33<00:43,  6.17it/s, acc=78.7%, loss=0.857]
Epoch 3/3:  83%|████████▎ | 1356/1625 [03:33<00:43,  6.17it/s, acc=78.7%, loss=0.679]
Epoch 3/3:  84%|████████▎ | 1357/1625 [03:33<00:43,  6.11it/s, acc=78.7%, loss=0.679]
Epoch 3/3:  84%|████████▎ | 1357/1625 [03:34<00:43,  6.11it/s, acc=78.7%, loss=0.687]
Epoch 3/3:  84%|████████▎ | 1358/1625 [03:34<00:43,  6.07it/s, acc=78.7%, loss=0.687]
Epoch 3/3:  84%|████████▎ | 1358/1625 [03:34<00:43,  6.07it/s, acc=78.7%, loss=0.474]
Epoch 3/3:  84%|████████▎ | 1359/1625 [03:34<00:46,  5.73it/s, acc=78.7%, loss=0.474]
Epoch 3/3:  84%|████████▎ | 1359/1625 [03:34<00:46,  5.73it/s, acc=78.7%, loss=0.543]
Epoch 3/3:  84%|████████▎ | 1360/1625 [03:34<00:46,  5.66it/s, acc=78.7%, loss=0.543]
Epoch 3/3:  84%|████████▎ | 1360/1625 [03:34<00:46,  5.66it/s, acc=78.7%, loss=0.500]
Epoch 3/3:  84%|████████▍ | 1361/1625 [03:34<00:49,  5.34it/s, acc=78.7%, loss=0.500]
Epoch 3/3:  84%|████████▍ | 1361/1625 [03:34<00:49,  5.34it/s, acc=78.7%, loss=0.621]
Epoch 3/3:  84%|████████▍ | 1362/1625 [03:34<00:47,  5.49it/s, acc=78.7%, loss=0.621]
Epoch 3/3:  84%|████████▍ | 1362/1625 [03:35<00:47,  5.49it/s, acc=78.7%, loss=0.588]
Epoch 3/3:  84%|████████▍ | 1363/1625 [03:35<00:44,  5.90it/s, acc=78.7%, loss=0.588]
Epoch 3/3:  84%|████████▍ | 1363/1625 [03:35<00:44,  5.90it/s, acc=78.6%, loss=0.719]
Epoch 3/3:  84%|████████▍ | 1364/1625 [03:35<00:41,  6.22it/s, acc=78.6%, loss=0.719]
Epoch 3/3:  84%|████████▍ | 1364/1625 [03:35<00:41,  6.22it/s, acc=78.6%, loss=0.514]
Epoch 3/3:  84%|████████▍ | 1365/1625 [03:35<00:42,  6.15it/s, acc=78.6%, loss=0.514]
Epoch 3/3:  84%|████████▍ | 1365/1625 [03:35<00:42,  6.15it/s, acc=78.7%, loss=0.502]
Epoch 3/3:  84%|████████▍ | 1366/1625 [03:35<00:41,  6.21it/s, acc=78.7%, loss=0.502]
Epoch 3/3:  84%|████████▍ | 1366/1625 [03:35<00:41,  6.21it/s, acc=78.7%, loss=0.454]
Epoch 3/3:  84%|████████▍ | 1367/1625 [03:35<00:43,  5.95it/s, acc=78.7%, loss=0.454]
Epoch 3/3:  84%|████████▍ | 1367/1625 [03:35<00:43,  5.95it/s, acc=78.7%, loss=0.495]
Epoch 3/3:  84%|████████▍ | 1368/1625 [03:35<00:43,  5.97it/s, acc=78.7%, loss=0.495]
Epoch 3/3:  84%|████████▍ | 1368/1625 [03:36<00:43,  5.97it/s, acc=78.7%, loss=0.614]
Epoch 3/3:  84%|████████▍ | 1369/1625 [03:36<00:45,  5.59it/s, acc=78.7%, loss=0.614]
Epoch 3/3:  84%|████████▍ | 1369/1625 [03:36<00:45,  5.59it/s, acc=78.7%, loss=0.246]
Epoch 3/3:  84%|████████▍ | 1370/1625 [03:36<00:41,  6.11it/s, acc=78.7%, loss=0.246]
Epoch 3/3:  84%|████████▍ | 1370/1625 [03:36<00:41,  6.11it/s, acc=78.7%, loss=0.601]
Epoch 3/3:  84%|████████▍ | 1371/1625 [03:36<00:39,  6.51it/s, acc=78.7%, loss=0.601]
Epoch 3/3:  84%|████████▍ | 1371/1625 [03:36<00:39,  6.51it/s, acc=78.7%, loss=0.347]
Epoch 3/3:  84%|████████▍ | 1372/1625 [03:36<00:37,  6.66it/s, acc=78.7%, loss=0.347]
Epoch 3/3:  84%|████████▍ | 1372/1625 [03:36<00:37,  6.66it/s, acc=78.7%, loss=0.529]
Epoch 3/3:  84%|████████▍ | 1373/1625 [03:36<00:36,  6.85it/s, acc=78.7%, loss=0.529]
Epoch 3/3:  84%|████████▍ | 1373/1625 [03:36<00:36,  6.85it/s, acc=78.7%, loss=0.638]
Epoch 3/3:  85%|████████▍ | 1374/1625 [03:36<00:37,  6.78it/s, acc=78.7%, loss=0.638]
Epoch 3/3:  85%|████████▍ | 1374/1625 [03:36<00:37,  6.78it/s, acc=78.7%, loss=0.733]
Epoch 3/3:  85%|████████▍ | 1375/1625 [03:36<00:39,  6.30it/s, acc=78.7%, loss=0.733]
Epoch 3/3:  85%|████████▍ | 1375/1625 [03:37<00:39,  6.30it/s, acc=78.7%, loss=0.359]
Epoch 3/3:  85%|████████▍ | 1376/1625 [03:37<00:46,  5.37it/s, acc=78.7%, loss=0.359]
Epoch 3/3:  85%|████████▍ | 1376/1625 [03:37<00:46,  5.37it/s, acc=78.7%, loss=0.441]
Epoch 3/3:  85%|████████▍ | 1377/1625 [03:37<00:40,  6.08it/s, acc=78.7%, loss=0.441]
Epoch 3/3:  85%|████████▍ | 1377/1625 [03:37<00:40,  6.08it/s, acc=78.7%, loss=0.434]
Epoch 3/3:  85%|████████▍ | 1378/1625 [03:37<00:42,  5.86it/s, acc=78.7%, loss=0.434]
Epoch 3/3:  85%|████████▍ | 1378/1625 [03:37<00:42,  5.86it/s, acc=78.7%, loss=0.584]
Epoch 3/3:  85%|████████▍ | 1379/1625 [03:37<00:42,  5.76it/s, acc=78.7%, loss=0.584]
Epoch 3/3:  85%|████████▍ | 1379/1625 [03:37<00:42,  5.76it/s, acc=78.7%, loss=0.415]
Epoch 3/3:  85%|████████▍ | 1380/1625 [03:37<00:44,  5.51it/s, acc=78.7%, loss=0.415]
Epoch 3/3:  85%|████████▍ | 1380/1625 [03:38<00:44,  5.51it/s, acc=78.7%, loss=0.472]
Epoch 3/3:  85%|████████▍ | 1381/1625 [03:38<00:45,  5.31it/s, acc=78.7%, loss=0.472]
Epoch 3/3:  85%|████████▍ | 1381/1625 [03:38<00:45,  5.31it/s, acc=78.7%, loss=0.721]
Epoch 3/3:  85%|████████▌ | 1382/1625 [03:38<00:42,  5.76it/s, acc=78.7%, loss=0.721]
Epoch 3/3:  85%|████████▌ | 1382/1625 [03:38<00:42,  5.76it/s, acc=78.7%, loss=0.338]
Epoch 3/3:  85%|████████▌ | 1383/1625 [03:38<00:40,  5.91it/s, acc=78.7%, loss=0.338]
Epoch 3/3:  85%|████████▌ | 1383/1625 [03:38<00:40,  5.91it/s, acc=78.7%, loss=0.581]
Epoch 3/3:  85%|████████▌ | 1384/1625 [03:38<00:42,  5.70it/s, acc=78.7%, loss=0.581]
Epoch 3/3:  85%|████████▌ | 1384/1625 [03:38<00:42,  5.70it/s, acc=78.7%, loss=0.382]
Epoch 3/3:  85%|████████▌ | 1385/1625 [03:38<00:43,  5.54it/s, acc=78.7%, loss=0.382]
Epoch 3/3:  85%|████████▌ | 1385/1625 [03:38<00:43,  5.54it/s, acc=78.7%, loss=0.535]
Epoch 3/3:  85%|████████▌ | 1386/1625 [03:38<00:44,  5.39it/s, acc=78.7%, loss=0.535]
Epoch 3/3:  85%|████████▌ | 1386/1625 [03:39<00:44,  5.39it/s, acc=78.7%, loss=0.589]
Epoch 3/3:  85%|████████▌ | 1387/1625 [03:39<00:44,  5.39it/s, acc=78.7%, loss=0.589]
Epoch 3/3:  85%|████████▌ | 1387/1625 [03:39<00:44,  5.39it/s, acc=78.7%, loss=0.509]
Epoch 3/3:  85%|████████▌ | 1388/1625 [03:39<00:44,  5.32it/s, acc=78.7%, loss=0.509]
Epoch 3/3:  85%|████████▌ | 1388/1625 [03:39<00:44,  5.32it/s, acc=78.7%, loss=0.480]
Epoch 3/3:  85%|████████▌ | 1389/1625 [03:39<00:45,  5.19it/s, acc=78.7%, loss=0.480]
Epoch 3/3:  85%|████████▌ | 1389/1625 [03:39<00:45,  5.19it/s, acc=78.7%, loss=0.740]
Epoch 3/3:  86%|████████▌ | 1390/1625 [03:39<00:43,  5.34it/s, acc=78.7%, loss=0.740]
Epoch 3/3:  86%|████████▌ | 1390/1625 [03:39<00:43,  5.34it/s, acc=78.7%, loss=0.424]
Epoch 3/3:  86%|████████▌ | 1391/1625 [03:39<00:41,  5.67it/s, acc=78.7%, loss=0.424]
Epoch 3/3:  86%|████████▌ | 1391/1625 [03:39<00:41,  5.67it/s, acc=78.7%, loss=0.402]
Epoch 3/3:  86%|████████▌ | 1392/1625 [03:39<00:37,  6.24it/s, acc=78.7%, loss=0.402]
Epoch 3/3:  86%|████████▌ | 1392/1625 [03:40<00:37,  6.24it/s, acc=78.7%, loss=0.435]
Epoch 3/3:  86%|████████▌ | 1393/1625 [03:40<00:34,  6.81it/s, acc=78.7%, loss=0.435]
Epoch 3/3:  86%|████████▌ | 1393/1625 [03:40<00:34,  6.81it/s, acc=78.7%, loss=0.507]
Epoch 3/3:  86%|████████▌ | 1394/1625 [03:40<00:32,  7.05it/s, acc=78.7%, loss=0.507]
Epoch 3/3:  86%|████████▌ | 1394/1625 [03:40<00:32,  7.05it/s, acc=78.7%, loss=0.608]
Epoch 3/3:  86%|████████▌ | 1395/1625 [03:40<00:31,  7.21it/s, acc=78.7%, loss=0.608]
Epoch 3/3:  86%|████████▌ | 1395/1625 [03:40<00:31,  7.21it/s, acc=78.7%, loss=0.687]
Epoch 3/3:  86%|████████▌ | 1396/1625 [03:40<00:32,  7.04it/s, acc=78.7%, loss=0.687]
Epoch 3/3:  86%|████████▌ | 1396/1625 [03:40<00:32,  7.04it/s, acc=78.7%, loss=0.698]
Epoch 3/3:  86%|████████▌ | 1397/1625 [03:40<00:33,  6.71it/s, acc=78.7%, loss=0.698]
Epoch 3/3:  86%|████████▌ | 1397/1625 [03:40<00:33,  6.71it/s, acc=78.7%, loss=0.435]
Epoch 3/3:  86%|████████▌ | 1398/1625 [03:40<00:33,  6.75it/s, acc=78.7%, loss=0.435]
Epoch 3/3:  86%|████████▌ | 1398/1625 [03:40<00:33,  6.75it/s, acc=78.7%, loss=0.634]
Epoch 3/3:  86%|████████▌ | 1399/1625 [03:40<00:32,  6.88it/s, acc=78.7%, loss=0.634]
Epoch 3/3:  86%|████████▌ | 1399/1625 [03:41<00:32,  6.88it/s, acc=78.7%, loss=0.603]
Epoch 3/3:  86%|████████▌ | 1400/1625 [03:41<00:35,  6.27it/s, acc=78.7%, loss=0.603]
Epoch 3/3:  86%|████████▌ | 1400/1625 [03:41<00:35,  6.27it/s, acc=78.7%, loss=0.380]
Epoch 3/3:  86%|████████▌ | 1401/1625 [03:41<00:39,  5.61it/s, acc=78.7%, loss=0.380]
Epoch 3/3:  86%|████████▌ | 1401/1625 [03:41<00:39,  5.61it/s, acc=78.7%, loss=0.384]
Epoch 3/3:  86%|████████▋ | 1402/1625 [03:41<00:39,  5.59it/s, acc=78.7%, loss=0.384]
Epoch 3/3:  86%|████████▋ | 1402/1625 [03:41<00:39,  5.59it/s, acc=78.7%, loss=0.560]
Epoch 3/3:  86%|████████▋ | 1403/1625 [03:41<00:38,  5.75it/s, acc=78.7%, loss=0.560]
Epoch 3/3:  86%|████████▋ | 1403/1625 [03:41<00:38,  5.75it/s, acc=78.7%, loss=0.466]
Epoch 3/3:  86%|████████▋ | 1404/1625 [03:41<00:36,  6.09it/s, acc=78.7%, loss=0.466]
Epoch 3/3:  86%|████████▋ | 1404/1625 [03:41<00:36,  6.09it/s, acc=78.7%, loss=0.609]
Epoch 3/3:  86%|████████▋ | 1405/1625 [03:41<00:32,  6.72it/s, acc=78.7%, loss=0.609]
Epoch 3/3:  86%|████████▋ | 1405/1625 [03:42<00:32,  6.72it/s, acc=78.7%, loss=0.462]
Epoch 3/3:  87%|████████▋ | 1406/1625 [03:42<00:32,  6.77it/s, acc=78.7%, loss=0.462]
Epoch 3/3:  87%|████████▋ | 1406/1625 [03:42<00:32,  6.77it/s, acc=78.7%, loss=0.639]
Epoch 3/3:  87%|████████▋ | 1407/1625 [03:42<00:31,  6.86it/s, acc=78.7%, loss=0.639]
Epoch 3/3:  87%|████████▋ | 1407/1625 [03:42<00:31,  6.86it/s, acc=78.7%, loss=0.517]
Epoch 3/3:  87%|████████▋ | 1408/1625 [03:42<00:30,  7.17it/s, acc=78.7%, loss=0.517]
Epoch 3/3:  87%|████████▋ | 1408/1625 [03:42<00:30,  7.17it/s, acc=78.7%, loss=0.502]
Epoch 3/3:  87%|████████▋ | 1409/1625 [03:42<00:33,  6.36it/s, acc=78.7%, loss=0.502]
Epoch 3/3:  87%|████████▋ | 1409/1625 [03:42<00:33,  6.36it/s, acc=78.7%, loss=0.480]
Epoch 3/3:  87%|████████▋ | 1410/1625 [03:42<00:37,  5.66it/s, acc=78.7%, loss=0.480]
Epoch 3/3:  87%|████████▋ | 1410/1625 [03:42<00:37,  5.66it/s, acc=78.7%, loss=0.475]
Epoch 3/3:  87%|████████▋ | 1411/1625 [03:42<00:34,  6.21it/s, acc=78.7%, loss=0.475]
Epoch 3/3:  87%|████████▋ | 1411/1625 [03:43<00:34,  6.21it/s, acc=78.7%, loss=0.664]
Epoch 3/3:  87%|████████▋ | 1412/1625 [03:43<00:30,  6.95it/s, acc=78.7%, loss=0.664]
Epoch 3/3:  87%|████████▋ | 1412/1625 [03:43<00:30,  6.95it/s, acc=78.7%, loss=0.295]
Epoch 3/3:  87%|████████▋ | 1413/1625 [03:43<00:29,  7.20it/s, acc=78.7%, loss=0.295]
Epoch 3/3:  87%|████████▋ | 1413/1625 [03:43<00:29,  7.20it/s, acc=78.7%, loss=0.511]
Epoch 3/3:  87%|████████▋ | 1414/1625 [03:43<00:28,  7.33it/s, acc=78.7%, loss=0.511]
Epoch 3/3:  87%|████████▋ | 1414/1625 [03:43<00:28,  7.33it/s, acc=78.7%, loss=0.578]
Epoch 3/3:  87%|████████▋ | 1415/1625 [03:43<00:29,  7.20it/s, acc=78.7%, loss=0.578]
Epoch 3/3:  87%|████████▋ | 1415/1625 [03:43<00:29,  7.20it/s, acc=78.7%, loss=0.522]
Epoch 3/3:  87%|████████▋ | 1416/1625 [03:43<00:28,  7.34it/s, acc=78.7%, loss=0.522]
Epoch 3/3:  87%|████████▋ | 1416/1625 [03:43<00:28,  7.34it/s, acc=78.7%, loss=0.747]
Epoch 3/3:  87%|████████▋ | 1417/1625 [03:43<00:28,  7.31it/s, acc=78.7%, loss=0.747]
Epoch 3/3:  87%|████████▋ | 1417/1625 [03:43<00:28,  7.31it/s, acc=78.7%, loss=0.858]
Epoch 3/3:  87%|████████▋ | 1418/1625 [03:43<00:28,  7.34it/s, acc=78.7%, loss=0.858]
Epoch 3/3:  87%|████████▋ | 1418/1625 [03:44<00:28,  7.34it/s, acc=78.7%, loss=0.401]
Epoch 3/3:  87%|████████▋ | 1419/1625 [03:44<00:31,  6.54it/s, acc=78.7%, loss=0.401]
Epoch 3/3:  87%|████████▋ | 1419/1625 [03:44<00:31,  6.54it/s, acc=78.7%, loss=0.453]
Epoch 3/3:  87%|████████▋ | 1420/1625 [03:44<00:30,  6.81it/s, acc=78.7%, loss=0.453]
Epoch 3/3:  87%|████████▋ | 1420/1625 [03:44<00:30,  6.81it/s, acc=78.7%, loss=0.472]
Epoch 3/3:  87%|████████▋ | 1421/1625 [03:44<00:28,  7.11it/s, acc=78.7%, loss=0.472]
Epoch 3/3:  87%|████████▋ | 1421/1625 [03:44<00:28,  7.11it/s, acc=78.7%, loss=0.482]
Epoch 3/3:  88%|████████▊ | 1422/1625 [03:44<00:27,  7.26it/s, acc=78.7%, loss=0.482]
Epoch 3/3:  88%|████████▊ | 1422/1625 [03:44<00:27,  7.26it/s, acc=78.7%, loss=0.498]
Epoch 3/3:  88%|████████▊ | 1423/1625 [03:44<00:27,  7.39it/s, acc=78.7%, loss=0.498]
Epoch 3/3:  88%|████████▊ | 1423/1625 [03:44<00:27,  7.39it/s, acc=78.7%, loss=0.598]
Epoch 3/3:  88%|████████▊ | 1424/1625 [03:44<00:27,  7.24it/s, acc=78.7%, loss=0.598]
Epoch 3/3:  88%|████████▊ | 1424/1625 [03:44<00:27,  7.24it/s, acc=78.7%, loss=0.449]
Epoch 3/3:  88%|████████▊ | 1425/1625 [03:44<00:29,  6.67it/s, acc=78.7%, loss=0.449]
Epoch 3/3:  88%|████████▊ | 1425/1625 [03:45<00:29,  6.67it/s, acc=78.7%, loss=0.525]
Epoch 3/3:  88%|████████▊ | 1426/1625 [03:45<00:30,  6.60it/s, acc=78.7%, loss=0.525]
Epoch 3/3:  88%|████████▊ | 1426/1625 [03:45<00:30,  6.60it/s, acc=78.7%, loss=0.624]
Epoch 3/3:  88%|████████▊ | 1427/1625 [03:45<00:32,  6.09it/s, acc=78.7%, loss=0.624]
Epoch 3/3:  88%|████████▊ | 1427/1625 [03:45<00:32,  6.09it/s, acc=78.7%, loss=0.618]
Epoch 3/3:  88%|████████▊ | 1428/1625 [03:45<00:30,  6.46it/s, acc=78.7%, loss=0.618]
Epoch 3/3:  88%|████████▊ | 1428/1625 [03:45<00:30,  6.46it/s, acc=78.7%, loss=0.695]
Epoch 3/3:  88%|████████▊ | 1429/1625 [03:45<00:30,  6.37it/s, acc=78.7%, loss=0.695]
Epoch 3/3:  88%|████████▊ | 1429/1625 [03:45<00:30,  6.37it/s, acc=78.7%, loss=0.540]
Epoch 3/3:  88%|████████▊ | 1430/1625 [03:45<00:31,  6.25it/s, acc=78.7%, loss=0.540]
Epoch 3/3:  88%|████████▊ | 1430/1625 [03:45<00:31,  6.25it/s, acc=78.7%, loss=0.593]
Epoch 3/3:  88%|████████▊ | 1431/1625 [03:45<00:31,  6.12it/s, acc=78.7%, loss=0.593]
Epoch 3/3:  88%|████████▊ | 1431/1625 [03:45<00:31,  6.12it/s, acc=78.7%, loss=0.508]
Epoch 3/3:  88%|████████▊ | 1432/1625 [03:46<00:30,  6.29it/s, acc=78.7%, loss=0.508]
Epoch 3/3:  88%|████████▊ | 1432/1625 [03:46<00:30,  6.29it/s, acc=78.7%, loss=0.332]
Epoch 3/3:  88%|████████▊ | 1433/1625 [03:46<00:28,  6.63it/s, acc=78.7%, loss=0.332]
Epoch 3/3:  88%|████████▊ | 1433/1625 [03:46<00:28,  6.63it/s, acc=78.7%, loss=0.568]
Epoch 3/3:  88%|████████▊ | 1434/1625 [03:46<00:26,  7.19it/s, acc=78.7%, loss=0.568]
Epoch 3/3:  88%|████████▊ | 1434/1625 [03:46<00:26,  7.19it/s, acc=78.7%, loss=0.641]
Epoch 3/3:  88%|████████▊ | 1435/1625 [03:46<00:25,  7.46it/s, acc=78.7%, loss=0.641]
Epoch 3/3:  88%|████████▊ | 1435/1625 [03:46<00:25,  7.46it/s, acc=78.7%, loss=0.520]
Epoch 3/3:  88%|████████▊ | 1436/1625 [03:46<00:24,  7.63it/s, acc=78.7%, loss=0.520]
Epoch 3/3:  88%|████████▊ | 1436/1625 [03:46<00:24,  7.63it/s, acc=78.7%, loss=0.705]
Epoch 3/3:  88%|████████▊ | 1437/1625 [03:46<00:23,  7.99it/s, acc=78.7%, loss=0.705]
Epoch 3/3:  88%|████████▊ | 1437/1625 [03:46<00:23,  7.99it/s, acc=78.7%, loss=0.566]
Epoch 3/3:  88%|████████▊ | 1438/1625 [03:46<00:23,  8.04it/s, acc=78.7%, loss=0.566]
Epoch 3/3:  88%|████████▊ | 1438/1625 [03:46<00:23,  8.04it/s, acc=78.7%, loss=0.414]
Epoch 3/3:  89%|████████▊ | 1439/1625 [03:46<00:23,  7.95it/s, acc=78.7%, loss=0.414]
Epoch 3/3:  89%|████████▊ | 1439/1625 [03:46<00:23,  7.95it/s, acc=78.7%, loss=0.587]
Epoch 3/3:  89%|████████▊ | 1440/1625 [03:46<00:22,  8.40it/s, acc=78.7%, loss=0.587]
Epoch 3/3:  89%|████████▊ | 1440/1625 [03:47<00:22,  8.40it/s, acc=78.7%, loss=0.579]
Epoch 3/3:  89%|████████▊ | 1441/1625 [03:47<00:22,  8.35it/s, acc=78.7%, loss=0.579]
Epoch 3/3:  89%|████████▊ | 1441/1625 [03:47<00:22,  8.35it/s, acc=78.7%, loss=0.504]
Epoch 3/3:  89%|████████▊ | 1442/1625 [03:47<00:22,  8.12it/s, acc=78.7%, loss=0.504]
Epoch 3/3:  89%|████████▊ | 1442/1625 [03:47<00:22,  8.12it/s, acc=78.7%, loss=0.489]
Epoch 3/3:  89%|████████▉ | 1443/1625 [03:47<00:21,  8.51it/s, acc=78.7%, loss=0.489]
Epoch 3/3:  89%|████████▉ | 1443/1625 [03:47<00:21,  8.51it/s, acc=78.7%, loss=0.584]
Epoch 3/3:  89%|████████▉ | 1444/1625 [03:47<00:21,  8.45it/s, acc=78.7%, loss=0.584]
Epoch 3/3:  89%|████████▉ | 1444/1625 [03:47<00:21,  8.45it/s, acc=78.7%, loss=0.425]
Epoch 3/3:  89%|████████▉ | 1445/1625 [03:47<00:21,  8.25it/s, acc=78.7%, loss=0.425]
Epoch 3/3:  89%|████████▉ | 1445/1625 [03:47<00:21,  8.25it/s, acc=78.7%, loss=0.525]
Epoch 3/3:  89%|████████▉ | 1446/1625 [03:47<00:21,  8.49it/s, acc=78.7%, loss=0.525]
Epoch 3/3:  89%|████████▉ | 1446/1625 [03:47<00:21,  8.49it/s, acc=78.7%, loss=0.587]
Epoch 3/3:  89%|████████▉ | 1447/1625 [03:47<00:21,  8.24it/s, acc=78.7%, loss=0.587]
Epoch 3/3:  89%|████████▉ | 1447/1625 [03:47<00:21,  8.24it/s, acc=78.7%, loss=0.512]
Epoch 3/3:  89%|████████▉ | 1448/1625 [03:47<00:21,  8.06it/s, acc=78.7%, loss=0.512]
Epoch 3/3:  89%|████████▉ | 1448/1625 [03:48<00:21,  8.06it/s, acc=78.7%, loss=0.688]
Epoch 3/3:  89%|████████▉ | 1449/1625 [03:48<00:22,  7.89it/s, acc=78.7%, loss=0.688]
Epoch 3/3:  89%|████████▉ | 1449/1625 [03:48<00:22,  7.89it/s, acc=78.7%, loss=0.510]
Epoch 3/3:  89%|████████▉ | 1450/1625 [03:48<00:22,  7.77it/s, acc=78.7%, loss=0.510]
Epoch 3/3:  89%|████████▉ | 1450/1625 [03:48<00:22,  7.77it/s, acc=78.7%, loss=0.272]
Epoch 3/3:  89%|████████▉ | 1451/1625 [03:48<00:22,  7.64it/s, acc=78.7%, loss=0.272]
Epoch 3/3:  89%|████████▉ | 1451/1625 [03:48<00:22,  7.64it/s, acc=78.7%, loss=0.261]
Epoch 3/3:  89%|████████▉ | 1452/1625 [03:48<00:22,  7.53it/s, acc=78.7%, loss=0.261]
Epoch 3/3:  89%|████████▉ | 1452/1625 [03:48<00:22,  7.53it/s, acc=78.7%, loss=0.646]
Epoch 3/3:  89%|████████▉ | 1453/1625 [03:48<00:23,  7.25it/s, acc=78.7%, loss=0.646]
Epoch 3/3:  89%|████████▉ | 1453/1625 [03:48<00:23,  7.25it/s, acc=78.7%, loss=0.650]
Epoch 3/3:  89%|████████▉ | 1454/1625 [03:48<00:22,  7.63it/s, acc=78.7%, loss=0.650]
Epoch 3/3:  89%|████████▉ | 1454/1625 [03:48<00:22,  7.63it/s, acc=78.7%, loss=0.497]
Epoch 3/3:  90%|████████▉ | 1455/1625 [03:48<00:23,  7.33it/s, acc=78.7%, loss=0.497]
Epoch 3/3:  90%|████████▉ | 1455/1625 [03:49<00:23,  7.33it/s, acc=78.7%, loss=0.391]
Epoch 3/3:  90%|████████▉ | 1456/1625 [03:49<00:24,  6.80it/s, acc=78.7%, loss=0.391]
Epoch 3/3:  90%|████████▉ | 1456/1625 [03:49<00:24,  6.80it/s, acc=78.7%, loss=0.555]
Epoch 3/3:  90%|████████▉ | 1457/1625 [03:49<00:24,  6.90it/s, acc=78.7%, loss=0.555]
Epoch 3/3:  90%|████████▉ | 1457/1625 [03:49<00:24,  6.90it/s, acc=78.7%, loss=0.636]
Epoch 3/3:  90%|████████▉ | 1458/1625 [03:49<00:23,  6.97it/s, acc=78.7%, loss=0.636]
Epoch 3/3:  90%|████████▉ | 1458/1625 [03:49<00:23,  6.97it/s, acc=78.7%, loss=0.727]
Epoch 3/3:  90%|████████▉ | 1459/1625 [03:49<00:25,  6.61it/s, acc=78.7%, loss=0.727]
Epoch 3/3:  90%|████████▉ | 1459/1625 [03:49<00:25,  6.61it/s, acc=78.7%, loss=0.419]
Epoch 3/3:  90%|████████▉ | 1460/1625 [03:49<00:23,  7.08it/s, acc=78.7%, loss=0.419]
Epoch 3/3:  90%|████████▉ | 1460/1625 [03:49<00:23,  7.08it/s, acc=78.7%, loss=0.699]
Epoch 3/3:  90%|████████▉ | 1461/1625 [03:49<00:22,  7.44it/s, acc=78.7%, loss=0.699]
Epoch 3/3:  90%|████████▉ | 1461/1625 [03:49<00:22,  7.44it/s, acc=78.7%, loss=0.317]
Epoch 3/3:  90%|████████▉ | 1462/1625 [03:49<00:21,  7.51it/s, acc=78.7%, loss=0.317]
Epoch 3/3:  90%|████████▉ | 1462/1625 [03:49<00:21,  7.51it/s, acc=78.7%, loss=0.475]
Epoch 3/3:  90%|█████████ | 1463/1625 [03:49<00:20,  7.72it/s, acc=78.7%, loss=0.475]
Epoch 3/3:  90%|█████████ | 1463/1625 [03:50<00:20,  7.72it/s, acc=78.7%, loss=0.278]
Epoch 3/3:  90%|█████████ | 1464/1625 [03:50<00:20,  7.81it/s, acc=78.7%, loss=0.278]
Epoch 3/3:  90%|█████████ | 1464/1625 [03:50<00:20,  7.81it/s, acc=78.7%, loss=0.411]
Epoch 3/3:  90%|█████████ | 1465/1625 [03:50<00:20,  7.98it/s, acc=78.7%, loss=0.411]
Epoch 3/3:  90%|█████████ | 1465/1625 [03:50<00:20,  7.98it/s, acc=78.7%, loss=0.651]
Epoch 3/3:  90%|█████████ | 1466/1625 [03:50<00:20,  7.63it/s, acc=78.7%, loss=0.651]
Epoch 3/3:  90%|█████████ | 1466/1625 [03:50<00:20,  7.63it/s, acc=78.7%, loss=0.537]
Epoch 3/3:  90%|█████████ | 1467/1625 [03:50<00:19,  7.99it/s, acc=78.7%, loss=0.537]
Epoch 3/3:  90%|█████████ | 1467/1625 [03:50<00:19,  7.99it/s, acc=78.7%, loss=0.495]
Epoch 3/3:  90%|█████████ | 1468/1625 [03:50<00:20,  7.54it/s, acc=78.7%, loss=0.495]
Epoch 3/3:  90%|█████████ | 1468/1625 [03:50<00:20,  7.54it/s, acc=78.7%, loss=0.455]
Epoch 3/3:  90%|█████████ | 1469/1625 [03:50<00:19,  7.89it/s, acc=78.7%, loss=0.455]
Epoch 3/3:  90%|█████████ | 1469/1625 [03:50<00:19,  7.89it/s, acc=78.7%, loss=0.350]
Epoch 3/3:  90%|█████████ | 1470/1625 [03:50<00:20,  7.66it/s, acc=78.7%, loss=0.350]
Epoch 3/3:  90%|█████████ | 1470/1625 [03:51<00:20,  7.66it/s, acc=78.7%, loss=0.450]
Epoch 3/3:  91%|█████████ | 1471/1625 [03:51<00:21,  7.15it/s, acc=78.7%, loss=0.450]
Epoch 3/3:  91%|█████████ | 1471/1625 [03:51<00:21,  7.15it/s, acc=78.7%, loss=0.360]
Epoch 3/3:  91%|█████████ | 1472/1625 [03:51<00:21,  7.16it/s, acc=78.7%, loss=0.360]
Epoch 3/3:  91%|█████████ | 1472/1625 [03:51<00:21,  7.16it/s, acc=78.7%, loss=0.517]
Epoch 3/3:  91%|█████████ | 1473/1625 [03:51<00:21,  7.22it/s, acc=78.7%, loss=0.517]
Epoch 3/3:  91%|█████████ | 1473/1625 [03:51<00:21,  7.22it/s, acc=78.7%, loss=0.383]
Epoch 3/3:  91%|█████████ | 1474/1625 [03:51<00:20,  7.37it/s, acc=78.7%, loss=0.383]
Epoch 3/3:  91%|█████████ | 1474/1625 [03:51<00:20,  7.37it/s, acc=78.7%, loss=0.652]
Epoch 3/3:  91%|█████████ | 1475/1625 [03:51<00:19,  7.61it/s, acc=78.7%, loss=0.652]
Epoch 3/3:  91%|█████████ | 1475/1625 [03:51<00:19,  7.61it/s, acc=78.7%, loss=0.246]
Epoch 3/3:  91%|█████████ | 1476/1625 [03:51<00:19,  7.65it/s, acc=78.7%, loss=0.246]
Epoch 3/3:  91%|█████████ | 1476/1625 [03:51<00:19,  7.65it/s, acc=78.7%, loss=0.339]
Epoch 3/3:  91%|█████████ | 1477/1625 [03:51<00:18,  8.07it/s, acc=78.7%, loss=0.339]
Epoch 3/3:  91%|█████████ | 1477/1625 [03:51<00:18,  8.07it/s, acc=78.7%, loss=0.687]
Epoch 3/3:  91%|█████████ | 1478/1625 [03:51<00:17,  8.46it/s, acc=78.7%, loss=0.687]
Epoch 3/3:  91%|█████████ | 1478/1625 [03:52<00:17,  8.46it/s, acc=78.7%, loss=0.690]
Epoch 3/3:  91%|█████████ | 1479/1625 [03:52<00:17,  8.37it/s, acc=78.7%, loss=0.690]
Epoch 3/3:  91%|█████████ | 1479/1625 [03:52<00:17,  8.37it/s, acc=78.7%, loss=0.581]
Epoch 3/3:  91%|█████████ | 1480/1625 [03:52<00:17,  8.18it/s, acc=78.7%, loss=0.581]
Epoch 3/3:  91%|█████████ | 1480/1625 [03:52<00:17,  8.18it/s, acc=78.7%, loss=0.474]
Epoch 3/3:  91%|█████████ | 1481/1625 [03:52<00:18,  7.94it/s, acc=78.7%, loss=0.474]
Epoch 3/3:  91%|█████████ | 1481/1625 [03:52<00:18,  7.94it/s, acc=78.7%, loss=0.469]
Epoch 3/3:  91%|█████████ | 1482/1625 [03:52<00:18,  7.89it/s, acc=78.7%, loss=0.469]
Epoch 3/3:  91%|█████████ | 1482/1625 [03:52<00:18,  7.89it/s, acc=78.7%, loss=0.355]
Epoch 3/3:  91%|█████████ | 1482/1625 [03:52<00:18,  7.89it/s, acc=78.7%, loss=0.457]
Epoch 3/3:  91%|█████████▏| 1484/1625 [03:52<00:16,  8.46it/s, acc=78.7%, loss=0.457]
Epoch 3/3:  91%|█████████▏| 1484/1625 [03:52<00:16,  8.46it/s, acc=78.7%, loss=0.650]
Epoch 3/3:  91%|█████████▏| 1485/1625 [03:52<00:17,  8.15it/s, acc=78.7%, loss=0.650]
Epoch 3/3:  91%|█████████▏| 1485/1625 [03:52<00:17,  8.15it/s, acc=78.7%, loss=0.366]
Epoch 3/3:  91%|█████████▏| 1486/1625 [03:52<00:17,  7.74it/s, acc=78.7%, loss=0.366]
Epoch 3/3:  91%|█████████▏| 1486/1625 [03:53<00:17,  7.74it/s, acc=78.7%, loss=0.705]
Epoch 3/3:  92%|█████████▏| 1487/1625 [03:53<00:17,  7.74it/s, acc=78.7%, loss=0.705]
Epoch 3/3:  92%|█████████▏| 1487/1625 [03:53<00:17,  7.74it/s, acc=78.7%, loss=0.632]
Epoch 3/3:  92%|█████████▏| 1488/1625 [03:53<00:17,  7.79it/s, acc=78.7%, loss=0.632]
Epoch 3/3:  92%|█████████▏| 1488/1625 [03:53<00:17,  7.79it/s, acc=78.7%, loss=0.583]
Epoch 3/3:  92%|█████████▏| 1489/1625 [03:53<00:17,  7.75it/s, acc=78.7%, loss=0.583]
Epoch 3/3:  92%|█████████▏| 1489/1625 [03:53<00:17,  7.75it/s, acc=78.7%, loss=0.644]
Epoch 3/3:  92%|█████████▏| 1490/1625 [03:53<00:16,  8.09it/s, acc=78.7%, loss=0.644]
Epoch 3/3:  92%|█████████▏| 1490/1625 [03:53<00:16,  8.09it/s, acc=78.7%, loss=0.551]
Epoch 3/3:  92%|█████████▏| 1491/1625 [03:53<00:16,  8.13it/s, acc=78.7%, loss=0.551]
Epoch 3/3:  92%|█████████▏| 1491/1625 [03:53<00:16,  8.13it/s, acc=78.7%, loss=0.658]
Epoch 3/3:  92%|█████████▏| 1492/1625 [03:53<00:17,  7.66it/s, acc=78.7%, loss=0.658]
Epoch 3/3:  92%|█████████▏| 1492/1625 [03:53<00:17,  7.66it/s, acc=78.7%, loss=0.384]
Epoch 3/3:  92%|█████████▏| 1493/1625 [03:53<00:17,  7.62it/s, acc=78.7%, loss=0.384]
Epoch 3/3:  92%|█████████▏| 1493/1625 [03:53<00:17,  7.62it/s, acc=78.7%, loss=0.491]
Epoch 3/3:  92%|█████████▏| 1494/1625 [03:53<00:17,  7.37it/s, acc=78.7%, loss=0.491]
Epoch 3/3:  92%|█████████▏| 1494/1625 [03:54<00:17,  7.37it/s, acc=78.7%, loss=0.453]
Epoch 3/3:  92%|█████████▏| 1495/1625 [03:54<00:17,  7.52it/s, acc=78.7%, loss=0.453]
Epoch 3/3:  92%|█████████▏| 1495/1625 [03:54<00:17,  7.52it/s, acc=78.7%, loss=0.689]
Epoch 3/3:  92%|█████████▏| 1496/1625 [03:54<00:16,  7.61it/s, acc=78.7%, loss=0.689]
Epoch 3/3:  92%|█████████▏| 1496/1625 [03:54<00:16,  7.61it/s, acc=78.7%, loss=0.323]
Epoch 3/3:  92%|█████████▏| 1497/1625 [03:54<00:17,  7.44it/s, acc=78.7%, loss=0.323]
Epoch 3/3:  92%|█████████▏| 1497/1625 [03:54<00:17,  7.44it/s, acc=78.7%, loss=0.540]
Epoch 3/3:  92%|█████████▏| 1498/1625 [03:54<00:16,  7.54it/s, acc=78.7%, loss=0.540]
Epoch 3/3:  92%|█████████▏| 1498/1625 [03:54<00:16,  7.54it/s, acc=78.7%, loss=0.528]
Epoch 3/3:  92%|█████████▏| 1499/1625 [03:54<00:16,  7.46it/s, acc=78.7%, loss=0.528]
Epoch 3/3:  92%|█████████▏| 1499/1625 [03:54<00:16,  7.46it/s, acc=78.7%, loss=0.466]
Epoch 3/3:  92%|█████████▏| 1500/1625 [03:54<00:16,  7.55it/s, acc=78.7%, loss=0.466]
Epoch 3/3:  92%|█████████▏| 1500/1625 [03:54<00:16,  7.55it/s, acc=78.7%, loss=0.598]
Epoch 3/3:  92%|█████████▏| 1501/1625 [03:54<00:17,  7.06it/s, acc=78.7%, loss=0.598]
Epoch 3/3:  92%|█████████▏| 1501/1625 [03:55<00:17,  7.06it/s, acc=78.7%, loss=0.368]
Epoch 3/3:  92%|█████████▏| 1502/1625 [03:55<00:16,  7.56it/s, acc=78.7%, loss=0.368]
Epoch 3/3:  92%|█████████▏| 1502/1625 [03:55<00:16,  7.56it/s, acc=78.7%, loss=0.711]
Epoch 3/3:  92%|█████████▏| 1503/1625 [03:55<00:15,  8.00it/s, acc=78.7%, loss=0.711]
Epoch 3/3:  92%|█████████▏| 1503/1625 [03:55<00:15,  8.00it/s, acc=78.7%, loss=0.386]
Epoch 3/3:  93%|█████████▎| 1504/1625 [03:55<00:15,  7.71it/s, acc=78.7%, loss=0.386]
Epoch 3/3:  93%|█████████▎| 1504/1625 [03:55<00:15,  7.71it/s, acc=78.7%, loss=0.404]
Epoch 3/3:  93%|█████████▎| 1505/1625 [03:55<00:16,  7.43it/s, acc=78.7%, loss=0.404]
Epoch 3/3:  93%|█████████▎| 1505/1625 [03:55<00:16,  7.43it/s, acc=78.7%, loss=0.511]
Epoch 3/3:  93%|█████████▎| 1506/1625 [03:55<00:15,  7.56it/s, acc=78.7%, loss=0.511]
Epoch 3/3:  93%|█████████▎| 1506/1625 [03:55<00:15,  7.56it/s, acc=78.7%, loss=0.677]
Epoch 3/3:  93%|█████████▎| 1507/1625 [03:55<00:15,  7.56it/s, acc=78.7%, loss=0.677]
Epoch 3/3:  93%|█████████▎| 1507/1625 [03:55<00:15,  7.56it/s, acc=78.7%, loss=0.370]
Epoch 3/3:  93%|█████████▎| 1508/1625 [03:55<00:15,  7.79it/s, acc=78.7%, loss=0.370]
Epoch 3/3:  93%|█████████▎| 1508/1625 [03:55<00:15,  7.79it/s, acc=78.7%, loss=0.457]
Epoch 3/3:  93%|█████████▎| 1509/1625 [03:55<00:15,  7.60it/s, acc=78.7%, loss=0.457]
Epoch 3/3:  93%|█████████▎| 1509/1625 [03:56<00:15,  7.60it/s, acc=78.7%, loss=0.465]
Epoch 3/3:  93%|█████████▎| 1510/1625 [03:56<00:14,  7.85it/s, acc=78.7%, loss=0.465]
Epoch 3/3:  93%|█████████▎| 1510/1625 [03:56<00:14,  7.85it/s, acc=78.7%, loss=0.584]
Epoch 3/3:  93%|█████████▎| 1511/1625 [03:56<00:14,  7.95it/s, acc=78.7%, loss=0.584]
Epoch 3/3:  93%|█████████▎| 1511/1625 [03:56<00:14,  7.95it/s, acc=78.7%, loss=0.515]
Epoch 3/3:  93%|█████████▎| 1512/1625 [03:56<00:14,  7.74it/s, acc=78.7%, loss=0.515]
Epoch 3/3:  93%|█████████▎| 1512/1625 [03:56<00:14,  7.74it/s, acc=78.7%, loss=0.526]
Epoch 3/3:  93%|█████████▎| 1513/1625 [03:56<00:14,  7.86it/s, acc=78.7%, loss=0.526]
Epoch 3/3:  93%|█████████▎| 1513/1625 [03:56<00:14,  7.86it/s, acc=78.7%, loss=0.268]
Epoch 3/3:  93%|█████████▎| 1514/1625 [03:56<00:14,  7.52it/s, acc=78.7%, loss=0.268]
Epoch 3/3:  93%|█████████▎| 1514/1625 [03:56<00:14,  7.52it/s, acc=78.7%, loss=0.474]
Epoch 3/3:  93%|█████████▎| 1515/1625 [03:56<00:14,  7.80it/s, acc=78.7%, loss=0.474]
Epoch 3/3:  93%|█████████▎| 1515/1625 [03:56<00:14,  7.80it/s, acc=78.7%, loss=0.601]
Epoch 3/3:  93%|█████████▎| 1516/1625 [03:56<00:13,  7.86it/s, acc=78.7%, loss=0.601]
Epoch 3/3:  93%|█████████▎| 1516/1625 [03:56<00:13,  7.86it/s, acc=78.7%, loss=0.399]
Epoch 3/3:  93%|█████████▎| 1517/1625 [03:56<00:14,  7.63it/s, acc=78.7%, loss=0.399]
Epoch 3/3:  93%|█████████▎| 1517/1625 [03:57<00:14,  7.63it/s, acc=78.7%, loss=0.552]
Epoch 3/3:  93%|█████████▎| 1518/1625 [03:57<00:13,  7.90it/s, acc=78.7%, loss=0.552]
Epoch 3/3:  93%|█████████▎| 1518/1625 [03:57<00:13,  7.90it/s, acc=78.7%, loss=0.648]
Epoch 3/3:  93%|█████████▎| 1519/1625 [03:57<00:13,  7.75it/s, acc=78.7%, loss=0.648]
Epoch 3/3:  93%|█████████▎| 1519/1625 [03:57<00:13,  7.75it/s, acc=78.7%, loss=0.619]
Epoch 3/3:  94%|█████████▎| 1520/1625 [03:57<00:13,  8.01it/s, acc=78.7%, loss=0.619]
Epoch 3/3:  94%|█████████▎| 1520/1625 [03:57<00:13,  8.01it/s, acc=78.7%, loss=0.573]
Epoch 3/3:  94%|█████████▎| 1521/1625 [03:57<00:12,  8.14it/s, acc=78.7%, loss=0.573]
Epoch 3/3:  94%|█████████▎| 1521/1625 [03:57<00:12,  8.14it/s, acc=78.7%, loss=0.537]
Epoch 3/3:  94%|█████████▎| 1522/1625 [03:57<00:12,  8.05it/s, acc=78.7%, loss=0.537]
Epoch 3/3:  94%|█████████▎| 1522/1625 [03:57<00:12,  8.05it/s, acc=78.7%, loss=0.470]
Epoch 3/3:  94%|█████████▎| 1523/1625 [03:57<00:12,  8.43it/s, acc=78.7%, loss=0.470]
Epoch 3/3:  94%|█████████▎| 1523/1625 [03:57<00:12,  8.43it/s, acc=78.7%, loss=0.526]
Epoch 3/3:  94%|█████████▍| 1524/1625 [03:57<00:11,  8.69it/s, acc=78.7%, loss=0.526]
Epoch 3/3:  94%|█████████▍| 1524/1625 [03:57<00:11,  8.69it/s, acc=78.7%, loss=0.588]
Epoch 3/3:  94%|█████████▍| 1525/1625 [03:57<00:12,  8.06it/s, acc=78.7%, loss=0.588]
Epoch 3/3:  94%|█████████▍| 1525/1625 [03:58<00:12,  8.06it/s, acc=78.7%, loss=0.333]
Epoch 3/3:  94%|█████████▍| 1526/1625 [03:58<00:12,  7.66it/s, acc=78.7%, loss=0.333]
Epoch 3/3:  94%|█████████▍| 1526/1625 [03:58<00:12,  7.66it/s, acc=78.7%, loss=0.597]
Epoch 3/3:  94%|█████████▍| 1527/1625 [03:58<00:12,  7.59it/s, acc=78.7%, loss=0.597]
Epoch 3/3:  94%|█████████▍| 1527/1625 [03:58<00:12,  7.59it/s, acc=78.7%, loss=0.274]
Epoch 3/3:  94%|█████████▍| 1528/1625 [03:58<00:13,  7.39it/s, acc=78.7%, loss=0.274]
Epoch 3/3:  94%|█████████▍| 1528/1625 [03:58<00:13,  7.39it/s, acc=78.7%, loss=0.618]
Epoch 3/3:  94%|█████████▍| 1529/1625 [03:58<00:12,  7.72it/s, acc=78.7%, loss=0.618]
Epoch 3/3:  94%|█████████▍| 1529/1625 [03:58<00:12,  7.72it/s, acc=78.7%, loss=0.561]
Epoch 3/3:  94%|█████████▍| 1530/1625 [03:58<00:11,  8.09it/s, acc=78.7%, loss=0.561]
Epoch 3/3:  94%|█████████▍| 1530/1625 [03:58<00:11,  8.09it/s, acc=78.7%, loss=0.752]
Epoch 3/3:  94%|█████████▍| 1531/1625 [03:58<00:11,  7.88it/s, acc=78.7%, loss=0.752]
Epoch 3/3:  94%|█████████▍| 1531/1625 [03:58<00:11,  7.88it/s, acc=78.7%, loss=0.413]
Epoch 3/3:  94%|█████████▍| 1532/1625 [03:58<00:11,  8.17it/s, acc=78.7%, loss=0.413]
Epoch 3/3:  94%|█████████▍| 1532/1625 [03:59<00:11,  8.17it/s, acc=78.7%, loss=0.600]
Epoch 3/3:  94%|█████████▍| 1533/1625 [03:59<00:12,  7.65it/s, acc=78.7%, loss=0.600]
Epoch 3/3:  94%|█████████▍| 1533/1625 [03:59<00:12,  7.65it/s, acc=78.7%, loss=0.703]
Epoch 3/3:  94%|█████████▍| 1534/1625 [03:59<00:11,  7.89it/s, acc=78.7%, loss=0.703]
Epoch 3/3:  94%|█████████▍| 1534/1625 [03:59<00:11,  7.89it/s, acc=78.7%, loss=0.521]
Epoch 3/3:  94%|█████████▍| 1535/1625 [03:59<00:12,  7.37it/s, acc=78.7%, loss=0.521]
Epoch 3/3:  94%|█████████▍| 1535/1625 [03:59<00:12,  7.37it/s, acc=78.7%, loss=0.559]
Epoch 3/3:  95%|█████████▍| 1536/1625 [03:59<00:11,  7.54it/s, acc=78.7%, loss=0.559]
Epoch 3/3:  95%|█████████▍| 1536/1625 [03:59<00:11,  7.54it/s, acc=78.7%, loss=0.548]
Epoch 3/3:  95%|█████████▍| 1537/1625 [03:59<00:11,  7.35it/s, acc=78.7%, loss=0.548]
Epoch 3/3:  95%|█████████▍| 1537/1625 [03:59<00:11,  7.35it/s, acc=78.7%, loss=0.381]
Epoch 3/3:  95%|█████████▍| 1538/1625 [03:59<00:11,  7.29it/s, acc=78.7%, loss=0.381]
Epoch 3/3:  95%|█████████▍| 1538/1625 [03:59<00:11,  7.29it/s, acc=78.7%, loss=0.531]
Epoch 3/3:  95%|█████████▍| 1539/1625 [03:59<00:11,  7.28it/s, acc=78.7%, loss=0.531]
Epoch 3/3:  95%|█████████▍| 1539/1625 [03:59<00:11,  7.28it/s, acc=78.7%, loss=0.425]
Epoch 3/3:  95%|█████████▍| 1540/1625 [03:59<00:10,  7.89it/s, acc=78.7%, loss=0.425]
Epoch 3/3:  95%|█████████▍| 1540/1625 [04:00<00:10,  7.89it/s, acc=78.7%, loss=0.625]
Epoch 3/3:  95%|█████████▍| 1541/1625 [04:00<00:10,  8.02it/s, acc=78.7%, loss=0.625]
Epoch 3/3:  95%|█████████▍| 1541/1625 [04:00<00:10,  8.02it/s, acc=78.7%, loss=0.420]
Epoch 3/3:  95%|█████████▍| 1542/1625 [04:00<00:10,  7.94it/s, acc=78.7%, loss=0.420]
Epoch 3/3:  95%|█████████▍| 1542/1625 [04:00<00:10,  7.94it/s, acc=78.7%, loss=0.821]
Epoch 3/3:  95%|█████████▍| 1543/1625 [04:00<00:09,  8.31it/s, acc=78.7%, loss=0.821]
Epoch 3/3:  95%|█████████▍| 1543/1625 [04:00<00:09,  8.31it/s, acc=78.7%, loss=0.506]
Epoch 3/3:  95%|█████████▌| 1544/1625 [04:00<00:09,  8.48it/s, acc=78.7%, loss=0.506]
Epoch 3/3:  95%|█████████▌| 1544/1625 [04:00<00:09,  8.48it/s, acc=78.7%, loss=0.352]
Epoch 3/3:  95%|█████████▌| 1545/1625 [04:00<00:09,  8.08it/s, acc=78.7%, loss=0.352]
Epoch 3/3:  95%|█████████▌| 1545/1625 [04:00<00:09,  8.08it/s, acc=78.7%, loss=0.839]
Epoch 3/3:  95%|█████████▌| 1546/1625 [04:00<00:09,  8.34it/s, acc=78.7%, loss=0.839]
Epoch 3/3:  95%|█████████▌| 1546/1625 [04:00<00:09,  8.34it/s, acc=78.7%, loss=0.268]
Epoch 3/3:  95%|█████████▌| 1547/1625 [04:00<00:09,  7.95it/s, acc=78.7%, loss=0.268]
Epoch 3/3:  95%|█████████▌| 1547/1625 [04:00<00:09,  7.95it/s, acc=78.7%, loss=0.715]
Epoch 3/3:  95%|█████████▌| 1548/1625 [04:00<00:09,  7.80it/s, acc=78.7%, loss=0.715]
Epoch 3/3:  95%|█████████▌| 1548/1625 [04:01<00:09,  7.80it/s, acc=78.7%, loss=0.447]
Epoch 3/3:  95%|█████████▌| 1549/1625 [04:01<00:10,  7.25it/s, acc=78.7%, loss=0.447]
Epoch 3/3:  95%|█████████▌| 1549/1625 [04:01<00:10,  7.25it/s, acc=78.7%, loss=0.388]
Epoch 3/3:  95%|█████████▌| 1550/1625 [04:01<00:11,  6.73it/s, acc=78.7%, loss=0.388]
Epoch 3/3:  95%|█████████▌| 1550/1625 [04:01<00:11,  6.73it/s, acc=78.7%, loss=0.629]
Epoch 3/3:  95%|█████████▌| 1551/1625 [04:01<00:11,  6.52it/s, acc=78.7%, loss=0.629]
Epoch 3/3:  95%|█████████▌| 1551/1625 [04:01<00:11,  6.52it/s, acc=78.7%, loss=0.572]
Epoch 3/3:  96%|█████████▌| 1552/1625 [04:01<00:10,  6.81it/s, acc=78.7%, loss=0.572]
Epoch 3/3:  96%|█████████▌| 1552/1625 [04:01<00:10,  6.81it/s, acc=78.7%, loss=0.516]
Epoch 3/3:  96%|█████████▌| 1553/1625 [04:01<00:10,  6.94it/s, acc=78.7%, loss=0.516]
Epoch 3/3:  96%|█████████▌| 1553/1625 [04:01<00:10,  6.94it/s, acc=78.7%, loss=0.803]
Epoch 3/3:  96%|█████████▌| 1554/1625 [04:01<00:09,  7.36it/s, acc=78.7%, loss=0.803]
Epoch 3/3:  96%|█████████▌| 1554/1625 [04:01<00:09,  7.36it/s, acc=78.7%, loss=0.569]
Epoch 3/3:  96%|█████████▌| 1555/1625 [04:01<00:09,  7.36it/s, acc=78.7%, loss=0.569]
Epoch 3/3:  96%|█████████▌| 1555/1625 [04:02<00:09,  7.36it/s, acc=78.7%, loss=0.743]
Epoch 3/3:  96%|█████████▌| 1556/1625 [04:02<00:09,  7.42it/s, acc=78.7%, loss=0.743]
Epoch 3/3:  96%|█████████▌| 1556/1625 [04:02<00:09,  7.42it/s, acc=78.7%, loss=0.617]
Epoch 3/3:  96%|█████████▌| 1557/1625 [04:02<00:09,  7.46it/s, acc=78.7%, loss=0.617]
Epoch 3/3:  96%|█████████▌| 1557/1625 [04:02<00:09,  7.46it/s, acc=78.7%, loss=0.448]
Epoch 3/3:  96%|█████████▌| 1558/1625 [04:02<00:08,  7.55it/s, acc=78.7%, loss=0.448]
Epoch 3/3:  96%|█████████▌| 1558/1625 [04:02<00:08,  7.55it/s, acc=78.7%, loss=0.691]
Epoch 3/3:  96%|█████████▌| 1559/1625 [04:02<00:08,  7.37it/s, acc=78.7%, loss=0.691]
Epoch 3/3:  96%|█████████▌| 1559/1625 [04:02<00:08,  7.37it/s, acc=78.7%, loss=0.514]
Epoch 3/3:  96%|█████████▌| 1560/1625 [04:02<00:08,  7.32it/s, acc=78.7%, loss=0.514]
Epoch 3/3:  96%|█████████▌| 1560/1625 [04:02<00:08,  7.32it/s, acc=78.7%, loss=0.391]
Epoch 3/3:  96%|█████████▌| 1561/1625 [04:02<00:08,  7.41it/s, acc=78.7%, loss=0.391]
Epoch 3/3:  96%|█████████▌| 1561/1625 [04:02<00:08,  7.41it/s, acc=78.7%, loss=0.582]
Epoch 3/3:  96%|█████████▌| 1562/1625 [04:02<00:08,  7.47it/s, acc=78.7%, loss=0.582]
Epoch 3/3:  96%|█████████▌| 1562/1625 [04:02<00:08,  7.47it/s, acc=78.7%, loss=0.569]
Epoch 3/3:  96%|█████████▌| 1563/1625 [04:02<00:08,  7.66it/s, acc=78.7%, loss=0.569]
Epoch 3/3:  96%|█████████▌| 1563/1625 [04:03<00:08,  7.66it/s, acc=78.7%, loss=0.615]
Epoch 3/3:  96%|█████████▌| 1564/1625 [04:03<00:07,  7.65it/s, acc=78.7%, loss=0.615]
Epoch 3/3:  96%|█████████▌| 1564/1625 [04:03<00:07,  7.65it/s, acc=78.7%, loss=0.497]
Epoch 3/3:  96%|█████████▋| 1565/1625 [04:03<00:07,  7.91it/s, acc=78.7%, loss=0.497]
Epoch 3/3:  96%|█████████▋| 1565/1625 [04:03<00:07,  7.91it/s, acc=78.7%, loss=0.510]
Epoch 3/3:  96%|█████████▋| 1566/1625 [04:03<00:07,  7.54it/s, acc=78.7%, loss=0.510]
Epoch 3/3:  96%|█████████▋| 1566/1625 [04:03<00:07,  7.54it/s, acc=78.7%, loss=0.549]
Epoch 3/3:  96%|█████████▋| 1567/1625 [04:03<00:07,  7.85it/s, acc=78.7%, loss=0.549]
Epoch 3/3:  96%|█████████▋| 1567/1625 [04:03<00:07,  7.85it/s, acc=78.7%, loss=0.516]
Epoch 3/3:  96%|█████████▋| 1568/1625 [04:03<00:07,  7.96it/s, acc=78.7%, loss=0.516]
Epoch 3/3:  96%|█████████▋| 1568/1625 [04:03<00:07,  7.96it/s, acc=78.7%, loss=0.454]
Epoch 3/3:  97%|█████████▋| 1569/1625 [04:03<00:06,  8.12it/s, acc=78.7%, loss=0.454]
Epoch 3/3:  97%|█████████▋| 1569/1625 [04:03<00:06,  8.12it/s, acc=78.7%, loss=0.435]
Epoch 3/3:  97%|█████████▋| 1570/1625 [04:03<00:06,  8.25it/s, acc=78.7%, loss=0.435]
Epoch 3/3:  97%|█████████▋| 1570/1625 [04:04<00:06,  8.25it/s, acc=78.7%, loss=0.677]
Epoch 3/3:  97%|█████████▋| 1571/1625 [04:04<00:06,  7.90it/s, acc=78.7%, loss=0.677]
Epoch 3/3:  97%|█████████▋| 1571/1625 [04:04<00:06,  7.90it/s, acc=78.7%, loss=0.547]
Epoch 3/3:  97%|█████████▋| 1572/1625 [04:04<00:06,  7.75it/s, acc=78.7%, loss=0.547]
Epoch 3/3:  97%|█████████▋| 1572/1625 [04:04<00:06,  7.75it/s, acc=78.7%, loss=0.283]
Epoch 3/3:  97%|█████████▋| 1573/1625 [04:04<00:06,  7.70it/s, acc=78.7%, loss=0.283]
Epoch 3/3:  97%|█████████▋| 1573/1625 [04:04<00:06,  7.70it/s, acc=78.7%, loss=0.650]
Epoch 3/3:  97%|█████████▋| 1574/1625 [04:04<00:06,  8.07it/s, acc=78.7%, loss=0.650]
Epoch 3/3:  97%|█████████▋| 1574/1625 [04:04<00:06,  8.07it/s, acc=78.7%, loss=0.654]
Epoch 3/3:  97%|█████████▋| 1575/1625 [04:04<00:06,  7.82it/s, acc=78.7%, loss=0.654]
Epoch 3/3:  97%|█████████▋| 1575/1625 [04:04<00:06,  7.82it/s, acc=78.7%, loss=0.507]
Epoch 3/3:  97%|█████████▋| 1576/1625 [04:04<00:06,  8.05it/s, acc=78.7%, loss=0.507]
Epoch 3/3:  97%|█████████▋| 1576/1625 [04:04<00:06,  8.05it/s, acc=78.7%, loss=0.410]
Epoch 3/3:  97%|█████████▋| 1577/1625 [04:04<00:06,  8.00it/s, acc=78.7%, loss=0.410]
Epoch 3/3:  97%|█████████▋| 1577/1625 [04:04<00:06,  8.00it/s, acc=78.7%, loss=0.410]
Epoch 3/3:  97%|█████████▋| 1578/1625 [04:04<00:05,  7.90it/s, acc=78.7%, loss=0.410]
Epoch 3/3:  97%|█████████▋| 1578/1625 [04:04<00:05,  7.90it/s, acc=78.7%, loss=0.861]
Epoch 3/3:  97%|█████████▋| 1579/1625 [04:04<00:05,  8.23it/s, acc=78.7%, loss=0.861]
Epoch 3/3:  97%|█████████▋| 1579/1625 [04:05<00:05,  8.23it/s, acc=78.7%, loss=0.570]
Epoch 3/3:  97%|█████████▋| 1580/1625 [04:05<00:05,  8.36it/s, acc=78.7%, loss=0.570]
Epoch 3/3:  97%|█████████▋| 1580/1625 [04:05<00:05,  8.36it/s, acc=78.7%, loss=0.412]
Epoch 3/3:  97%|█████████▋| 1581/1625 [04:05<00:05,  8.17it/s, acc=78.7%, loss=0.412]
Epoch 3/3:  97%|█████████▋| 1581/1625 [04:05<00:05,  8.17it/s, acc=78.7%, loss=0.537]
Epoch 3/3:  97%|█████████▋| 1582/1625 [04:05<00:05,  7.82it/s, acc=78.7%, loss=0.537]
Epoch 3/3:  97%|█████████▋| 1582/1625 [04:05<00:05,  7.82it/s, acc=78.7%, loss=0.603]
Epoch 3/3:  97%|█████████▋| 1583/1625 [04:05<00:05,  7.82it/s, acc=78.7%, loss=0.603]
Epoch 3/3:  97%|█████████▋| 1583/1625 [04:05<00:05,  7.82it/s, acc=78.7%, loss=0.723]
Epoch 3/3:  97%|█████████▋| 1584/1625 [04:05<00:05,  7.75it/s, acc=78.7%, loss=0.723]
Epoch 3/3:  97%|█████████▋| 1584/1625 [04:05<00:05,  7.75it/s, acc=78.7%, loss=0.554]
Epoch 3/3:  98%|█████████▊| 1585/1625 [04:05<00:05,  7.72it/s, acc=78.7%, loss=0.554]
Epoch 3/3:  98%|█████████▊| 1585/1625 [04:05<00:05,  7.72it/s, acc=78.7%, loss=0.515]
Epoch 3/3:  98%|█████████▊| 1586/1625 [04:05<00:05,  7.57it/s, acc=78.7%, loss=0.515]
Epoch 3/3:  98%|█████████▊| 1586/1625 [04:06<00:05,  7.57it/s, acc=78.7%, loss=0.431]
Epoch 3/3:  98%|█████████▊| 1587/1625 [04:06<00:05,  7.58it/s, acc=78.7%, loss=0.431]
Epoch 3/3:  98%|█████████▊| 1587/1625 [04:06<00:05,  7.58it/s, acc=78.7%, loss=0.358]
Epoch 3/3:  98%|█████████▊| 1588/1625 [04:06<00:04,  8.12it/s, acc=78.7%, loss=0.358]
Epoch 3/3:  98%|█████████▊| 1588/1625 [04:06<00:04,  8.12it/s, acc=78.7%, loss=0.386]
Epoch 3/3:  98%|█████████▊| 1589/1625 [04:06<00:04,  8.40it/s, acc=78.7%, loss=0.386]
Epoch 3/3:  98%|█████████▊| 1589/1625 [04:06<00:04,  8.40it/s, acc=78.7%, loss=0.439]
Epoch 3/3:  98%|█████████▊| 1590/1625 [04:06<00:04,  8.63it/s, acc=78.7%, loss=0.439]
Epoch 3/3:  98%|█████████▊| 1590/1625 [04:06<00:04,  8.63it/s, acc=78.7%, loss=0.491]
Epoch 3/3:  98%|█████████▊| 1591/1625 [04:06<00:04,  8.03it/s, acc=78.7%, loss=0.491]
Epoch 3/3:  98%|█████████▊| 1591/1625 [04:06<00:04,  8.03it/s, acc=78.7%, loss=0.609]
Epoch 3/3:  98%|█████████▊| 1592/1625 [04:06<00:04,  7.12it/s, acc=78.7%, loss=0.609]
Epoch 3/3:  98%|█████████▊| 1592/1625 [04:06<00:04,  7.12it/s, acc=78.7%, loss=0.553]
Epoch 3/3:  98%|█████████▊| 1593/1625 [04:06<00:04,  6.79it/s, acc=78.7%, loss=0.553]
Epoch 3/3:  98%|█████████▊| 1593/1625 [04:06<00:04,  6.79it/s, acc=78.7%, loss=0.433]
Epoch 3/3:  98%|█████████▊| 1594/1625 [04:06<00:04,  6.86it/s, acc=78.7%, loss=0.433]
Epoch 3/3:  98%|█████████▊| 1594/1625 [04:07<00:04,  6.86it/s, acc=78.7%, loss=0.406]
Epoch 3/3:  98%|█████████▊| 1595/1625 [04:07<00:04,  6.89it/s, acc=78.7%, loss=0.406]
Epoch 3/3:  98%|█████████▊| 1595/1625 [04:07<00:04,  6.89it/s, acc=78.7%, loss=0.589]
Epoch 3/3:  98%|█████████▊| 1596/1625 [04:07<00:04,  6.96it/s, acc=78.7%, loss=0.589]
Epoch 3/3:  98%|█████████▊| 1596/1625 [04:07<00:04,  6.96it/s, acc=78.7%, loss=0.768]
Epoch 3/3:  98%|█████████▊| 1597/1625 [04:07<00:03,  7.08it/s, acc=78.7%, loss=0.768]
Epoch 3/3:  98%|█████████▊| 1597/1625 [04:07<00:03,  7.08it/s, acc=78.7%, loss=0.501]
Epoch 3/3:  98%|█████████▊| 1598/1625 [04:07<00:03,  7.10it/s, acc=78.7%, loss=0.501]
Epoch 3/3:  98%|█████████▊| 1598/1625 [04:07<00:03,  7.10it/s, acc=78.7%, loss=0.489]
Epoch 3/3:  98%|█████████▊| 1599/1625 [04:07<00:03,  7.30it/s, acc=78.7%, loss=0.489]
Epoch 3/3:  98%|█████████▊| 1599/1625 [04:07<00:03,  7.30it/s, acc=78.7%, loss=0.459]
Epoch 3/3:  98%|█████████▊| 1600/1625 [04:07<00:03,  7.46it/s, acc=78.7%, loss=0.459]
Epoch 3/3:  98%|█████████▊| 1600/1625 [04:07<00:03,  7.46it/s, acc=78.7%, loss=0.758]
Epoch 3/3:  99%|█████████▊| 1601/1625 [04:07<00:03,  7.34it/s, acc=78.7%, loss=0.758]
Epoch 3/3:  99%|█████████▊| 1601/1625 [04:08<00:03,  7.34it/s, acc=78.7%, loss=0.536]
Epoch 3/3:  99%|█████████▊| 1602/1625 [04:08<00:03,  7.30it/s, acc=78.7%, loss=0.536]
Epoch 3/3:  99%|█████████▊| 1602/1625 [04:08<00:03,  7.30it/s, acc=78.7%, loss=0.679]
Epoch 3/3:  99%|█████████▊| 1603/1625 [04:08<00:03,  7.30it/s, acc=78.7%, loss=0.679]
Epoch 3/3:  99%|█████████▊| 1603/1625 [04:08<00:03,  7.30it/s, acc=78.7%, loss=0.385]
Epoch 3/3:  99%|█████████▊| 1604/1625 [04:08<00:02,  7.37it/s, acc=78.7%, loss=0.385]
Epoch 3/3:  99%|█████████▊| 1604/1625 [04:08<00:02,  7.37it/s, acc=78.7%, loss=0.582]
Epoch 3/3:  99%|█████████▉| 1605/1625 [04:08<00:02,  7.30it/s, acc=78.7%, loss=0.582]
Epoch 3/3:  99%|█████████▉| 1605/1625 [04:08<00:02,  7.30it/s, acc=78.7%, loss=0.317]
Epoch 3/3:  99%|█████████▉| 1606/1625 [04:08<00:02,  7.41it/s, acc=78.7%, loss=0.317]
Epoch 3/3:  99%|█████████▉| 1606/1625 [04:08<00:02,  7.41it/s, acc=78.7%, loss=0.371]
Epoch 3/3:  99%|█████████▉| 1607/1625 [04:08<00:02,  7.39it/s, acc=78.7%, loss=0.371]
Epoch 3/3:  99%|█████████▉| 1607/1625 [04:08<00:02,  7.39it/s, acc=78.7%, loss=0.587]
Epoch 3/3:  99%|█████████▉| 1608/1625 [04:08<00:02,  7.03it/s, acc=78.7%, loss=0.587]
Epoch 3/3:  99%|█████████▉| 1608/1625 [04:09<00:02,  7.03it/s, acc=78.7%, loss=0.483]
Epoch 3/3:  99%|█████████▉| 1609/1625 [04:09<00:02,  7.53it/s, acc=78.7%, loss=0.483]
Epoch 3/3:  99%|█████████▉| 1609/1625 [04:09<00:02,  7.53it/s, acc=78.7%, loss=0.706]
Epoch 3/3:  99%|█████████▉| 1610/1625 [04:09<00:02,  7.44it/s, acc=78.7%, loss=0.706]
Epoch 3/3:  99%|█████████▉| 1610/1625 [04:09<00:02,  7.44it/s, acc=78.7%, loss=0.355]
Epoch 3/3:  99%|█████████▉| 1611/1625 [04:09<00:01,  7.72it/s, acc=78.7%, loss=0.355]
Epoch 3/3:  99%|█████████▉| 1611/1625 [04:09<00:01,  7.72it/s, acc=78.7%, loss=0.409]
Epoch 3/3:  99%|█████████▉| 1612/1625 [04:09<00:01,  7.88it/s, acc=78.7%, loss=0.409]
Epoch 3/3:  99%|█████████▉| 1612/1625 [04:09<00:01,  7.88it/s, acc=78.7%, loss=0.631]
Epoch 3/3:  99%|█████████▉| 1613/1625 [04:09<00:01,  7.78it/s, acc=78.7%, loss=0.631]
Epoch 3/3:  99%|█████████▉| 1613/1625 [04:09<00:01,  7.78it/s, acc=78.7%, loss=0.560]
Epoch 3/3:  99%|█████████▉| 1614/1625 [04:09<00:01,  8.07it/s, acc=78.7%, loss=0.560]
Epoch 3/3:  99%|█████████▉| 1614/1625 [04:09<00:01,  8.07it/s, acc=78.7%, loss=0.536]
Epoch 3/3:  99%|█████████▉| 1615/1625 [04:09<00:01,  7.59it/s, acc=78.7%, loss=0.536]
Epoch 3/3:  99%|█████████▉| 1615/1625 [04:09<00:01,  7.59it/s, acc=78.7%, loss=0.548]
Epoch 3/3:  99%|█████████▉| 1616/1625 [04:09<00:01,  7.44it/s, acc=78.7%, loss=0.548]
Epoch 3/3:  99%|█████████▉| 1616/1625 [04:10<00:01,  7.44it/s, acc=78.7%, loss=0.319]
Epoch 3/3: 100%|█████████▉| 1617/1625 [04:10<00:01,  7.22it/s, acc=78.7%, loss=0.319]
Epoch 3/3: 100%|█████████▉| 1617/1625 [04:10<00:01,  7.22it/s, acc=78.7%, loss=0.438]
Epoch 3/3: 100%|█████████▉| 1618/1625 [04:10<00:00,  7.63it/s, acc=78.7%, loss=0.438]
Epoch 3/3: 100%|█████████▉| 1618/1625 [04:10<00:00,  7.63it/s, acc=78.7%, loss=0.912]
Epoch 3/3: 100%|█████████▉| 1619/1625 [04:10<00:00,  7.89it/s, acc=78.7%, loss=0.912]
Epoch 3/3: 100%|█████████▉| 1619/1625 [04:10<00:00,  7.89it/s, acc=78.7%, loss=0.609]
Epoch 3/3: 100%|█████████▉| 1620/1625 [04:10<00:00,  7.73it/s, acc=78.7%, loss=0.609]
Epoch 3/3: 100%|█████████▉| 1620/1625 [04:10<00:00,  7.73it/s, acc=78.7%, loss=0.389]
Epoch 3/3: 100%|█████████▉| 1621/1625 [04:10<00:00,  7.41it/s, acc=78.7%, loss=0.389]
Epoch 3/3: 100%|█████████▉| 1621/1625 [04:10<00:00,  7.41it/s, acc=78.7%, loss=0.436]
Epoch 3/3: 100%|█████████▉| 1622/1625 [04:10<00:00,  7.52it/s, acc=78.7%, loss=0.436]
Epoch 3/3: 100%|█████████▉| 1622/1625 [04:10<00:00,  7.52it/s, acc=78.7%, loss=0.511]
Epoch 3/3: 100%|█████████▉| 1623/1625 [04:10<00:00,  8.07it/s, acc=78.7%, loss=0.511]
Epoch 3/3: 100%|█████████▉| 1623/1625 [04:10<00:00,  8.07it/s, acc=78.7%, loss=0.556]
Epoch 3/3: 100%|█████████▉| 1624/1625 [04:10<00:00,  8.06it/s, acc=78.7%, loss=0.556]
Epoch 3/3: 100%|█████████▉| 1624/1625 [04:11<00:00,  8.06it/s, acc=78.7%, loss=0.477]
Epoch 3/3: 100%|██████████| 1625/1625 [04:11<00:00,  7.98it/s, acc=78.7%, loss=0.477]
                                                                                     
  E3 | train loss=0.5317 acc=78.71% | val loss=0.9330259788237184 acc=64.26648203707977  [14.8 min]

✅ Saved backbone  -> /mnt/nfs/maokao_2/Desktop/lee/aitown_addsacf (copy)/emotion_system/models/mmaffin_pretrain_backbone.pt
   Saved log       -> /mnt/nfs/maokao_2/Desktop/lee/aitown_addsacf (copy)/emotion_system/models/mmaffin_pretrain_log.json
   best val acc    = 64.72%
   total time      = 14.8 min
